ISO-10303-21;
HEADER;
/* Generated by software containing ST-Developer
 * from STEP Tools, Inc. (www.steptools.com) 
 */
/* OPTION: using custom renumber hook */

FILE_DESCRIPTION(
/* description */ ('STEP AP242 Edition 2',
'CAx-IF Rec.Pracs.---Representation and Presentation of Product Manufa
cturing Information (PMI)---4.0---2014-10-13',
'CAx-IF Rec.Pracs.---3D Tessellated Geometry---0.4---2014-09-14','2;1',
'CAx-IF Rec.Pracs.---User Defined Attributes---1.5---2016-08-15'),
/* implementation_level */ '2;1');

FILE_NAME(
/* name */ 'Part Studio 2 - Part 1',
/* time_stamp */ '2026-09-17T18:46:23Z',
/* author */ (''),
/* organization */ (''),
/* preprocessor_version */ 'ST-DEVELOPER v20',
/* originating_system */ 'ONSHAPE BY PTC INC, 1.220',
/* authorisation */ '  ');

FILE_SCHEMA (('AP242_MANAGED_MODEL_BASED_3D_ENGINEERING_MIM_LF { 1 0 10303 442 3 1 4 }'));
ENDSEC;

DATA;
#10=SHAPE_REPRESENTATION_RELATIONSHIP('','',#1851,#11);
#11=ADVANCED_BREP_SHAPE_REPRESENTATION('',(#1849),#3915);
#12=B_SPLINE_SURFACE_WITH_KNOTS('',3,3,((#2704,#2705,#2706,#2707,#2708,
#2709,#2710,#2711),(#2712,#2713,#2714,#2715,#2716,#2717,#2718,#2719),(#2720,
#2721,#2722,#2723,#2724,#2725,#2726,#2727),(#2728,#2729,#2730,#2731,#2732,
#2733,#2734,#2735),(#2736,#2737,#2738,#2739,#2740,#2741,#2742,#2743),(#2744,
#2745,#2746,#2747,#2748,#2749,#2750,#2751),(#2752,#2753,#2754,#2755,#2756,
#2757,#2758,#2759),(#2760,#2761,#2762,#2763,#2764,#2765,#2766,#2767)),
 .UNSPECIFIED.,.F.,.F.,.F.,(4,2,2,4),(4,2,2,4),(0.,0.25,0.5,1.),(0.,0.25,
0.5,1.),.UNSPECIFIED.);
#13=B_SPLINE_SURFACE_WITH_KNOTS('',3,3,((#2795,#2796,#2797,#2798,#2799,
#2800,#2801,#2802),(#2803,#2804,#2805,#2806,#2807,#2808,#2809,#2810),(#2811,
#2812,#2813,#2814,#2815,#2816,#2817,#2818),(#2819,#2820,#2821,#2822,#2823,
#2824,#2825,#2826),(#2827,#2828,#2829,#2830,#2831,#2832,#2833,#2834),(#2835,
#2836,#2837,#2838,#2839,#2840,#2841,#2842),(#2843,#2844,#2845,#2846,#2847,
#2848,#2849,#2850),(#2851,#2852,#2853,#2854,#2855,#2856,#2857,#2858)),
 .UNSPECIFIED.,.F.,.F.,.F.,(4,2,2,4),(4,2,2,4),(0.,0.25,0.5,1.),(0.,0.25,
0.5,1.),.UNSPECIFIED.);
#14=B_SPLINE_SURFACE_WITH_KNOTS('',3,3,((#2876,#2877,#2878,#2879,#2880,
#2881,#2882,#2883),(#2884,#2885,#2886,#2887,#2888,#2889,#2890,#2891),(#2892,
#2893,#2894,#2895,#2896,#2897,#2898,#2899),(#2900,#2901,#2902,#2903,#2904,
#2905,#2906,#2907),(#2908,#2909,#2910,#2911,#2912,#2913,#2914,#2915),(#2916,
#2917,#2918,#2919,#2920,#2921,#2922,#2923),(#2924,#2925,#2926,#2927,#2928,
#2929,#2930,#2931),(#2932,#2933,#2934,#2935,#2936,#2937,#2938,#2939)),
 .UNSPECIFIED.,.F.,.F.,.F.,(4,2,2,4),(4,2,2,4),(0.,0.25,0.5,1.),(0.,0.25,
0.5,1.),.UNSPECIFIED.);
#15=B_SPLINE_SURFACE_WITH_KNOTS('',3,3,((#2967,#2968,#2969,#2970,#2971,
#2972,#2973,#2974),(#2975,#2976,#2977,#2978,#2979,#2980,#2981,#2982),(#2983,
#2984,#2985,#2986,#2987,#2988,#2989,#2990),(#2991,#2992,#2993,#2994,#2995,
#2996,#2997,#2998),(#2999,#3000,#3001,#3002,#3003,#3004,#3005,#3006),(#3007,
#3008,#3009,#3010,#3011,#3012,#3013,#3014),(#3015,#3016,#3017,#3018,#3019,
#3020,#3021,#3022),(#3023,#3024,#3025,#3026,#3027,#3028,#3029,#3030)),
 .UNSPECIFIED.,.F.,.F.,.F.,(4,2,2,4),(4,2,2,4),(0.,0.25,0.5,1.),(0.,0.25,
0.5,1.),.UNSPECIFIED.);
#16=B_SPLINE_SURFACE_WITH_KNOTS('',3,3,((#3048,#3049,#3050,#3051,#3052,
#3053,#3054,#3055),(#3056,#3057,#3058,#3059,#3060,#3061,#3062,#3063),(#3064,
#3065,#3066,#3067,#3068,#3069,#3070,#3071),(#3072,#3073,#3074,#3075,#3076,
#3077,#3078,#3079),(#3080,#3081,#3082,#3083,#3084,#3085,#3086,#3087),(#3088,
#3089,#3090,#3091,#3092,#3093,#3094,#3095),(#3096,#3097,#3098,#3099,#3100,
#3101,#3102,#3103),(#3104,#3105,#3106,#3107,#3108,#3109,#3110,#3111)),
 .UNSPECIFIED.,.F.,.F.,.F.,(4,2,2,4),(4,2,2,4),(0.,0.25,0.5,1.),(0.,0.25,
0.5,1.),.UNSPECIFIED.);
#17=B_SPLINE_SURFACE_WITH_KNOTS('',3,3,((#3139,#3140,#3141,#3142,#3143,
#3144,#3145,#3146),(#3147,#3148,#3149,#3150,#3151,#3152,#3153,#3154),(#3155,
#3156,#3157,#3158,#3159,#3160,#3161,#3162),(#3163,#3164,#3165,#3166,#3167,
#3168,#3169,#3170),(#3171,#3172,#3173,#3174,#3175,#3176,#3177,#3178),(#3179,
#3180,#3181,#3182,#3183,#3184,#3185,#3186),(#3187,#3188,#3189,#3190,#3191,
#3192,#3193,#3194),(#3195,#3196,#3197,#3198,#3199,#3200,#3201,#3202)),
 .UNSPECIFIED.,.F.,.F.,.F.,(4,2,2,4),(4,2,2,4),(0.,0.25,0.5,1.),(0.,0.25,
0.5,1.),.UNSPECIFIED.);
#18=B_SPLINE_SURFACE_WITH_KNOTS('',3,3,((#3220,#3221,#3222,#3223,#3224,
#3225,#3226,#3227),(#3228,#3229,#3230,#3231,#3232,#3233,#3234,#3235),(#3236,
#3237,#3238,#3239,#3240,#3241,#3242,#3243),(#3244,#3245,#3246,#3247,#3248,
#3249,#3250,#3251),(#3252,#3253,#3254,#3255,#3256,#3257,#3258,#3259),(#3260,
#3261,#3262,#3263,#3264,#3265,#3266,#3267),(#3268,#3269,#3270,#3271,#3272,
#3273,#3274,#3275),(#3276,#3277,#3278,#3279,#3280,#3281,#3282,#3283)),
 .UNSPECIFIED.,.F.,.F.,.F.,(4,2,2,4),(4,2,2,4),(0.,0.25,0.5,1.),(0.,0.25,
0.5,1.),.UNSPECIFIED.);
#19=B_SPLINE_SURFACE_WITH_KNOTS('',3,3,((#3311,#3312,#3313,#3314,#3315,
#3316,#3317,#3318),(#3319,#3320,#3321,#3322,#3323,#3324,#3325,#3326),(#3327,
#3328,#3329,#3330,#3331,#3332,#3333,#3334),(#3335,#3336,#3337,#3338,#3339,
#3340,#3341,#3342),(#3343,#3344,#3345,#3346,#3347,#3348,#3349,#3350),(#3351,
#3352,#3353,#3354,#3355,#3356,#3357,#3358),(#3359,#3360,#3361,#3362,#3363,
#3364,#3365,#3366),(#3367,#3368,#3369,#3370,#3371,#3372,#3373,#3374)),
 .UNSPECIFIED.,.F.,.F.,.F.,(4,2,2,4),(4,2,2,4),(0.,0.25,0.5,1.),(0.,0.25,
0.5,1.),.UNSPECIFIED.);
#20=B_SPLINE_SURFACE_WITH_KNOTS('',3,1,((#3392,#3393),(#3394,#3395),(#3396,
#3397),(#3398,#3399)),.SURF_OF_LINEAR_EXTRUSION.,.F.,.F.,.F.,(4,4),(2,2),
(-9.25651398911024E-14,1.00000000000001),(0.,1.),
 .PIECEWISE_BEZIER_KNOTS.);
#21=B_SPLINE_SURFACE_WITH_KNOTS('',3,3,((#3404,#3405,#3406,#3407,#3408,
#3409,#3410,#3411),(#3412,#3413,#3414,#3415,#3416,#3417,#3418,#3419),(#3420,
#3421,#3422,#3423,#3424,#3425,#3426,#3427),(#3428,#3429,#3430,#3431,#3432,
#3433,#3434,#3435),(#3436,#3437,#3438,#3439,#3440,#3441,#3442,#3443),(#3444,
#3445,#3446,#3447,#3448,#3449,#3450,#3451),(#3452,#3453,#3454,#3455,#3456,
#3457,#3458,#3459),(#3460,#3461,#3462,#3463,#3464,#3465,#3466,#3467)),
 .UNSPECIFIED.,.F.,.F.,.F.,(4,2,2,4),(4,2,2,4),(0.,0.25,0.5,1.),(0.,0.25,
0.5,1.),.UNSPECIFIED.);
#22=B_SPLINE_SURFACE_WITH_KNOTS('',3,1,((#3472,#3473),(#3474,#3475),(#3476,
#3477),(#3478,#3479)),.SURF_OF_LINEAR_EXTRUSION.,.F.,.F.,.F.,(4,4),(2,2),
(-6.40511386800254E-14,1.00000000000003),(0.,1.),
 .PIECEWISE_BEZIER_KNOTS.);
#23=B_SPLINE_SURFACE_WITH_KNOTS('',3,1,((#3480,#3481),(#3482,#3483),(#3484,
#3485),(#3486,#3487)),.SURF_OF_LINEAR_EXTRUSION.,.F.,.F.,.F.,(4,4),(2,2),
(-1.07467406213567E-14,1.00000000000009),(0.,1.),
 .PIECEWISE_BEZIER_KNOTS.);
#24=B_SPLINE_SURFACE_WITH_KNOTS('',3,1,((#3492,#3493),(#3494,#3495),(#3496,
#3497),(#3498,#3499)),.SURF_OF_LINEAR_EXTRUSION.,.F.,.F.,.F.,(4,4),(2,2),
(-1.03713625067523E-14,1.00000000000006),(0.,1.),
 .PIECEWISE_BEZIER_KNOTS.);
#25=B_SPLINE_SURFACE_WITH_KNOTS('',3,1,((#3504,#3505),(#3506,#3507),(#3508,
#3509),(#3510,#3511)),.SURF_OF_LINEAR_EXTRUSION.,.F.,.F.,.F.,(4,4),(2,2),
(-3.12372990261619E-14,1.00000000000004),(0.,1.),
 .PIECEWISE_BEZIER_KNOTS.);
#26=B_SPLINE_SURFACE_WITH_KNOTS('',3,3,((#3516,#3517,#3518,#3519,#3520,
#3521,#3522,#3523),(#3524,#3525,#3526,#3527,#3528,#3529,#3530,#3531),(#3532,
#3533,#3534,#3535,#3536,#3537,#3538,#3539),(#3540,#3541,#3542,#3543,#3544,
#3545,#3546,#3547),(#3548,#3549,#3550,#3551,#3552,#3553,#3554,#3555),(#3556,
#3557,#3558,#3559,#3560,#3561,#3562,#3563),(#3564,#3565,#3566,#3567,#3568,
#3569,#3570,#3571),(#3572,#3573,#3574,#3575,#3576,#3577,#3578,#3579)),
 .UNSPECIFIED.,.F.,.F.,.F.,(4,2,2,4),(4,2,2,4),(0.,0.25,0.5,1.),(0.,0.25,
0.5,1.),.UNSPECIFIED.);
#27=B_SPLINE_SURFACE_WITH_KNOTS('',3,3,((#3584,#3585,#3586,#3587,#3588,
#3589,#3590,#3591),(#3592,#3593,#3594,#3595,#3596,#3597,#3598,#3599),(#3600,
#3601,#3602,#3603,#3604,#3605,#3606,#3607),(#3608,#3609,#3610,#3611,#3612,
#3613,#3614,#3615),(#3616,#3617,#3618,#3619,#3620,#3621,#3622,#3623),(#3624,
#3625,#3626,#3627,#3628,#3629,#3630,#3631),(#3632,#3633,#3634,#3635,#3636,
#3637,#3638,#3639),(#3640,#3641,#3642,#3643,#3644,#3645,#3646,#3647)),
 .UNSPECIFIED.,.F.,.F.,.F.,(4,2,2,4),(4,2,2,4),(0.,0.25,0.5,1.),(0.,0.25,
0.5,1.),.UNSPECIFIED.);
#28=B_SPLINE_SURFACE_WITH_KNOTS('',3,1,((#3652,#3653),(#3654,#3655),(#3656,
#3657),(#3658,#3659)),.SURF_OF_LINEAR_EXTRUSION.,.F.,.F.,.F.,(4,4),(2,2),
(-1.04049652225382E-14,1.00000000000005),(0.,1.),
 .PIECEWISE_BEZIER_KNOTS.);
#29=B_SPLINE_SURFACE_WITH_KNOTS('',3,1,((#3660,#3661),(#3662,#3663),(#3664,
#3665),(#3666,#3667)),.SURF_OF_LINEAR_EXTRUSION.,.F.,.F.,.F.,(4,4),(2,2),
(-6.59184361135186E-15,1.00000000000001),(0.,1.),
 .PIECEWISE_BEZIER_KNOTS.);
#30=B_SPLINE_SURFACE_WITH_KNOTS('',3,3,((#3672,#3673,#3674,#3675,#3676,
#3677,#3678,#3679),(#3680,#3681,#3682,#3683,#3684,#3685,#3686,#3687),(#3688,
#3689,#3690,#3691,#3692,#3693,#3694,#3695),(#3696,#3697,#3698,#3699,#3700,
#3701,#3702,#3703),(#3704,#3705,#3706,#3707,#3708,#3709,#3710,#3711),(#3712,
#3713,#3714,#3715,#3716,#3717,#3718,#3719),(#3720,#3721,#3722,#3723,#3724,
#3725,#3726,#3727),(#3728,#3729,#3730,#3731,#3732,#3733,#3734,#3735)),
 .UNSPECIFIED.,.F.,.F.,.F.,(4,2,2,4),(4,2,2,4),(0.,0.25,0.5,1.),(0.,0.25,
0.5,1.),.UNSPECIFIED.);
#31=B_SPLINE_SURFACE_WITH_KNOTS('',3,1,((#3740,#3741),(#3742,#3743),(#3744,
#3745),(#3746,#3747)),.SURF_OF_LINEAR_EXTRUSION.,.F.,.F.,.F.,(4,4),(2,2),
(-1.6315572754709E-14,1.00000000000003),(0.,1.),
 .PIECEWISE_BEZIER_KNOTS.);
#32=B_SPLINE_SURFACE_WITH_KNOTS('',3,1,((#3748,#3749),(#3750,#3751),(#3752,
#3753),(#3754,#3755)),.SURF_OF_LINEAR_EXTRUSION.,.F.,.F.,.F.,(4,4),(2,2),
(-7.73972915383967E-15,1.00000000000001),(0.,1.),
 .PIECEWISE_BEZIER_KNOTS.);
#33=B_SPLINE_SURFACE_WITH_KNOTS('',3,1,((#3764,#3765),(#3766,#3767),(#3768,
#3769),(#3770,#3771)),.SURF_OF_LINEAR_EXTRUSION.,.F.,.F.,.F.,(4,4),(2,2),
(-1.20260258191003E-14,1.00000000000002),(0.,1.),
 .PIECEWISE_BEZIER_KNOTS.);
#34=B_SPLINE_SURFACE_WITH_KNOTS('',3,1,((#3776,#3777),(#3778,#3779),(#3780,
#3781),(#3782,#3783)),.SURF_OF_LINEAR_EXTRUSION.,.F.,.F.,.F.,(4,4),(2,2),
(-1.5987988250205E-15,1.00000000000002),(0.,1.),
 .PIECEWISE_BEZIER_KNOTS.);
#35=B_SPLINE_SURFACE_WITH_KNOTS('',3,1,((#3788,#3789),(#3790,#3791),(#3792,
#3793),(#3794,#3795)),.SURF_OF_LINEAR_EXTRUSION.,.F.,.F.,.F.,(4,4),(2,2),
(-1.14787605813566E-14,1.00000000000002),(0.,1.),
 .PIECEWISE_BEZIER_KNOTS.);
#36=CIRCLE('',#1871,0.0023);
#37=CIRCLE('',#1872,0.0023);
#38=CIRCLE('',#1876,0.0023);
#39=CIRCLE('',#1877,0.0023);
#40=CIRCLE('',#1883,0.0023);
#41=CIRCLE('',#1884,0.0023);
#42=CIRCLE('',#1888,0.0023);
#43=CIRCLE('',#1889,0.0023);
#44=CYLINDRICAL_SURFACE('',#1870,0.0023);
#45=CYLINDRICAL_SURFACE('',#1875,0.0023);
#46=CYLINDRICAL_SURFACE('',#1882,0.0023);
#47=CYLINDRICAL_SURFACE('',#1887,0.0023);
#48=B_SPLINE_CURVE_WITH_KNOTS('',3,(#2358,#2359,#2360,#2361),
 .UNSPECIFIED.,.F.,.F.,(4,4),(0.,1.),.UNSPECIFIED.);
#49=B_SPLINE_CURVE_WITH_KNOTS('',3,(#2363,#2364,#2365,#2366),
 .UNSPECIFIED.,.F.,.F.,(4,4),(0.,1.),.UNSPECIFIED.);
#50=B_SPLINE_CURVE_WITH_KNOTS('',3,(#2368,#2369,#2370,#2371),
 .UNSPECIFIED.,.F.,.F.,(4,4),(0.,1.),.UNSPECIFIED.);
#51=B_SPLINE_CURVE_WITH_KNOTS('',3,(#2421,#2422,#2423,#2424),
 .UNSPECIFIED.,.F.,.F.,(4,4),(0.,1.),.UNSPECIFIED.);
#52=B_SPLINE_CURVE_WITH_KNOTS('',3,(#2427,#2428,#2429,#2430),
 .UNSPECIFIED.,.F.,.F.,(4,4),(0.,1.),.UNSPECIFIED.);
#53=B_SPLINE_CURVE_WITH_KNOTS('',3,(#2434,#2435,#2436,#2437),
 .UNSPECIFIED.,.F.,.F.,(4,4),(0.,1.),.UNSPECIFIED.);
#54=B_SPLINE_CURVE_WITH_KNOTS('',3,(#2460,#2461,#2462,#2463),
 .UNSPECIFIED.,.F.,.F.,(4,4),(0.,1.),.UNSPECIFIED.);
#55=B_SPLINE_CURVE_WITH_KNOTS('',3,(#2483,#2484,#2485,#2486),
 .UNSPECIFIED.,.F.,.F.,(4,4),(0.,1.),.UNSPECIFIED.);
#56=B_SPLINE_CURVE_WITH_KNOTS('',3,(#2514,#2515,#2516,#2517),
 .UNSPECIFIED.,.F.,.F.,(4,4),(0.,1.),.UNSPECIFIED.);
#57=B_SPLINE_CURVE_WITH_KNOTS('',3,(#2520,#2521,#2522,#2523),
 .UNSPECIFIED.,.F.,.F.,(4,4),(0.,1.),.UNSPECIFIED.);
#58=B_SPLINE_CURVE_WITH_KNOTS('',3,(#2525,#2526,#2527,#2528),
 .UNSPECIFIED.,.F.,.F.,(4,4),(0.845403827813584,1.),.UNSPECIFIED.);
#59=B_SPLINE_CURVE_WITH_KNOTS('',3,(#2530,#2531,#2532,#2533),
 .UNSPECIFIED.,.F.,.F.,(4,4),(0.,1.),.UNSPECIFIED.);
#60=B_SPLINE_CURVE_WITH_KNOTS('',3,(#2537,#2538,#2539,#2540),
 .UNSPECIFIED.,.F.,.F.,(4,4),(0.,1.),.UNSPECIFIED.);
#61=B_SPLINE_CURVE_WITH_KNOTS('',3,(#2542,#2543,#2544,#2545),
 .UNSPECIFIED.,.F.,.F.,(4,4),(0.,0.157081134180595),.UNSPECIFIED.);
#62=B_SPLINE_CURVE_WITH_KNOTS('',3,(#2547,#2548,#2549,#2550),
 .UNSPECIFIED.,.F.,.F.,(4,4),(0.,1.),.UNSPECIFIED.);
#63=B_SPLINE_CURVE_WITH_KNOTS('',3,(#2555,#2556,#2557,#2558),
 .UNSPECIFIED.,.F.,.F.,(4,4),(0.,1.),.UNSPECIFIED.);
#64=B_SPLINE_CURVE_WITH_KNOTS('',3,(#2560,#2561,#2562,#2563),
 .UNSPECIFIED.,.F.,.F.,(4,4),(0.,1.),.UNSPECIFIED.);
#65=B_SPLINE_CURVE_WITH_KNOTS('',3,(#2565,#2566,#2567,#2568),
 .UNSPECIFIED.,.F.,.F.,(4,4),(0.,1.),.UNSPECIFIED.);
#66=B_SPLINE_CURVE_WITH_KNOTS('',3,(#2570,#2571,#2572,#2573),
 .UNSPECIFIED.,.F.,.F.,(4,4),(0.,1.),.UNSPECIFIED.);
#67=B_SPLINE_CURVE_WITH_KNOTS('',3,(#2576,#2577,#2578,#2579),
 .UNSPECIFIED.,.F.,.F.,(4,4),(0.,1.),.UNSPECIFIED.);
#68=B_SPLINE_CURVE_WITH_KNOTS('',3,(#2581,#2582,#2583,#2584),
 .UNSPECIFIED.,.F.,.F.,(4,4),(0.,1.),.UNSPECIFIED.);
#69=B_SPLINE_CURVE_WITH_KNOTS('',3,(#2586,#2587,#2588,#2589),
 .UNSPECIFIED.,.F.,.F.,(4,4),(0.,1.),.UNSPECIFIED.);
#70=B_SPLINE_CURVE_WITH_KNOTS('',3,(#2591,#2592,#2593,#2594),
 .UNSPECIFIED.,.F.,.F.,(4,4),(0.,1.),.UNSPECIFIED.);
#71=B_SPLINE_CURVE_WITH_KNOTS('',3,(#2628,#2629,#2630,#2631),
 .UNSPECIFIED.,.F.,.F.,(4,4),(0.,1.),.UNSPECIFIED.);
#72=B_SPLINE_CURVE_WITH_KNOTS('',3,(#2632,#2633,#2634,#2635),
 .UNSPECIFIED.,.F.,.F.,(4,4),(0.,1.),.UNSPECIFIED.);
#73=B_SPLINE_CURVE_WITH_KNOTS('',3,(#2636,#2637,#2638,#2639),
 .UNSPECIFIED.,.F.,.F.,(4,4),(0.,1.),.UNSPECIFIED.);
#74=B_SPLINE_CURVE_WITH_KNOTS('',3,(#2640,#2641,#2642,#2643),
 .UNSPECIFIED.,.F.,.F.,(4,4),(0.,1.),.UNSPECIFIED.);
#75=B_SPLINE_CURVE_WITH_KNOTS('',3,(#2700,#2701,#2702,#2703),
 .UNSPECIFIED.,.F.,.F.,(4,4),(0.,1.),.UNSPECIFIED.);
#76=B_SPLINE_CURVE_WITH_KNOTS('',3,(#2768,#2769,#2770,#2771,#2772,#2773,
#2774,#2775),.UNSPECIFIED.,.F.,.F.,(4,2,2,4),(0.,0.25,0.5,1.),
 .UNSPECIFIED.);
#77=B_SPLINE_CURVE_WITH_KNOTS('',3,(#2778,#2779,#2780,#2781),
 .UNSPECIFIED.,.F.,.F.,(4,4),(0.,1.),.UNSPECIFIED.);
#78=B_SPLINE_CURVE_WITH_KNOTS('',3,(#2782,#2783,#2784,#2785),
 .UNSPECIFIED.,.F.,.F.,(4,4),(0.,1.),.UNSPECIFIED.);
#79=B_SPLINE_CURVE_WITH_KNOTS('',3,(#2787,#2788,#2789,#2790,#2791,#2792,
#2793,#2794),.UNSPECIFIED.,.F.,.F.,(4,2,2,4),(0.,0.25,0.5,1.),
 .UNSPECIFIED.);
#80=B_SPLINE_CURVE_WITH_KNOTS('',3,(#2859,#2860,#2861,#2862),
 .UNSPECIFIED.,.F.,.F.,(4,4),(0.,1.),.UNSPECIFIED.);
#81=B_SPLINE_CURVE_WITH_KNOTS('',3,(#2863,#2864,#2865,#2866),
 .UNSPECIFIED.,.F.,.F.,(4,4),(0.,1.),.UNSPECIFIED.);
#82=B_SPLINE_CURVE_WITH_KNOTS('',3,(#2868,#2869,#2870,#2871,#2872,#2873,
#2874,#2875),.UNSPECIFIED.,.F.,.F.,(4,2,2,4),(0.,0.25,0.5,1.),
 .UNSPECIFIED.);
#83=B_SPLINE_CURVE_WITH_KNOTS('',3,(#2940,#2941,#2942,#2943,#2944,#2945,
#2946,#2947),.UNSPECIFIED.,.F.,.F.,(4,2,2,4),(0.,0.25,0.5,1.),
 .UNSPECIFIED.);
#84=B_SPLINE_CURVE_WITH_KNOTS('',3,(#2950,#2951,#2952,#2953),
 .UNSPECIFIED.,.F.,.F.,(4,4),(0.,1.),.UNSPECIFIED.);
#85=B_SPLINE_CURVE_WITH_KNOTS('',3,(#2954,#2955,#2956,#2957),
 .UNSPECIFIED.,.F.,.F.,(4,4),(0.,1.),.UNSPECIFIED.);
#86=B_SPLINE_CURVE_WITH_KNOTS('',3,(#2959,#2960,#2961,#2962,#2963,#2964,
#2965,#2966),.UNSPECIFIED.,.F.,.F.,(4,2,2,4),(0.,0.25,0.5,1.),
 .UNSPECIFIED.);
#87=B_SPLINE_CURVE_WITH_KNOTS('',3,(#3031,#3032,#3033,#3034),
 .UNSPECIFIED.,.F.,.F.,(4,4),(0.,1.),.UNSPECIFIED.);
#88=B_SPLINE_CURVE_WITH_KNOTS('',3,(#3035,#3036,#3037,#3038),
 .UNSPECIFIED.,.F.,.F.,(4,4),(0.,1.),.UNSPECIFIED.);
#89=B_SPLINE_CURVE_WITH_KNOTS('',3,(#3040,#3041,#3042,#3043,#3044,#3045,
#3046,#3047),.UNSPECIFIED.,.F.,.F.,(4,2,2,4),(0.,0.25,0.5,1.),
 .UNSPECIFIED.);
#90=B_SPLINE_CURVE_WITH_KNOTS('',3,(#3112,#3113,#3114,#3115,#3116,#3117,
#3118,#3119),.UNSPECIFIED.,.F.,.F.,(4,2,2,4),(0.,0.25,0.5,1.),
 .UNSPECIFIED.);
#91=B_SPLINE_CURVE_WITH_KNOTS('',3,(#3122,#3123,#3124,#3125),
 .UNSPECIFIED.,.F.,.F.,(4,4),(0.,1.),.UNSPECIFIED.);
#92=B_SPLINE_CURVE_WITH_KNOTS('',3,(#3126,#3127,#3128,#3129),
 .UNSPECIFIED.,.F.,.F.,(4,4),(0.,1.),.UNSPECIFIED.);
#93=B_SPLINE_CURVE_WITH_KNOTS('',3,(#3131,#3132,#3133,#3134,#3135,#3136,
#3137,#3138),.UNSPECIFIED.,.F.,.F.,(4,2,2,4),(0.,0.25,0.5,1.),
 .UNSPECIFIED.);
#94=B_SPLINE_CURVE_WITH_KNOTS('',3,(#3203,#3204,#3205,#3206),
 .UNSPECIFIED.,.F.,.F.,(4,4),(0.,1.),.UNSPECIFIED.);
#95=B_SPLINE_CURVE_WITH_KNOTS('',3,(#3207,#3208,#3209,#3210),
 .UNSPECIFIED.,.F.,.F.,(4,4),(0.,1.),.UNSPECIFIED.);
#96=B_SPLINE_CURVE_WITH_KNOTS('',3,(#3212,#3213,#3214,#3215,#3216,#3217,
#3218,#3219),.UNSPECIFIED.,.F.,.F.,(4,2,2,4),(0.,0.25,0.5,1.),
 .UNSPECIFIED.);
#97=B_SPLINE_CURVE_WITH_KNOTS('',3,(#3284,#3285,#3286,#3287,#3288,#3289,
#3290,#3291),.UNSPECIFIED.,.F.,.F.,(4,2,2,4),(0.,0.25,0.5,1.),
 .UNSPECIFIED.);
#98=B_SPLINE_CURVE_WITH_KNOTS('',3,(#3294,#3295,#3296,#3297),
 .UNSPECIFIED.,.F.,.F.,(4,4),(0.,1.),.UNSPECIFIED.);
#99=B_SPLINE_CURVE_WITH_KNOTS('',3,(#3298,#3299,#3300,#3301),
 .UNSPECIFIED.,.F.,.F.,(4,4),(0.,1.),.UNSPECIFIED.);
#100=B_SPLINE_CURVE_WITH_KNOTS('',3,(#3303,#3304,#3305,#3306,#3307,#3308,
#3309,#3310),.UNSPECIFIED.,.F.,.F.,(4,2,2,4),(0.,0.25,0.5,1.),
 .UNSPECIFIED.);
#101=B_SPLINE_CURVE_WITH_KNOTS('',3,(#3375,#3376,#3377,#3378),
 .UNSPECIFIED.,.F.,.F.,(4,4),(0.,1.),.UNSPECIFIED.);
#102=B_SPLINE_CURVE_WITH_KNOTS('',3,(#3379,#3380,#3381,#3382),
 .UNSPECIFIED.,.F.,.F.,(4,4),(0.,1.),.UNSPECIFIED.);
#103=B_SPLINE_CURVE_WITH_KNOTS('',3,(#3384,#3385,#3386,#3387,#3388,#3389,
#3390,#3391),.UNSPECIFIED.,.F.,.F.,(4,2,2,4),(0.,0.25,0.5,1.),
 .UNSPECIFIED.);
#104=B_SPLINE_CURVE_WITH_KNOTS('',3,(#3400,#3401,#3402,#3403),
 .UNSPECIFIED.,.F.,.F.,(4,4),(0.,1.),.UNSPECIFIED.);
#105=B_SPLINE_CURVE_WITH_KNOTS('',3,(#3468,#3469,#3470,#3471),
 .UNSPECIFIED.,.F.,.F.,(4,4),(0.,1.),.UNSPECIFIED.);
#106=B_SPLINE_CURVE_WITH_KNOTS('',3,(#3488,#3489,#3490,#3491),
 .UNSPECIFIED.,.F.,.F.,(4,4),(0.,1.),.UNSPECIFIED.);
#107=B_SPLINE_CURVE_WITH_KNOTS('',3,(#3500,#3501,#3502,#3503),
 .UNSPECIFIED.,.F.,.F.,(4,4),(0.,1.),.UNSPECIFIED.);
#108=B_SPLINE_CURVE_WITH_KNOTS('',3,(#3512,#3513,#3514,#3515),
 .UNSPECIFIED.,.F.,.F.,(4,4),(0.,1.),.UNSPECIFIED.);
#109=B_SPLINE_CURVE_WITH_KNOTS('',3,(#3580,#3581,#3582,#3583),
 .UNSPECIFIED.,.F.,.F.,(4,4),(0.,1.),.UNSPECIFIED.);
#110=B_SPLINE_CURVE_WITH_KNOTS('',3,(#3648,#3649,#3650,#3651),
 .UNSPECIFIED.,.F.,.F.,(4,4),(0.,1.),.UNSPECIFIED.);
#111=B_SPLINE_CURVE_WITH_KNOTS('',3,(#3668,#3669,#3670,#3671),
 .UNSPECIFIED.,.F.,.F.,(4,4),(0.,1.),.UNSPECIFIED.);
#112=B_SPLINE_CURVE_WITH_KNOTS('',3,(#3736,#3737,#3738,#3739),
 .UNSPECIFIED.,.F.,.F.,(4,4),(0.,1.),.UNSPECIFIED.);
#113=B_SPLINE_CURVE_WITH_KNOTS('',3,(#3756,#3757,#3758,#3759),
 .UNSPECIFIED.,.F.,.F.,(4,4),(0.,1.),.UNSPECIFIED.);
#114=B_SPLINE_CURVE_WITH_KNOTS('',3,(#3760,#3761,#3762,#3763),
 .UNSPECIFIED.,.F.,.F.,(4,4),(0.,1.),.UNSPECIFIED.);
#115=B_SPLINE_CURVE_WITH_KNOTS('',3,(#3772,#3773,#3774,#3775),
 .UNSPECIFIED.,.F.,.F.,(4,4),(0.,1.),.UNSPECIFIED.);
#116=B_SPLINE_CURVE_WITH_KNOTS('',3,(#3784,#3785,#3786,#3787),
 .UNSPECIFIED.,.F.,.F.,(4,4),(0.,1.),.UNSPECIFIED.);
#117=ORIENTED_EDGE('',*,*,#627,.F.);
#118=ORIENTED_EDGE('',*,*,#628,.T.);
#119=ORIENTED_EDGE('',*,*,#629,.T.);
#120=ORIENTED_EDGE('',*,*,#630,.F.);
#121=ORIENTED_EDGE('',*,*,#631,.F.);
#122=ORIENTED_EDGE('',*,*,#632,.T.);
#123=ORIENTED_EDGE('',*,*,#633,.T.);
#124=ORIENTED_EDGE('',*,*,#634,.F.);
#125=ORIENTED_EDGE('',*,*,#635,.F.);
#126=ORIENTED_EDGE('',*,*,#636,.T.);
#127=ORIENTED_EDGE('',*,*,#637,.T.);
#128=ORIENTED_EDGE('',*,*,#638,.T.);
#129=ORIENTED_EDGE('',*,*,#639,.T.);
#130=ORIENTED_EDGE('',*,*,#640,.F.);
#131=ORIENTED_EDGE('',*,*,#641,.F.);
#132=ORIENTED_EDGE('',*,*,#642,.T.);
#133=ORIENTED_EDGE('',*,*,#643,.T.);
#134=ORIENTED_EDGE('',*,*,#644,.F.);
#135=ORIENTED_EDGE('',*,*,#645,.T.);
#136=ORIENTED_EDGE('',*,*,#646,.T.);
#137=ORIENTED_EDGE('',*,*,#647,.T.);
#138=ORIENTED_EDGE('',*,*,#648,.T.);
#139=ORIENTED_EDGE('',*,*,#649,.T.);
#140=ORIENTED_EDGE('',*,*,#650,.F.);
#141=ORIENTED_EDGE('',*,*,#651,.F.);
#142=ORIENTED_EDGE('',*,*,#652,.T.);
#143=ORIENTED_EDGE('',*,*,#653,.T.);
#144=ORIENTED_EDGE('',*,*,#654,.F.);
#145=ORIENTED_EDGE('',*,*,#655,.F.);
#146=ORIENTED_EDGE('',*,*,#656,.T.);
#147=ORIENTED_EDGE('',*,*,#657,.T.);
#148=ORIENTED_EDGE('',*,*,#658,.T.);
#149=ORIENTED_EDGE('',*,*,#659,.T.);
#150=ORIENTED_EDGE('',*,*,#660,.T.);
#151=ORIENTED_EDGE('',*,*,#661,.T.);
#152=ORIENTED_EDGE('',*,*,#662,.F.);
#153=ORIENTED_EDGE('',*,*,#663,.F.);
#154=ORIENTED_EDGE('',*,*,#664,.F.);
#155=ORIENTED_EDGE('',*,*,#665,.T.);
#156=ORIENTED_EDGE('',*,*,#666,.F.);
#157=ORIENTED_EDGE('',*,*,#667,.F.);
#158=ORIENTED_EDGE('',*,*,#668,.T.);
#159=ORIENTED_EDGE('',*,*,#669,.F.);
#160=ORIENTED_EDGE('',*,*,#670,.F.);
#161=ORIENTED_EDGE('',*,*,#671,.F.);
#162=ORIENTED_EDGE('',*,*,#672,.T.);
#163=ORIENTED_EDGE('',*,*,#673,.F.);
#164=ORIENTED_EDGE('',*,*,#674,.T.);
#165=ORIENTED_EDGE('',*,*,#675,.F.);
#166=ORIENTED_EDGE('',*,*,#676,.F.);
#167=ORIENTED_EDGE('',*,*,#677,.F.);
#168=ORIENTED_EDGE('',*,*,#678,.F.);
#169=ORIENTED_EDGE('',*,*,#679,.F.);
#170=ORIENTED_EDGE('',*,*,#680,.F.);
#171=ORIENTED_EDGE('',*,*,#681,.F.);
#172=ORIENTED_EDGE('',*,*,#682,.F.);
#173=ORIENTED_EDGE('',*,*,#683,.F.);
#174=ORIENTED_EDGE('',*,*,#684,.T.);
#175=ORIENTED_EDGE('',*,*,#685,.T.);
#176=ORIENTED_EDGE('',*,*,#686,.F.);
#177=ORIENTED_EDGE('',*,*,#687,.T.);
#178=ORIENTED_EDGE('',*,*,#688,.F.);
#179=ORIENTED_EDGE('',*,*,#689,.T.);
#180=ORIENTED_EDGE('',*,*,#690,.T.);
#181=ORIENTED_EDGE('',*,*,#691,.T.);
#182=ORIENTED_EDGE('',*,*,#692,.T.);
#183=ORIENTED_EDGE('',*,*,#693,.T.);
#184=ORIENTED_EDGE('',*,*,#694,.T.);
#185=ORIENTED_EDGE('',*,*,#695,.T.);
#186=ORIENTED_EDGE('',*,*,#696,.F.);
#187=ORIENTED_EDGE('',*,*,#697,.F.);
#188=ORIENTED_EDGE('',*,*,#698,.T.);
#189=ORIENTED_EDGE('',*,*,#699,.T.);
#190=ORIENTED_EDGE('',*,*,#700,.F.);
#191=ORIENTED_EDGE('',*,*,#701,.F.);
#192=ORIENTED_EDGE('',*,*,#702,.T.);
#193=ORIENTED_EDGE('',*,*,#703,.F.);
#194=ORIENTED_EDGE('',*,*,#704,.F.);
#195=ORIENTED_EDGE('',*,*,#634,.T.);
#196=ORIENTED_EDGE('',*,*,#705,.T.);
#197=ORIENTED_EDGE('',*,*,#706,.T.);
#198=ORIENTED_EDGE('',*,*,#707,.T.);
#199=ORIENTED_EDGE('',*,*,#699,.F.);
#200=ORIENTED_EDGE('',*,*,#708,.T.);
#201=ORIENTED_EDGE('',*,*,#709,.T.);
#202=ORIENTED_EDGE('',*,*,#710,.F.);
#203=ORIENTED_EDGE('',*,*,#711,.F.);
#204=ORIENTED_EDGE('',*,*,#712,.T.);
#205=ORIENTED_EDGE('',*,*,#713,.T.);
#206=ORIENTED_EDGE('',*,*,#714,.F.);
#207=ORIENTED_EDGE('',*,*,#715,.T.);
#208=ORIENTED_EDGE('',*,*,#716,.T.);
#209=ORIENTED_EDGE('',*,*,#717,.F.);
#210=ORIENTED_EDGE('',*,*,#707,.F.);
#211=ORIENTED_EDGE('',*,*,#718,.T.);
#212=ORIENTED_EDGE('',*,*,#719,.F.);
#213=ORIENTED_EDGE('',*,*,#639,.F.);
#214=ORIENTED_EDGE('',*,*,#720,.T.);
#215=ORIENTED_EDGE('',*,*,#721,.F.);
#216=ORIENTED_EDGE('',*,*,#722,.F.);
#217=ORIENTED_EDGE('',*,*,#723,.T.);
#218=ORIENTED_EDGE('',*,*,#724,.T.);
#219=ORIENTED_EDGE('',*,*,#725,.T.);
#220=ORIENTED_EDGE('',*,*,#726,.T.);
#221=ORIENTED_EDGE('',*,*,#727,.F.);
#222=ORIENTED_EDGE('',*,*,#728,.T.);
#223=ORIENTED_EDGE('',*,*,#729,.T.);
#224=ORIENTED_EDGE('',*,*,#730,.T.);
#225=ORIENTED_EDGE('',*,*,#731,.T.);
#226=ORIENTED_EDGE('',*,*,#732,.T.);
#227=ORIENTED_EDGE('',*,*,#733,.T.);
#228=ORIENTED_EDGE('',*,*,#734,.T.);
#229=ORIENTED_EDGE('',*,*,#735,.T.);
#230=ORIENTED_EDGE('',*,*,#736,.T.);
#231=ORIENTED_EDGE('',*,*,#737,.T.);
#232=ORIENTED_EDGE('',*,*,#738,.T.);
#233=ORIENTED_EDGE('',*,*,#709,.F.);
#234=ORIENTED_EDGE('',*,*,#739,.T.);
#235=ORIENTED_EDGE('',*,*,#740,.F.);
#236=ORIENTED_EDGE('',*,*,#741,.T.);
#237=ORIENTED_EDGE('',*,*,#741,.F.);
#238=ORIENTED_EDGE('',*,*,#742,.F.);
#239=ORIENTED_EDGE('',*,*,#743,.T.);
#240=ORIENTED_EDGE('',*,*,#710,.T.);
#241=ORIENTED_EDGE('',*,*,#743,.F.);
#242=ORIENTED_EDGE('',*,*,#744,.F.);
#243=ORIENTED_EDGE('',*,*,#745,.T.);
#244=ORIENTED_EDGE('',*,*,#711,.T.);
#245=ORIENTED_EDGE('',*,*,#746,.F.);
#246=ORIENTED_EDGE('',*,*,#747,.T.);
#247=ORIENTED_EDGE('',*,*,#712,.F.);
#248=ORIENTED_EDGE('',*,*,#745,.F.);
#249=ORIENTED_EDGE('',*,*,#748,.T.);
#250=ORIENTED_EDGE('',*,*,#700,.T.);
#251=ORIENTED_EDGE('',*,*,#722,.T.);
#252=ORIENTED_EDGE('',*,*,#749,.F.);
#253=ORIENTED_EDGE('',*,*,#750,.T.);
#254=ORIENTED_EDGE('',*,*,#636,.F.);
#255=ORIENTED_EDGE('',*,*,#751,.T.);
#256=ORIENTED_EDGE('',*,*,#752,.T.);
#257=ORIENTED_EDGE('',*,*,#753,.F.);
#258=ORIENTED_EDGE('',*,*,#754,.T.);
#259=ORIENTED_EDGE('',*,*,#715,.F.);
#260=ORIENTED_EDGE('',*,*,#755,.F.);
#261=ORIENTED_EDGE('',*,*,#756,.F.);
#262=ORIENTED_EDGE('',*,*,#752,.F.);
#263=ORIENTED_EDGE('',*,*,#757,.T.);
#264=ORIENTED_EDGE('',*,*,#703,.T.);
#265=ORIENTED_EDGE('',*,*,#686,.T.);
#266=ORIENTED_EDGE('',*,*,#758,.T.);
#267=ORIENTED_EDGE('',*,*,#731,.F.);
#268=ORIENTED_EDGE('',*,*,#759,.T.);
#269=ORIENTED_EDGE('',*,*,#656,.F.);
#270=ORIENTED_EDGE('',*,*,#760,.T.);
#271=ORIENTED_EDGE('',*,*,#727,.T.);
#272=ORIENTED_EDGE('',*,*,#761,.T.);
#273=ORIENTED_EDGE('',*,*,#751,.F.);
#274=ORIENTED_EDGE('',*,*,#635,.T.);
#275=ORIENTED_EDGE('',*,*,#704,.T.);
#276=ORIENTED_EDGE('',*,*,#757,.F.);
#277=ORIENTED_EDGE('',*,*,#762,.F.);
#278=ORIENTED_EDGE('',*,*,#763,.T.);
#279=ORIENTED_EDGE('',*,*,#640,.T.);
#280=ORIENTED_EDGE('',*,*,#719,.T.);
#281=ORIENTED_EDGE('',*,*,#764,.F.);
#282=ORIENTED_EDGE('',*,*,#706,.F.);
#283=ORIENTED_EDGE('',*,*,#765,.T.);
#284=ORIENTED_EDGE('',*,*,#764,.T.);
#285=ORIENTED_EDGE('',*,*,#718,.F.);
#286=ORIENTED_EDGE('',*,*,#766,.F.);
#287=ORIENTED_EDGE('',*,*,#767,.T.);
#288=ORIENTED_EDGE('',*,*,#768,.F.);
#289=ORIENTED_EDGE('',*,*,#762,.T.);
#290=ORIENTED_EDGE('',*,*,#765,.F.);
#291=ORIENTED_EDGE('',*,*,#705,.F.);
#292=ORIENTED_EDGE('',*,*,#633,.F.);
#293=ORIENTED_EDGE('',*,*,#767,.F.);
#294=ORIENTED_EDGE('',*,*,#638,.F.);
#295=ORIENTED_EDGE('',*,*,#769,.T.);
#296=ORIENTED_EDGE('',*,*,#770,.T.);
#297=ORIENTED_EDGE('',*,*,#720,.F.);
#298=ORIENTED_EDGE('',*,*,#771,.F.);
#299=ORIENTED_EDGE('',*,*,#772,.T.);
#300=ORIENTED_EDGE('',*,*,#773,.F.);
#301=ORIENTED_EDGE('',*,*,#749,.T.);
#302=ORIENTED_EDGE('',*,*,#721,.T.);
#303=ORIENTED_EDGE('',*,*,#770,.F.);
#304=ORIENTED_EDGE('',*,*,#772,.F.);
#305=ORIENTED_EDGE('',*,*,#769,.F.);
#306=ORIENTED_EDGE('',*,*,#637,.F.);
#307=ORIENTED_EDGE('',*,*,#750,.F.);
#308=ORIENTED_EDGE('',*,*,#773,.T.);
#309=ORIENTED_EDGE('',*,*,#774,.F.);
#310=ORIENTED_EDGE('',*,*,#755,.T.);
#311=ORIENTED_EDGE('',*,*,#714,.T.);
#312=ORIENTED_EDGE('',*,*,#775,.F.);
#313=ORIENTED_EDGE('',*,*,#747,.F.);
#314=ORIENTED_EDGE('',*,*,#776,.T.);
#315=ORIENTED_EDGE('',*,*,#775,.T.);
#316=ORIENTED_EDGE('',*,*,#713,.F.);
#317=ORIENTED_EDGE('',*,*,#777,.F.);
#318=ORIENTED_EDGE('',*,*,#778,.T.);
#319=ORIENTED_EDGE('',*,*,#746,.T.);
#320=ORIENTED_EDGE('',*,*,#756,.T.);
#321=ORIENTED_EDGE('',*,*,#774,.T.);
#322=ORIENTED_EDGE('',*,*,#776,.F.);
#323=ORIENTED_EDGE('',*,*,#778,.F.);
#324=ORIENTED_EDGE('',*,*,#754,.F.);
#325=ORIENTED_EDGE('',*,*,#779,.T.);
#326=ORIENTED_EDGE('',*,*,#780,.T.);
#327=ORIENTED_EDGE('',*,*,#716,.F.);
#328=ORIENTED_EDGE('',*,*,#781,.F.);
#329=ORIENTED_EDGE('',*,*,#782,.T.);
#330=ORIENTED_EDGE('',*,*,#783,.F.);
#331=ORIENTED_EDGE('',*,*,#701,.T.);
#332=ORIENTED_EDGE('',*,*,#717,.T.);
#333=ORIENTED_EDGE('',*,*,#780,.F.);
#334=ORIENTED_EDGE('',*,*,#782,.F.);
#335=ORIENTED_EDGE('',*,*,#779,.F.);
#336=ORIENTED_EDGE('',*,*,#753,.T.);
#337=ORIENTED_EDGE('',*,*,#702,.F.);
#338=ORIENTED_EDGE('',*,*,#783,.T.);
#339=ORIENTED_EDGE('',*,*,#766,.T.);
#340=ORIENTED_EDGE('',*,*,#771,.T.);
#341=ORIENTED_EDGE('',*,*,#777,.T.);
#342=ORIENTED_EDGE('',*,*,#781,.T.);
#343=ORIENTED_EDGE('',*,*,#740,.T.);
#344=ORIENTED_EDGE('',*,*,#784,.T.);
#345=ORIENTED_EDGE('',*,*,#697,.T.);
#346=ORIENTED_EDGE('',*,*,#748,.F.);
#347=ORIENTED_EDGE('',*,*,#744,.T.);
#348=ORIENTED_EDGE('',*,*,#742,.T.);
#349=ORIENTED_EDGE('',*,*,#785,.F.);
#350=ORIENTED_EDGE('',*,*,#786,.T.);
#351=ORIENTED_EDGE('',*,*,#787,.T.);
#352=ORIENTED_EDGE('',*,*,#788,.T.);
#353=ORIENTED_EDGE('',*,*,#788,.F.);
#354=ORIENTED_EDGE('',*,*,#789,.T.);
#355=ORIENTED_EDGE('',*,*,#790,.F.);
#356=ORIENTED_EDGE('',*,*,#791,.T.);
#357=ORIENTED_EDGE('',*,*,#792,.F.);
#358=ORIENTED_EDGE('',*,*,#793,.T.);
#359=ORIENTED_EDGE('',*,*,#794,.T.);
#360=ORIENTED_EDGE('',*,*,#795,.T.);
#361=ORIENTED_EDGE('',*,*,#795,.F.);
#362=ORIENTED_EDGE('',*,*,#796,.T.);
#363=ORIENTED_EDGE('',*,*,#797,.F.);
#364=ORIENTED_EDGE('',*,*,#798,.T.);
#365=ORIENTED_EDGE('',*,*,#799,.F.);
#366=ORIENTED_EDGE('',*,*,#800,.T.);
#367=ORIENTED_EDGE('',*,*,#801,.T.);
#368=ORIENTED_EDGE('',*,*,#802,.T.);
#369=ORIENTED_EDGE('',*,*,#802,.F.);
#370=ORIENTED_EDGE('',*,*,#803,.T.);
#371=ORIENTED_EDGE('',*,*,#804,.F.);
#372=ORIENTED_EDGE('',*,*,#805,.T.);
#373=ORIENTED_EDGE('',*,*,#806,.F.);
#374=ORIENTED_EDGE('',*,*,#807,.T.);
#375=ORIENTED_EDGE('',*,*,#808,.F.);
#376=ORIENTED_EDGE('',*,*,#809,.T.);
#377=ORIENTED_EDGE('',*,*,#809,.F.);
#378=ORIENTED_EDGE('',*,*,#810,.F.);
#379=ORIENTED_EDGE('',*,*,#811,.F.);
#380=ORIENTED_EDGE('',*,*,#812,.T.);
#381=ORIENTED_EDGE('',*,*,#807,.F.);
#382=ORIENTED_EDGE('',*,*,#813,.F.);
#383=ORIENTED_EDGE('',*,*,#728,.F.);
#384=ORIENTED_EDGE('',*,*,#760,.F.);
#385=ORIENTED_EDGE('',*,*,#659,.F.);
#386=ORIENTED_EDGE('',*,*,#813,.T.);
#387=ORIENTED_EDGE('',*,*,#806,.T.);
#388=ORIENTED_EDGE('',*,*,#812,.F.);
#389=ORIENTED_EDGE('',*,*,#814,.F.);
#390=ORIENTED_EDGE('',*,*,#759,.F.);
#391=ORIENTED_EDGE('',*,*,#734,.F.);
#392=ORIENTED_EDGE('',*,*,#803,.F.);
#393=ORIENTED_EDGE('',*,*,#801,.F.);
#394=ORIENTED_EDGE('',*,*,#657,.F.);
#395=ORIENTED_EDGE('',*,*,#808,.T.);
#396=ORIENTED_EDGE('',*,*,#658,.F.);
#397=ORIENTED_EDGE('',*,*,#800,.F.);
#398=ORIENTED_EDGE('',*,*,#815,.F.);
#399=ORIENTED_EDGE('',*,*,#735,.F.);
#400=ORIENTED_EDGE('',*,*,#810,.T.);
#401=ORIENTED_EDGE('',*,*,#811,.T.);
#402=ORIENTED_EDGE('',*,*,#738,.F.);
#403=ORIENTED_EDGE('',*,*,#796,.F.);
#404=ORIENTED_EDGE('',*,*,#794,.F.);
#405=ORIENTED_EDGE('',*,*,#725,.F.);
#406=ORIENTED_EDGE('',*,*,#816,.F.);
#407=ORIENTED_EDGE('',*,*,#729,.F.);
#408=ORIENTED_EDGE('',*,*,#814,.T.);
#409=ORIENTED_EDGE('',*,*,#761,.F.);
#410=ORIENTED_EDGE('',*,*,#726,.F.);
#411=ORIENTED_EDGE('',*,*,#793,.F.);
#412=ORIENTED_EDGE('',*,*,#817,.F.);
#413=ORIENTED_EDGE('',*,*,#687,.F.);
#414=ORIENTED_EDGE('',*,*,#815,.T.);
#415=ORIENTED_EDGE('',*,*,#799,.T.);
#416=ORIENTED_EDGE('',*,*,#805,.F.);
#417=ORIENTED_EDGE('',*,*,#818,.F.);
#418=ORIENTED_EDGE('',*,*,#817,.T.);
#419=ORIENTED_EDGE('',*,*,#792,.T.);
#420=ORIENTED_EDGE('',*,*,#798,.F.);
#421=ORIENTED_EDGE('',*,*,#819,.F.);
#422=ORIENTED_EDGE('',*,*,#804,.T.);
#423=ORIENTED_EDGE('',*,*,#733,.F.);
#424=ORIENTED_EDGE('',*,*,#789,.F.);
#425=ORIENTED_EDGE('',*,*,#787,.F.);
#426=ORIENTED_EDGE('',*,*,#736,.F.);
#427=ORIENTED_EDGE('',*,*,#818,.T.);
#428=ORIENTED_EDGE('',*,*,#797,.T.);
#429=ORIENTED_EDGE('',*,*,#737,.F.);
#430=ORIENTED_EDGE('',*,*,#786,.F.);
#431=ORIENTED_EDGE('',*,*,#820,.F.);
#432=ORIENTED_EDGE('',*,*,#684,.F.);
#433=ORIENTED_EDGE('',*,*,#819,.T.);
#434=ORIENTED_EDGE('',*,*,#820,.T.);
#435=ORIENTED_EDGE('',*,*,#785,.T.);
#436=ORIENTED_EDGE('',*,*,#791,.F.);
#437=ORIENTED_EDGE('',*,*,#821,.F.);
#438=ORIENTED_EDGE('',*,*,#790,.T.);
#439=ORIENTED_EDGE('',*,*,#732,.F.);
#440=ORIENTED_EDGE('',*,*,#758,.F.);
#441=ORIENTED_EDGE('',*,*,#685,.F.);
#442=ORIENTED_EDGE('',*,*,#821,.T.);
#443=ORIENTED_EDGE('',*,*,#822,.F.);
#444=ORIENTED_EDGE('',*,*,#698,.F.);
#445=ORIENTED_EDGE('',*,*,#823,.F.);
#446=ORIENTED_EDGE('',*,*,#730,.F.);
#447=ORIENTED_EDGE('',*,*,#823,.T.);
#448=ORIENTED_EDGE('',*,*,#784,.F.);
#449=ORIENTED_EDGE('',*,*,#824,.F.);
#450=ORIENTED_EDGE('',*,*,#723,.F.);
#451=ORIENTED_EDGE('',*,*,#822,.T.);
#452=ORIENTED_EDGE('',*,*,#816,.T.);
#453=ORIENTED_EDGE('',*,*,#825,.F.);
#454=ORIENTED_EDGE('',*,*,#708,.F.);
#455=ORIENTED_EDGE('',*,*,#824,.T.);
#456=ORIENTED_EDGE('',*,*,#739,.F.);
#457=ORIENTED_EDGE('',*,*,#825,.T.);
#458=ORIENTED_EDGE('',*,*,#724,.F.);
#459=ORIENTED_EDGE('',*,*,#689,.F.);
#460=ORIENTED_EDGE('',*,*,#826,.F.);
#461=ORIENTED_EDGE('',*,*,#827,.T.);
#462=ORIENTED_EDGE('',*,*,#828,.T.);
#463=ORIENTED_EDGE('',*,*,#688,.T.);
#464=ORIENTED_EDGE('',*,*,#829,.F.);
#465=ORIENTED_EDGE('',*,*,#830,.F.);
#466=ORIENTED_EDGE('',*,*,#826,.T.);
#467=ORIENTED_EDGE('',*,*,#690,.F.);
#468=ORIENTED_EDGE('',*,*,#828,.F.);
#469=ORIENTED_EDGE('',*,*,#831,.T.);
#470=ORIENTED_EDGE('',*,*,#829,.T.);
#471=ORIENTED_EDGE('',*,*,#827,.F.);
#472=ORIENTED_EDGE('',*,*,#830,.T.);
#473=ORIENTED_EDGE('',*,*,#831,.F.);
#474=ORIENTED_EDGE('',*,*,#692,.F.);
#475=ORIENTED_EDGE('',*,*,#832,.F.);
#476=ORIENTED_EDGE('',*,*,#833,.T.);
#477=ORIENTED_EDGE('',*,*,#834,.T.);
#478=ORIENTED_EDGE('',*,*,#691,.F.);
#479=ORIENTED_EDGE('',*,*,#835,.F.);
#480=ORIENTED_EDGE('',*,*,#836,.T.);
#481=ORIENTED_EDGE('',*,*,#832,.T.);
#482=ORIENTED_EDGE('',*,*,#693,.F.);
#483=ORIENTED_EDGE('',*,*,#834,.F.);
#484=ORIENTED_EDGE('',*,*,#837,.T.);
#485=ORIENTED_EDGE('',*,*,#835,.T.);
#486=ORIENTED_EDGE('',*,*,#833,.F.);
#487=ORIENTED_EDGE('',*,*,#836,.F.);
#488=ORIENTED_EDGE('',*,*,#837,.F.);
#489=ORIENTED_EDGE('',*,*,#695,.F.);
#490=ORIENTED_EDGE('',*,*,#838,.F.);
#491=ORIENTED_EDGE('',*,*,#839,.T.);
#492=ORIENTED_EDGE('',*,*,#840,.T.);
#493=ORIENTED_EDGE('',*,*,#694,.F.);
#494=ORIENTED_EDGE('',*,*,#841,.F.);
#495=ORIENTED_EDGE('',*,*,#842,.T.);
#496=ORIENTED_EDGE('',*,*,#838,.T.);
#497=ORIENTED_EDGE('',*,*,#696,.T.);
#498=ORIENTED_EDGE('',*,*,#840,.F.);
#499=ORIENTED_EDGE('',*,*,#843,.F.);
#500=ORIENTED_EDGE('',*,*,#841,.T.);
#501=ORIENTED_EDGE('',*,*,#839,.F.);
#502=ORIENTED_EDGE('',*,*,#842,.F.);
#503=ORIENTED_EDGE('',*,*,#843,.T.);
#504=ORIENTED_EDGE('',*,*,#681,.T.);
#505=ORIENTED_EDGE('',*,*,#844,.F.);
#506=ORIENTED_EDGE('',*,*,#845,.F.);
#507=ORIENTED_EDGE('',*,*,#846,.T.);
#508=ORIENTED_EDGE('',*,*,#683,.T.);
#509=ORIENTED_EDGE('',*,*,#847,.F.);
#510=ORIENTED_EDGE('',*,*,#848,.F.);
#511=ORIENTED_EDGE('',*,*,#844,.T.);
#512=ORIENTED_EDGE('',*,*,#682,.T.);
#513=ORIENTED_EDGE('',*,*,#846,.F.);
#514=ORIENTED_EDGE('',*,*,#849,.F.);
#515=ORIENTED_EDGE('',*,*,#847,.T.);
#516=ORIENTED_EDGE('',*,*,#845,.T.);
#517=ORIENTED_EDGE('',*,*,#848,.T.);
#518=ORIENTED_EDGE('',*,*,#849,.T.);
#519=ORIENTED_EDGE('',*,*,#678,.T.);
#520=ORIENTED_EDGE('',*,*,#850,.F.);
#521=ORIENTED_EDGE('',*,*,#851,.F.);
#522=ORIENTED_EDGE('',*,*,#852,.T.);
#523=ORIENTED_EDGE('',*,*,#680,.T.);
#524=ORIENTED_EDGE('',*,*,#853,.F.);
#525=ORIENTED_EDGE('',*,*,#854,.F.);
#526=ORIENTED_EDGE('',*,*,#850,.T.);
#527=ORIENTED_EDGE('',*,*,#679,.T.);
#528=ORIENTED_EDGE('',*,*,#852,.F.);
#529=ORIENTED_EDGE('',*,*,#855,.F.);
#530=ORIENTED_EDGE('',*,*,#853,.T.);
#531=ORIENTED_EDGE('',*,*,#851,.T.);
#532=ORIENTED_EDGE('',*,*,#854,.T.);
#533=ORIENTED_EDGE('',*,*,#855,.T.);
#534=ORIENTED_EDGE('',*,*,#675,.T.);
#535=ORIENTED_EDGE('',*,*,#856,.F.);
#536=ORIENTED_EDGE('',*,*,#857,.F.);
#537=ORIENTED_EDGE('',*,*,#858,.T.);
#538=ORIENTED_EDGE('',*,*,#677,.T.);
#539=ORIENTED_EDGE('',*,*,#859,.F.);
#540=ORIENTED_EDGE('',*,*,#860,.F.);
#541=ORIENTED_EDGE('',*,*,#856,.T.);
#542=ORIENTED_EDGE('',*,*,#676,.T.);
#543=ORIENTED_EDGE('',*,*,#858,.F.);
#544=ORIENTED_EDGE('',*,*,#861,.F.);
#545=ORIENTED_EDGE('',*,*,#859,.T.);
#546=ORIENTED_EDGE('',*,*,#857,.T.);
#547=ORIENTED_EDGE('',*,*,#860,.T.);
#548=ORIENTED_EDGE('',*,*,#861,.T.);
#549=ORIENTED_EDGE('',*,*,#660,.F.);
#550=ORIENTED_EDGE('',*,*,#862,.F.);
#551=ORIENTED_EDGE('',*,*,#631,.T.);
#552=ORIENTED_EDGE('',*,*,#863,.T.);
#553=ORIENTED_EDGE('',*,*,#662,.T.);
#554=ORIENTED_EDGE('',*,*,#864,.F.);
#555=ORIENTED_EDGE('',*,*,#865,.F.);
#556=ORIENTED_EDGE('',*,*,#632,.F.);
#557=ORIENTED_EDGE('',*,*,#862,.T.);
#558=ORIENTED_EDGE('',*,*,#661,.F.);
#559=ORIENTED_EDGE('',*,*,#863,.F.);
#560=ORIENTED_EDGE('',*,*,#630,.T.);
#561=ORIENTED_EDGE('',*,*,#866,.T.);
#562=ORIENTED_EDGE('',*,*,#864,.T.);
#563=ORIENTED_EDGE('',*,*,#768,.T.);
#564=ORIENTED_EDGE('',*,*,#865,.T.);
#565=ORIENTED_EDGE('',*,*,#866,.F.);
#566=ORIENTED_EDGE('',*,*,#763,.F.);
#567=ORIENTED_EDGE('',*,*,#653,.F.);
#568=ORIENTED_EDGE('',*,*,#867,.F.);
#569=ORIENTED_EDGE('',*,*,#627,.T.);
#570=ORIENTED_EDGE('',*,*,#868,.T.);
#571=ORIENTED_EDGE('',*,*,#655,.T.);
#572=ORIENTED_EDGE('',*,*,#869,.F.);
#573=ORIENTED_EDGE('',*,*,#628,.F.);
#574=ORIENTED_EDGE('',*,*,#867,.T.);
#575=ORIENTED_EDGE('',*,*,#654,.T.);
#576=ORIENTED_EDGE('',*,*,#868,.F.);
#577=ORIENTED_EDGE('',*,*,#629,.F.);
#578=ORIENTED_EDGE('',*,*,#869,.T.);
#579=ORIENTED_EDGE('',*,*,#664,.T.);
#580=ORIENTED_EDGE('',*,*,#870,.F.);
#581=ORIENTED_EDGE('',*,*,#642,.F.);
#582=ORIENTED_EDGE('',*,*,#871,.T.);
#583=ORIENTED_EDGE('',*,*,#663,.T.);
#584=ORIENTED_EDGE('',*,*,#872,.F.);
#585=ORIENTED_EDGE('',*,*,#643,.F.);
#586=ORIENTED_EDGE('',*,*,#870,.T.);
#587=ORIENTED_EDGE('',*,*,#665,.F.);
#588=ORIENTED_EDGE('',*,*,#871,.F.);
#589=ORIENTED_EDGE('',*,*,#641,.T.);
#590=ORIENTED_EDGE('',*,*,#872,.T.);
#591=ORIENTED_EDGE('',*,*,#667,.T.);
#592=ORIENTED_EDGE('',*,*,#873,.F.);
#593=ORIENTED_EDGE('',*,*,#645,.F.);
#594=ORIENTED_EDGE('',*,*,#874,.T.);
#595=ORIENTED_EDGE('',*,*,#666,.T.);
#596=ORIENTED_EDGE('',*,*,#875,.F.);
#597=ORIENTED_EDGE('',*,*,#646,.F.);
#598=ORIENTED_EDGE('',*,*,#873,.T.);
#599=ORIENTED_EDGE('',*,*,#668,.F.);
#600=ORIENTED_EDGE('',*,*,#874,.F.);
#601=ORIENTED_EDGE('',*,*,#644,.T.);
#602=ORIENTED_EDGE('',*,*,#875,.T.);
#603=ORIENTED_EDGE('',*,*,#670,.T.);
#604=ORIENTED_EDGE('',*,*,#876,.F.);
#605=ORIENTED_EDGE('',*,*,#648,.F.);
#606=ORIENTED_EDGE('',*,*,#877,.T.);
#607=ORIENTED_EDGE('',*,*,#669,.T.);
#608=ORIENTED_EDGE('',*,*,#878,.F.);
#609=ORIENTED_EDGE('',*,*,#649,.F.);
#610=ORIENTED_EDGE('',*,*,#876,.T.);
#611=ORIENTED_EDGE('',*,*,#671,.T.);
#612=ORIENTED_EDGE('',*,*,#877,.F.);
#613=ORIENTED_EDGE('',*,*,#647,.F.);
#614=ORIENTED_EDGE('',*,*,#878,.T.);
#615=ORIENTED_EDGE('',*,*,#672,.F.);
#616=ORIENTED_EDGE('',*,*,#879,.F.);
#617=ORIENTED_EDGE('',*,*,#650,.T.);
#618=ORIENTED_EDGE('',*,*,#880,.T.);
#619=ORIENTED_EDGE('',*,*,#674,.F.);
#620=ORIENTED_EDGE('',*,*,#881,.F.);
#621=ORIENTED_EDGE('',*,*,#651,.T.);
#622=ORIENTED_EDGE('',*,*,#879,.T.);
#623=ORIENTED_EDGE('',*,*,#673,.T.);
#624=ORIENTED_EDGE('',*,*,#880,.F.);
#625=ORIENTED_EDGE('',*,*,#652,.F.);
#626=ORIENTED_EDGE('',*,*,#881,.T.);
#627=EDGE_CURVE('',#882,#883,#1048,.T.);
#628=EDGE_CURVE('',#882,#884,#1049,.T.);
#629=EDGE_CURVE('',#884,#883,#1050,.T.);
#630=EDGE_CURVE('',#885,#886,#1051,.T.);
#631=EDGE_CURVE('',#887,#885,#1052,.T.);
#632=EDGE_CURVE('',#887,#888,#1053,.T.);
#633=EDGE_CURVE('',#888,#889,#1054,.T.);
#634=EDGE_CURVE('',#890,#889,#1055,.T.);
#635=EDGE_CURVE('',#891,#890,#1056,.T.);
#636=EDGE_CURVE('',#891,#892,#1057,.T.);
#637=EDGE_CURVE('',#892,#893,#1058,.T.);
#638=EDGE_CURVE('',#893,#894,#1059,.T.);
#639=EDGE_CURVE('',#894,#895,#1060,.T.);
#640=EDGE_CURVE('',#886,#895,#1061,.T.);
#641=EDGE_CURVE('',#896,#897,#1062,.T.);
#642=EDGE_CURVE('',#896,#898,#1063,.T.);
#643=EDGE_CURVE('',#898,#897,#1064,.T.);
#644=EDGE_CURVE('',#899,#900,#1065,.T.);
#645=EDGE_CURVE('',#899,#901,#1066,.T.);
#646=EDGE_CURVE('',#901,#900,#1067,.T.);
#647=EDGE_CURVE('',#902,#903,#1068,.T.);
#648=EDGE_CURVE('',#903,#904,#1069,.T.);
#649=EDGE_CURVE('',#904,#902,#1070,.T.);
#650=EDGE_CURVE('',#905,#906,#1071,.T.);
#651=EDGE_CURVE('',#907,#905,#1072,.T.);
#652=EDGE_CURVE('',#907,#906,#1073,.T.);
#653=EDGE_CURVE('',#908,#909,#1074,.T.);
#654=EDGE_CURVE('',#910,#909,#1075,.T.);
#655=EDGE_CURVE('',#908,#910,#1076,.T.);
#656=EDGE_CURVE('',#911,#912,#1077,.T.);
#657=EDGE_CURVE('',#912,#913,#48,.T.);
#658=EDGE_CURVE('',#913,#914,#49,.T.);
#659=EDGE_CURVE('',#914,#911,#50,.T.);
#660=EDGE_CURVE('',#915,#916,#1078,.T.);
#661=EDGE_CURVE('',#916,#917,#1079,.T.);
#662=EDGE_CURVE('',#915,#917,#1080,.T.);
#663=EDGE_CURVE('',#918,#919,#1081,.T.);
#664=EDGE_CURVE('',#920,#918,#1082,.T.);
#665=EDGE_CURVE('',#920,#919,#1083,.T.);
#666=EDGE_CURVE('',#921,#922,#1084,.T.);
#667=EDGE_CURVE('',#923,#921,#1085,.T.);
#668=EDGE_CURVE('',#923,#922,#1086,.T.);
#669=EDGE_CURVE('',#924,#925,#1087,.T.);
#670=EDGE_CURVE('',#926,#924,#1088,.T.);
#671=EDGE_CURVE('',#925,#926,#1089,.T.);
#672=EDGE_CURVE('',#927,#928,#1090,.T.);
#673=EDGE_CURVE('',#929,#928,#1091,.T.);
#674=EDGE_CURVE('',#929,#927,#1092,.T.);
#675=EDGE_CURVE('',#930,#931,#1093,.T.);
#676=EDGE_CURVE('',#932,#930,#1094,.T.);
#677=EDGE_CURVE('',#931,#932,#1095,.T.);
#678=EDGE_CURVE('',#933,#934,#1096,.T.);
#679=EDGE_CURVE('',#935,#933,#1097,.T.);
#680=EDGE_CURVE('',#934,#935,#1098,.T.);
#681=EDGE_CURVE('',#936,#937,#1099,.T.);
#682=EDGE_CURVE('',#938,#936,#1100,.T.);
#683=EDGE_CURVE('',#937,#938,#1101,.T.);
#684=EDGE_CURVE('',#939,#940,#51,.T.);
#685=EDGE_CURVE('',#940,#941,#52,.T.);
#686=EDGE_CURVE('',#942,#941,#1102,.T.);
#687=EDGE_CURVE('',#942,#939,#53,.T.);
#688=EDGE_CURVE('',#943,#944,#1103,.T.);
#689=EDGE_CURVE('',#943,#945,#1104,.T.);
#690=EDGE_CURVE('',#945,#944,#1105,.T.);
#691=EDGE_CURVE('',#946,#947,#1106,.T.);
#692=EDGE_CURVE('',#947,#948,#1107,.T.);
#693=EDGE_CURVE('',#948,#946,#1108,.T.);
#694=EDGE_CURVE('',#949,#950,#1109,.T.);
#695=EDGE_CURVE('',#950,#951,#1110,.T.);
#696=EDGE_CURVE('',#949,#951,#1111,.T.);
#697=EDGE_CURVE('',#952,#953,#1112,.T.);
#698=EDGE_CURVE('',#952,#954,#54,.T.);
#699=EDGE_CURVE('',#954,#955,#1113,.T.);
#700=EDGE_CURVE('',#953,#955,#1114,.T.);
#701=EDGE_CURVE('',#956,#957,#1115,.T.);
#702=EDGE_CURVE('',#956,#958,#1116,.T.);
#703=EDGE_CURVE('',#959,#958,#1117,.T.);
#704=EDGE_CURVE('',#890,#959,#1118,.T.);
#705=EDGE_CURVE('',#889,#960,#1119,.T.);
#706=EDGE_CURVE('',#960,#961,#1120,.T.);
#707=EDGE_CURVE('',#961,#957,#1121,.T.);
#708=EDGE_CURVE('',#954,#962,#55,.T.);
#709=EDGE_CURVE('',#962,#963,#1122,.T.);
#710=EDGE_CURVE('',#964,#963,#1123,.T.);
#711=EDGE_CURVE('',#965,#964,#1124,.T.);
#712=EDGE_CURVE('',#965,#966,#1125,.T.);
#713=EDGE_CURVE('',#966,#967,#1126,.T.);
#714=EDGE_CURVE('',#968,#967,#1127,.T.);
#715=EDGE_CURVE('',#968,#969,#1128,.T.);
#716=EDGE_CURVE('',#969,#970,#1129,.T.);
#717=EDGE_CURVE('',#957,#970,#1130,.T.);
#718=EDGE_CURVE('',#961,#971,#1131,.T.);
#719=EDGE_CURVE('',#895,#971,#1132,.T.);
#720=EDGE_CURVE('',#894,#972,#1133,.T.);
#721=EDGE_CURVE('',#973,#972,#1134,.T.);
#722=EDGE_CURVE('',#955,#973,#1135,.T.);
#723=EDGE_CURVE('',#974,#975,#56,.T.);
#724=EDGE_CURVE('',#975,#976,#57,.T.);
#725=EDGE_CURVE('',#976,#977,#58,.T.);
#726=EDGE_CURVE('',#977,#978,#59,.T.);
#727=EDGE_CURVE('',#979,#978,#1136,.T.);
#728=EDGE_CURVE('',#979,#980,#60,.T.);
#729=EDGE_CURVE('',#980,#981,#61,.T.);
#730=EDGE_CURVE('',#981,#974,#62,.T.);
#731=EDGE_CURVE('',#982,#983,#1137,.T.);
#732=EDGE_CURVE('',#983,#984,#63,.T.);
#733=EDGE_CURVE('',#984,#985,#64,.T.);
#734=EDGE_CURVE('',#985,#982,#65,.T.);
#735=EDGE_CURVE('',#986,#987,#66,.T.);
#736=EDGE_CURVE('',#987,#988,#67,.T.);
#737=EDGE_CURVE('',#988,#989,#68,.T.);
#738=EDGE_CURVE('',#989,#986,#69,.T.);
#739=EDGE_CURVE('',#962,#990,#70,.T.);
#740=EDGE_CURVE('',#991,#990,#1138,.T.);
#741=EDGE_CURVE('',#991,#963,#1139,.T.);
#742=EDGE_CURVE('',#992,#991,#1140,.T.);
#743=EDGE_CURVE('',#992,#964,#1141,.T.);
#744=EDGE_CURVE('',#993,#992,#1142,.T.);
#745=EDGE_CURVE('',#993,#965,#1143,.T.);
#746=EDGE_CURVE('',#994,#995,#1144,.T.);
#747=EDGE_CURVE('',#994,#966,#1145,.T.);
#748=EDGE_CURVE('',#993,#953,#1146,.T.);
#749=EDGE_CURVE('',#996,#973,#1147,.T.);
#750=EDGE_CURVE('',#996,#892,#1148,.T.);
#751=EDGE_CURVE('',#891,#997,#1149,.T.);
#752=EDGE_CURVE('',#997,#995,#1150,.T.);
#753=EDGE_CURVE('',#998,#958,#1151,.T.);
#754=EDGE_CURVE('',#998,#969,#1152,.T.);
#755=EDGE_CURVE('',#999,#968,#1153,.T.);
#756=EDGE_CURVE('',#995,#999,#1154,.T.);
#757=EDGE_CURVE('',#997,#959,#1155,.T.);
#758=EDGE_CURVE('',#941,#983,#71,.T.);
#759=EDGE_CURVE('',#982,#912,#72,.T.);
#760=EDGE_CURVE('',#911,#979,#73,.T.);
#761=EDGE_CURVE('',#978,#942,#74,.T.);
#762=EDGE_CURVE('',#1000,#1001,#1156,.T.);
#763=EDGE_CURVE('',#1000,#886,#1157,.T.);
#764=EDGE_CURVE('',#1001,#971,#1158,.T.);
#765=EDGE_CURVE('',#960,#1001,#1159,.T.);
#766=EDGE_CURVE('',#1002,#1002,#36,.T.);
#767=EDGE_CURVE('',#1003,#1003,#37,.T.);
#768=EDGE_CURVE('',#1000,#888,#1160,.T.);
#769=EDGE_CURVE('',#893,#1004,#1161,.T.);
#770=EDGE_CURVE('',#1004,#972,#1162,.T.);
#771=EDGE_CURVE('',#1005,#1005,#38,.T.);
#772=EDGE_CURVE('',#1006,#1006,#39,.T.);
#773=EDGE_CURVE('',#996,#1004,#1163,.T.);
#774=EDGE_CURVE('',#999,#1007,#1164,.T.);
#775=EDGE_CURVE('',#1007,#967,#1165,.T.);
#776=EDGE_CURVE('',#994,#1007,#1166,.T.);
#777=EDGE_CURVE('',#1008,#1008,#40,.T.);
#778=EDGE_CURVE('',#1009,#1009,#41,.T.);
#779=EDGE_CURVE('',#998,#1010,#1167,.T.);
#780=EDGE_CURVE('',#1010,#970,#1168,.T.);
#781=EDGE_CURVE('',#1011,#1011,#42,.T.);
#782=EDGE_CURVE('',#1012,#1012,#43,.T.);
#783=EDGE_CURVE('',#956,#1010,#1169,.T.);
#784=EDGE_CURVE('',#990,#952,#75,.T.);
#785=EDGE_CURVE('',#1013,#1014,#76,.F.);
#786=EDGE_CURVE('',#1013,#988,#77,.F.);
#787=EDGE_CURVE('',#988,#1015,#78,.F.);
#788=EDGE_CURVE('',#1015,#1014,#79,.F.);
#789=EDGE_CURVE('',#1015,#984,#80,.F.);
#790=EDGE_CURVE('',#1016,#984,#81,.T.);
#791=EDGE_CURVE('',#1016,#1014,#82,.F.);
#792=EDGE_CURVE('',#1017,#1018,#83,.F.);
#793=EDGE_CURVE('',#1017,#977,#84,.F.);
#794=EDGE_CURVE('',#977,#1019,#85,.F.);
#795=EDGE_CURVE('',#1019,#1018,#86,.F.);
#796=EDGE_CURVE('',#1019,#989,#87,.F.);
#797=EDGE_CURVE('',#1020,#989,#88,.T.);
#798=EDGE_CURVE('',#1020,#1018,#89,.F.);
#799=EDGE_CURVE('',#1021,#1022,#90,.F.);
#800=EDGE_CURVE('',#1021,#913,#91,.F.);
#801=EDGE_CURVE('',#913,#1023,#92,.F.);
#802=EDGE_CURVE('',#1023,#1022,#93,.F.);
#803=EDGE_CURVE('',#1023,#985,#94,.F.);
#804=EDGE_CURVE('',#1024,#985,#95,.T.);
#805=EDGE_CURVE('',#1024,#1022,#96,.F.);
#806=EDGE_CURVE('',#1025,#1026,#97,.F.);
#807=EDGE_CURVE('',#1025,#914,#98,.F.);
#808=EDGE_CURVE('',#1027,#914,#99,.T.);
#809=EDGE_CURVE('',#1027,#1026,#100,.F.);
#810=EDGE_CURVE('',#986,#1027,#101,.T.);
#811=EDGE_CURVE('',#1028,#986,#102,.T.);
#812=EDGE_CURVE('',#1028,#1026,#103,.F.);
#813=EDGE_CURVE('',#980,#1025,#104,.F.);
#814=EDGE_CURVE('',#980,#1028,#105,.T.);
#815=EDGE_CURVE('',#987,#1021,#106,.F.);
#816=EDGE_CURVE('',#981,#976,#107,.F.);
#817=EDGE_CURVE('',#939,#1017,#108,.F.);
#818=EDGE_CURVE('',#987,#1024,#109,.T.);
#819=EDGE_CURVE('',#939,#1020,#110,.T.);
#820=EDGE_CURVE('',#940,#1013,#111,.F.);
#821=EDGE_CURVE('',#940,#1016,#112,.T.);
#822=EDGE_CURVE('',#954,#981,#113,.F.);
#823=EDGE_CURVE('',#974,#952,#114,.F.);
#824=EDGE_CURVE('',#975,#990,#115,.F.);
#825=EDGE_CURVE('',#962,#976,#116,.F.);
#826=EDGE_CURVE('',#1029,#943,#1170,.T.);
#827=EDGE_CURVE('',#1029,#1030,#1171,.T.);
#828=EDGE_CURVE('',#1030,#945,#1172,.T.);
#829=EDGE_CURVE('',#1031,#944,#1173,.T.);
#830=EDGE_CURVE('',#1029,#1031,#1174,.T.);
#831=EDGE_CURVE('',#1030,#1031,#1175,.T.);
#832=EDGE_CURVE('',#1032,#947,#1176,.T.);
#833=EDGE_CURVE('',#1032,#1033,#1177,.T.);
#834=EDGE_CURVE('',#1033,#948,#1178,.T.);
#835=EDGE_CURVE('',#1034,#946,#1179,.T.);
#836=EDGE_CURVE('',#1034,#1032,#1180,.T.);
#837=EDGE_CURVE('',#1033,#1034,#1181,.T.);
#838=EDGE_CURVE('',#1035,#950,#1182,.T.);
#839=EDGE_CURVE('',#1035,#1036,#1183,.T.);
#840=EDGE_CURVE('',#1036,#951,#1184,.T.);
#841=EDGE_CURVE('',#1037,#949,#1185,.T.);
#842=EDGE_CURVE('',#1037,#1035,#1186,.T.);
#843=EDGE_CURVE('',#1037,#1036,#1187,.T.);
#844=EDGE_CURVE('',#1038,#937,#1188,.T.);
#845=EDGE_CURVE('',#1039,#1038,#1189,.T.);
#846=EDGE_CURVE('',#1039,#936,#1190,.T.);
#847=EDGE_CURVE('',#1040,#938,#1191,.T.);
#848=EDGE_CURVE('',#1038,#1040,#1192,.T.);
#849=EDGE_CURVE('',#1040,#1039,#1193,.T.);
#850=EDGE_CURVE('',#1041,#934,#1194,.T.);
#851=EDGE_CURVE('',#1042,#1041,#1195,.T.);
#852=EDGE_CURVE('',#1042,#933,#1196,.T.);
#853=EDGE_CURVE('',#1043,#935,#1197,.T.);
#854=EDGE_CURVE('',#1041,#1043,#1198,.T.);
#855=EDGE_CURVE('',#1043,#1042,#1199,.T.);
#856=EDGE_CURVE('',#1044,#931,#1200,.T.);
#857=EDGE_CURVE('',#1045,#1044,#1201,.T.);
#858=EDGE_CURVE('',#1045,#930,#1202,.T.);
#859=EDGE_CURVE('',#1046,#932,#1203,.T.);
#860=EDGE_CURVE('',#1044,#1046,#1204,.T.);
#861=EDGE_CURVE('',#1046,#1045,#1205,.T.);
#862=EDGE_CURVE('',#887,#915,#1206,.T.);
#863=EDGE_CURVE('',#885,#916,#1207,.T.);
#864=EDGE_CURVE('',#1047,#917,#1208,.T.);
#865=EDGE_CURVE('',#888,#1047,#1209,.T.);
#866=EDGE_CURVE('',#886,#1047,#1210,.T.);
#867=EDGE_CURVE('',#882,#908,#1211,.T.);
#868=EDGE_CURVE('',#883,#909,#1212,.T.);
#869=EDGE_CURVE('',#884,#910,#1213,.T.);
#870=EDGE_CURVE('',#898,#918,#1214,.T.);
#871=EDGE_CURVE('',#896,#920,#1215,.T.);
#872=EDGE_CURVE('',#897,#919,#1216,.T.);
#873=EDGE_CURVE('',#901,#921,#1217,.T.);
#874=EDGE_CURVE('',#899,#923,#1218,.T.);
#875=EDGE_CURVE('',#900,#922,#1219,.T.);
#876=EDGE_CURVE('',#904,#924,#1220,.T.);
#877=EDGE_CURVE('',#903,#926,#1221,.T.);
#878=EDGE_CURVE('',#902,#925,#1222,.T.);
#879=EDGE_CURVE('',#905,#927,#1223,.T.);
#880=EDGE_CURVE('',#906,#928,#1224,.T.);
#881=EDGE_CURVE('',#907,#929,#1225,.T.);
#882=VERTEX_POINT('',#2297);
#883=VERTEX_POINT('',#2298);
#884=VERTEX_POINT('',#2300);
#885=VERTEX_POINT('',#2303);
#886=VERTEX_POINT('',#2304);
#887=VERTEX_POINT('',#2306);
#888=VERTEX_POINT('',#2308);
#889=VERTEX_POINT('',#2310);
#890=VERTEX_POINT('',#2312);
#891=VERTEX_POINT('',#2314);
#892=VERTEX_POINT('',#2316);
#893=VERTEX_POINT('',#2318);
#894=VERTEX_POINT('',#2320);
#895=VERTEX_POINT('',#2322);
#896=VERTEX_POINT('',#2325);
#897=VERTEX_POINT('',#2326);
#898=VERTEX_POINT('',#2328);
#899=VERTEX_POINT('',#2331);
#900=VERTEX_POINT('',#2332);
#901=VERTEX_POINT('',#2334);
#902=VERTEX_POINT('',#2337);
#903=VERTEX_POINT('',#2338);
#904=VERTEX_POINT('',#2340);
#905=VERTEX_POINT('',#2343);
#906=VERTEX_POINT('',#2344);
#907=VERTEX_POINT('',#2346);
#908=VERTEX_POINT('',#2350);
#909=VERTEX_POINT('',#2351);
#910=VERTEX_POINT('',#2353);
#911=VERTEX_POINT('',#2356);
#912=VERTEX_POINT('',#2357);
#913=VERTEX_POINT('',#2362);
#914=VERTEX_POINT('',#2367);
#915=VERTEX_POINT('',#2373);
#916=VERTEX_POINT('',#2374);
#917=VERTEX_POINT('',#2376);
#918=VERTEX_POINT('',#2379);
#919=VERTEX_POINT('',#2380);
#920=VERTEX_POINT('',#2382);
#921=VERTEX_POINT('',#2385);
#922=VERTEX_POINT('',#2386);
#923=VERTEX_POINT('',#2388);
#924=VERTEX_POINT('',#2391);
#925=VERTEX_POINT('',#2392);
#926=VERTEX_POINT('',#2394);
#927=VERTEX_POINT('',#2397);
#928=VERTEX_POINT('',#2398);
#929=VERTEX_POINT('',#2400);
#930=VERTEX_POINT('',#2404);
#931=VERTEX_POINT('',#2405);
#932=VERTEX_POINT('',#2407);
#933=VERTEX_POINT('',#2410);
#934=VERTEX_POINT('',#2411);
#935=VERTEX_POINT('',#2413);
#936=VERTEX_POINT('',#2416);
#937=VERTEX_POINT('',#2417);
#938=VERTEX_POINT('',#2419);
#939=VERTEX_POINT('',#2425);
#940=VERTEX_POINT('',#2426);
#941=VERTEX_POINT('',#2431);
#942=VERTEX_POINT('',#2433);
#943=VERTEX_POINT('',#2439);
#944=VERTEX_POINT('',#2440);
#945=VERTEX_POINT('',#2442);
#946=VERTEX_POINT('',#2445);
#947=VERTEX_POINT('',#2446);
#948=VERTEX_POINT('',#2448);
#949=VERTEX_POINT('',#2451);
#950=VERTEX_POINT('',#2452);
#951=VERTEX_POINT('',#2454);
#952=VERTEX_POINT('',#2458);
#953=VERTEX_POINT('',#2459);
#954=VERTEX_POINT('',#2464);
#955=VERTEX_POINT('',#2466);
#956=VERTEX_POINT('',#2470);
#957=VERTEX_POINT('',#2471);
#958=VERTEX_POINT('',#2473);
#959=VERTEX_POINT('',#2475);
#960=VERTEX_POINT('',#2478);
#961=VERTEX_POINT('',#2480);
#962=VERTEX_POINT('',#2487);
#963=VERTEX_POINT('',#2489);
#964=VERTEX_POINT('',#2491);
#965=VERTEX_POINT('',#2493);
#966=VERTEX_POINT('',#2495);
#967=VERTEX_POINT('',#2497);
#968=VERTEX_POINT('',#2499);
#969=VERTEX_POINT('',#2501);
#970=VERTEX_POINT('',#2503);
#971=VERTEX_POINT('',#2506);
#972=VERTEX_POINT('',#2509);
#973=VERTEX_POINT('',#2511);
#974=VERTEX_POINT('',#2518);
#975=VERTEX_POINT('',#2519);
#976=VERTEX_POINT('',#2524);
#977=VERTEX_POINT('',#2529);
#978=VERTEX_POINT('',#2534);
#979=VERTEX_POINT('',#2536);
#980=VERTEX_POINT('',#2541);
#981=VERTEX_POINT('',#2546);
#982=VERTEX_POINT('',#2553);
#983=VERTEX_POINT('',#2554);
#984=VERTEX_POINT('',#2559);
#985=VERTEX_POINT('',#2564);
#986=VERTEX_POINT('',#2574);
#987=VERTEX_POINT('',#2575);
#988=VERTEX_POINT('',#2580);
#989=VERTEX_POINT('',#2585);
#990=VERTEX_POINT('',#2595);
#991=VERTEX_POINT('',#2597);
#992=VERTEX_POINT('',#2601);
#993=VERTEX_POINT('',#2605);
#994=VERTEX_POINT('',#2609);
#995=VERTEX_POINT('',#2610);
#996=VERTEX_POINT('',#2614);
#997=VERTEX_POINT('',#2617);
#998=VERTEX_POINT('',#2621);
#999=VERTEX_POINT('',#2624);
#1000=VERTEX_POINT('',#2646);
#1001=VERTEX_POINT('',#2647);
#1002=VERTEX_POINT('',#2654);
#1003=VERTEX_POINT('',#2656);
#1004=VERTEX_POINT('',#2661);
#1005=VERTEX_POINT('',#2665);
#1006=VERTEX_POINT('',#2667);
#1007=VERTEX_POINT('',#2673);
#1008=VERTEX_POINT('',#2679);
#1009=VERTEX_POINT('',#2681);
#1010=VERTEX_POINT('',#2685);
#1011=VERTEX_POINT('',#2689);
#1012=VERTEX_POINT('',#2691);
#1013=VERTEX_POINT('',#2776);
#1014=VERTEX_POINT('',#2777);
#1015=VERTEX_POINT('',#2786);
#1016=VERTEX_POINT('',#2867);
#1017=VERTEX_POINT('',#2948);
#1018=VERTEX_POINT('',#2949);
#1019=VERTEX_POINT('',#2958);
#1020=VERTEX_POINT('',#3039);
#1021=VERTEX_POINT('',#3120);
#1022=VERTEX_POINT('',#3121);
#1023=VERTEX_POINT('',#3130);
#1024=VERTEX_POINT('',#3211);
#1025=VERTEX_POINT('',#3292);
#1026=VERTEX_POINT('',#3293);
#1027=VERTEX_POINT('',#3302);
#1028=VERTEX_POINT('',#3383);
#1029=VERTEX_POINT('',#3798);
#1030=VERTEX_POINT('',#3800);
#1031=VERTEX_POINT('',#3804);
#1032=VERTEX_POINT('',#3811);
#1033=VERTEX_POINT('',#3813);
#1034=VERTEX_POINT('',#3817);
#1035=VERTEX_POINT('',#3824);
#1036=VERTEX_POINT('',#3826);
#1037=VERTEX_POINT('',#3830);
#1038=VERTEX_POINT('',#3837);
#1039=VERTEX_POINT('',#3839);
#1040=VERTEX_POINT('',#3843);
#1041=VERTEX_POINT('',#3850);
#1042=VERTEX_POINT('',#3852);
#1043=VERTEX_POINT('',#3856);
#1044=VERTEX_POINT('',#3863);
#1045=VERTEX_POINT('',#3865);
#1046=VERTEX_POINT('',#3869);
#1047=VERTEX_POINT('',#3879);
#1048=LINE('',#2296,#1226);
#1049=LINE('',#2299,#1227);
#1050=LINE('',#2301,#1228);
#1051=LINE('',#2302,#1229);
#1052=LINE('',#2305,#1230);
#1053=LINE('',#2307,#1231);
#1054=LINE('',#2309,#1232);
#1055=LINE('',#2311,#1233);
#1056=LINE('',#2313,#1234);
#1057=LINE('',#2315,#1235);
#1058=LINE('',#2317,#1236);
#1059=LINE('',#2319,#1237);
#1060=LINE('',#2321,#1238);
#1061=LINE('',#2323,#1239);
#1062=LINE('',#2324,#1240);
#1063=LINE('',#2327,#1241);
#1064=LINE('',#2329,#1242);
#1065=LINE('',#2330,#1243);
#1066=LINE('',#2333,#1244);
#1067=LINE('',#2335,#1245);
#1068=LINE('',#2336,#1246);
#1069=LINE('',#2339,#1247);
#1070=LINE('',#2341,#1248);
#1071=LINE('',#2342,#1249);
#1072=LINE('',#2345,#1250);
#1073=LINE('',#2347,#1251);
#1074=LINE('',#2349,#1252);
#1075=LINE('',#2352,#1253);
#1076=LINE('',#2354,#1254);
#1077=LINE('',#2355,#1255);
#1078=LINE('',#2372,#1256);
#1079=LINE('',#2375,#1257);
#1080=LINE('',#2377,#1258);
#1081=LINE('',#2378,#1259);
#1082=LINE('',#2381,#1260);
#1083=LINE('',#2383,#1261);
#1084=LINE('',#2384,#1262);
#1085=LINE('',#2387,#1263);
#1086=LINE('',#2389,#1264);
#1087=LINE('',#2390,#1265);
#1088=LINE('',#2393,#1266);
#1089=LINE('',#2395,#1267);
#1090=LINE('',#2396,#1268);
#1091=LINE('',#2399,#1269);
#1092=LINE('',#2401,#1270);
#1093=LINE('',#2403,#1271);
#1094=LINE('',#2406,#1272);
#1095=LINE('',#2408,#1273);
#1096=LINE('',#2409,#1274);
#1097=LINE('',#2412,#1275);
#1098=LINE('',#2414,#1276);
#1099=LINE('',#2415,#1277);
#1100=LINE('',#2418,#1278);
#1101=LINE('',#2420,#1279);
#1102=LINE('',#2432,#1280);
#1103=LINE('',#2438,#1281);
#1104=LINE('',#2441,#1282);
#1105=LINE('',#2443,#1283);
#1106=LINE('',#2444,#1284);
#1107=LINE('',#2447,#1285);
#1108=LINE('',#2449,#1286);
#1109=LINE('',#2450,#1287);
#1110=LINE('',#2453,#1288);
#1111=LINE('',#2455,#1289);
#1112=LINE('',#2457,#1290);
#1113=LINE('',#2465,#1291);
#1114=LINE('',#2467,#1292);
#1115=LINE('',#2469,#1293);
#1116=LINE('',#2472,#1294);
#1117=LINE('',#2474,#1295);
#1118=LINE('',#2476,#1296);
#1119=LINE('',#2477,#1297);
#1120=LINE('',#2479,#1298);
#1121=LINE('',#2481,#1299);
#1122=LINE('',#2488,#1300);
#1123=LINE('',#2490,#1301);
#1124=LINE('',#2492,#1302);
#1125=LINE('',#2494,#1303);
#1126=LINE('',#2496,#1304);
#1127=LINE('',#2498,#1305);
#1128=LINE('',#2500,#1306);
#1129=LINE('',#2502,#1307);
#1130=LINE('',#2504,#1308);
#1131=LINE('',#2505,#1309);
#1132=LINE('',#2507,#1310);
#1133=LINE('',#2508,#1311);
#1134=LINE('',#2510,#1312);
#1135=LINE('',#2512,#1313);
#1136=LINE('',#2535,#1314);
#1137=LINE('',#2552,#1315);
#1138=LINE('',#2596,#1316);
#1139=LINE('',#2598,#1317);
#1140=LINE('',#2600,#1318);
#1141=LINE('',#2602,#1319);
#1142=LINE('',#2604,#1320);
#1143=LINE('',#2606,#1321);
#1144=LINE('',#2608,#1322);
#1145=LINE('',#2611,#1323);
#1146=LINE('',#2612,#1324);
#1147=LINE('',#2613,#1325);
#1148=LINE('',#2615,#1326);
#1149=LINE('',#2616,#1327);
#1150=LINE('',#2618,#1328);
#1151=LINE('',#2620,#1329);
#1152=LINE('',#2622,#1330);
#1153=LINE('',#2623,#1331);
#1154=LINE('',#2625,#1332);
#1155=LINE('',#2626,#1333);
#1156=LINE('',#2645,#1334);
#1157=LINE('',#2648,#1335);
#1158=LINE('',#2649,#1336);
#1159=LINE('',#2651,#1337);
#1160=LINE('',#2658,#1338);
#1161=LINE('',#2660,#1339);
#1162=LINE('',#2662,#1340);
#1163=LINE('',#2669,#1341);
#1164=LINE('',#2672,#1342);
#1165=LINE('',#2674,#1343);
#1166=LINE('',#2676,#1344);
#1167=LINE('',#2684,#1345);
#1168=LINE('',#2686,#1346);
#1169=LINE('',#2693,#1347);
#1170=LINE('',#3797,#1348);
#1171=LINE('',#3799,#1349);
#1172=LINE('',#3801,#1350);
#1173=LINE('',#3803,#1351);
#1174=LINE('',#3805,#1352);
#1175=LINE('',#3807,#1353);
#1176=LINE('',#3810,#1354);
#1177=LINE('',#3812,#1355);
#1178=LINE('',#3814,#1356);
#1179=LINE('',#3816,#1357);
#1180=LINE('',#3818,#1358);
#1181=LINE('',#3820,#1359);
#1182=LINE('',#3823,#1360);
#1183=LINE('',#3825,#1361);
#1184=LINE('',#3827,#1362);
#1185=LINE('',#3829,#1363);
#1186=LINE('',#3831,#1364);
#1187=LINE('',#3833,#1365);
#1188=LINE('',#3836,#1366);
#1189=LINE('',#3838,#1367);
#1190=LINE('',#3840,#1368);
#1191=LINE('',#3842,#1369);
#1192=LINE('',#3844,#1370);
#1193=LINE('',#3846,#1371);
#1194=LINE('',#3849,#1372);
#1195=LINE('',#3851,#1373);
#1196=LINE('',#3853,#1374);
#1197=LINE('',#3855,#1375);
#1198=LINE('',#3857,#1376);
#1199=LINE('',#3859,#1377);
#1200=LINE('',#3862,#1378);
#1201=LINE('',#3864,#1379);
#1202=LINE('',#3866,#1380);
#1203=LINE('',#3868,#1381);
#1204=LINE('',#3870,#1382);
#1205=LINE('',#3872,#1383);
#1206=LINE('',#3875,#1384);
#1207=LINE('',#3876,#1385);
#1208=LINE('',#3878,#1386);
#1209=LINE('',#3880,#1387);
#1210=LINE('',#3882,#1388);
#1211=LINE('',#3885,#1389);
#1212=LINE('',#3886,#1390);
#1213=LINE('',#3888,#1391);
#1214=LINE('',#3891,#1392);
#1215=LINE('',#3892,#1393);
#1216=LINE('',#3894,#1394);
#1217=LINE('',#3897,#1395);
#1218=LINE('',#3898,#1396);
#1219=LINE('',#3900,#1397);
#1220=LINE('',#3903,#1398);
#1221=LINE('',#3904,#1399);
#1222=LINE('',#3906,#1400);
#1223=LINE('',#3909,#1401);
#1224=LINE('',#3910,#1402);
#1225=LINE('',#3912,#1403);
#1226=VECTOR('',#1944,1.);
#1227=VECTOR('',#1945,1.);
#1228=VECTOR('',#1946,1.);
#1229=VECTOR('',#1947,1.);
#1230=VECTOR('',#1948,1.);
#1231=VECTOR('',#1949,1.);
#1232=VECTOR('',#1950,1.);
#1233=VECTOR('',#1951,1.);
#1234=VECTOR('',#1952,1.);
#1235=VECTOR('',#1953,1.);
#1236=VECTOR('',#1954,1.);
#1237=VECTOR('',#1955,1.);
#1238=VECTOR('',#1956,1.);
#1239=VECTOR('',#1957,1.);
#1240=VECTOR('',#1958,1.);
#1241=VECTOR('',#1959,1.);
#1242=VECTOR('',#1960,1.);
#1243=VECTOR('',#1961,1.);
#1244=VECTOR('',#1962,1.);
#1245=VECTOR('',#1963,1.);
#1246=VECTOR('',#1964,1.);
#1247=VECTOR('',#1965,1.);
#1248=VECTOR('',#1966,1.);
#1249=VECTOR('',#1967,1.);
#1250=VECTOR('',#1968,1.);
#1251=VECTOR('',#1969,1.);
#1252=VECTOR('',#1972,1.);
#1253=VECTOR('',#1973,1.);
#1254=VECTOR('',#1974,1.);
#1255=VECTOR('',#1975,1.);
#1256=VECTOR('',#1976,1.);
#1257=VECTOR('',#1977,1.);
#1258=VECTOR('',#1978,1.);
#1259=VECTOR('',#1979,1.);
#1260=VECTOR('',#1980,1.);
#1261=VECTOR('',#1981,1.);
#1262=VECTOR('',#1982,1.);
#1263=VECTOR('',#1983,1.);
#1264=VECTOR('',#1984,1.);
#1265=VECTOR('',#1985,1.);
#1266=VECTOR('',#1986,1.);
#1267=VECTOR('',#1987,1.);
#1268=VECTOR('',#1988,1.);
#1269=VECTOR('',#1989,1.);
#1270=VECTOR('',#1990,1.);
#1271=VECTOR('',#1993,1.);
#1272=VECTOR('',#1994,1.);
#1273=VECTOR('',#1995,1.);
#1274=VECTOR('',#1996,1.);
#1275=VECTOR('',#1997,1.);
#1276=VECTOR('',#1998,1.);
#1277=VECTOR('',#1999,1.);
#1278=VECTOR('',#2000,1.);
#1279=VECTOR('',#2001,1.);
#1280=VECTOR('',#2002,1.);
#1281=VECTOR('',#2003,1.);
#1282=VECTOR('',#2004,1.);
#1283=VECTOR('',#2005,1.);
#1284=VECTOR('',#2006,1.);
#1285=VECTOR('',#2007,1.);
#1286=VECTOR('',#2008,1.);
#1287=VECTOR('',#2009,1.);
#1288=VECTOR('',#2010,1.);
#1289=VECTOR('',#2011,1.);
#1290=VECTOR('',#2014,1.);
#1291=VECTOR('',#2015,1.);
#1292=VECTOR('',#2016,1.);
#1293=VECTOR('',#2019,1.);
#1294=VECTOR('',#2020,1.);
#1295=VECTOR('',#2021,1.);
#1296=VECTOR('',#2022,1.);
#1297=VECTOR('',#2023,1.);
#1298=VECTOR('',#2024,1.);
#1299=VECTOR('',#2025,1.);
#1300=VECTOR('',#2028,1.);
#1301=VECTOR('',#2029,1.);
#1302=VECTOR('',#2030,1.);
#1303=VECTOR('',#2031,1.);
#1304=VECTOR('',#2032,1.);
#1305=VECTOR('',#2033,1.);
#1306=VECTOR('',#2034,1.);
#1307=VECTOR('',#2035,1.);
#1308=VECTOR('',#2036,1.);
#1309=VECTOR('',#2037,1.);
#1310=VECTOR('',#2038,1.);
#1311=VECTOR('',#2039,1.);
#1312=VECTOR('',#2040,1.);
#1313=VECTOR('',#2041,1.);
#1314=VECTOR('',#2044,1.);
#1315=VECTOR('',#2047,1.);
#1316=VECTOR('',#2052,1.);
#1317=VECTOR('',#2053,1.);
#1318=VECTOR('',#2056,1.);
#1319=VECTOR('',#2057,1.);
#1320=VECTOR('',#2060,1.);
#1321=VECTOR('',#2061,1.);
#1322=VECTOR('',#2064,1.);
#1323=VECTOR('',#2065,1.);
#1324=VECTOR('',#2066,1.);
#1325=VECTOR('',#2067,1.);
#1326=VECTOR('',#2068,1.);
#1327=VECTOR('',#2069,1.);
#1328=VECTOR('',#2070,1.);
#1329=VECTOR('',#2073,1.);
#1330=VECTOR('',#2074,1.);
#1331=VECTOR('',#2075,1.);
#1332=VECTOR('',#2076,1.);
#1333=VECTOR('',#2077,1.);
#1334=VECTOR('',#2082,1.);
#1335=VECTOR('',#2083,1.);
#1336=VECTOR('',#2084,1.);
#1337=VECTOR('',#2087,1.);
#1338=VECTOR('',#2096,1.);
#1339=VECTOR('',#2099,1.);
#1340=VECTOR('',#2100,1.);
#1341=VECTOR('',#2109,1.);
#1342=VECTOR('',#2114,1.);
#1343=VECTOR('',#2115,1.);
#1344=VECTOR('',#2118,1.);
#1345=VECTOR('',#2129,1.);
#1346=VECTOR('',#2130,1.);
#1347=VECTOR('',#2139,1.);
#1348=VECTOR('',#2154,1.);
#1349=VECTOR('',#2155,1.);
#1350=VECTOR('',#2156,1.);
#1351=VECTOR('',#2159,1.);
#1352=VECTOR('',#2160,1.);
#1353=VECTOR('',#2163,1.);
#1354=VECTOR('',#2168,1.);
#1355=VECTOR('',#2169,1.);
#1356=VECTOR('',#2170,1.);
#1357=VECTOR('',#2173,1.);
#1358=VECTOR('',#2174,1.);
#1359=VECTOR('',#2177,1.);
#1360=VECTOR('',#2182,1.);
#1361=VECTOR('',#2183,1.);
#1362=VECTOR('',#2184,1.);
#1363=VECTOR('',#2187,1.);
#1364=VECTOR('',#2188,1.);
#1365=VECTOR('',#2191,1.);
#1366=VECTOR('',#2196,1.);
#1367=VECTOR('',#2197,1.);
#1368=VECTOR('',#2198,1.);
#1369=VECTOR('',#2201,1.);
#1370=VECTOR('',#2202,1.);
#1371=VECTOR('',#2205,1.);
#1372=VECTOR('',#2210,1.);
#1373=VECTOR('',#2211,1.);
#1374=VECTOR('',#2212,1.);
#1375=VECTOR('',#2215,1.);
#1376=VECTOR('',#2216,1.);
#1377=VECTOR('',#2219,1.);
#1378=VECTOR('',#2224,1.);
#1379=VECTOR('',#2225,1.);
#1380=VECTOR('',#2226,1.);
#1381=VECTOR('',#2229,1.);
#1382=VECTOR('',#2230,1.);
#1383=VECTOR('',#2233,1.);
#1384=VECTOR('',#2238,1.);
#1385=VECTOR('',#2239,1.);
#1386=VECTOR('',#2242,1.);
#1387=VECTOR('',#2243,1.);
#1388=VECTOR('',#2246,1.);
#1389=VECTOR('',#2251,1.);
#1390=VECTOR('',#2252,1.);
#1391=VECTOR('',#2255,1.);
#1392=VECTOR('',#2260,1.);
#1393=VECTOR('',#2261,1.);
#1394=VECTOR('',#2264,1.);
#1395=VECTOR('',#2269,1.);
#1396=VECTOR('',#2270,1.);
#1397=VECTOR('',#2273,1.);
#1398=VECTOR('',#2278,1.);
#1399=VECTOR('',#2279,1.);
#1400=VECTOR('',#2282,1.);
#1401=VECTOR('',#2287,1.);
#1402=VECTOR('',#2288,1.);
#1403=VECTOR('',#2291,1.);
#1404=EDGE_LOOP('',(#117,#118,#119));
#1405=EDGE_LOOP('',(#120,#121,#122,#123,#124,#125,#126,#127,#128,#129,#130));
#1406=EDGE_LOOP('',(#131,#132,#133));
#1407=EDGE_LOOP('',(#134,#135,#136));
#1408=EDGE_LOOP('',(#137,#138,#139));
#1409=EDGE_LOOP('',(#140,#141,#142));
#1410=EDGE_LOOP('',(#143,#144,#145));
#1411=EDGE_LOOP('',(#146,#147,#148,#149));
#1412=EDGE_LOOP('',(#150,#151,#152));
#1413=EDGE_LOOP('',(#153,#154,#155));
#1414=EDGE_LOOP('',(#156,#157,#158));
#1415=EDGE_LOOP('',(#159,#160,#161));
#1416=EDGE_LOOP('',(#162,#163,#164));
#1417=EDGE_LOOP('',(#165,#166,#167));
#1418=EDGE_LOOP('',(#168,#169,#170));
#1419=EDGE_LOOP('',(#171,#172,#173));
#1420=EDGE_LOOP('',(#174,#175,#176,#177));
#1421=EDGE_LOOP('',(#178,#179,#180));
#1422=EDGE_LOOP('',(#181,#182,#183));
#1423=EDGE_LOOP('',(#184,#185,#186));
#1424=EDGE_LOOP('',(#187,#188,#189,#190));
#1425=EDGE_LOOP('',(#191,#192,#193,#194,#195,#196,#197,#198));
#1426=EDGE_LOOP('',(#199,#200,#201,#202,#203,#204,#205,#206,#207,#208,#209,
#210,#211,#212,#213,#214,#215,#216));
#1427=EDGE_LOOP('',(#217,#218,#219,#220,#221,#222,#223,#224));
#1428=EDGE_LOOP('',(#225,#226,#227,#228));
#1429=EDGE_LOOP('',(#229,#230,#231,#232));
#1430=EDGE_LOOP('',(#233,#234,#235,#236));
#1431=EDGE_LOOP('',(#237,#238,#239,#240));
#1432=EDGE_LOOP('',(#241,#242,#243,#244));
#1433=EDGE_LOOP('',(#245,#246,#247,#248,#249,#250,#251,#252,#253,#254,#255,
#256));
#1434=EDGE_LOOP('',(#257,#258,#259,#260,#261,#262,#263,#264));
#1435=EDGE_LOOP('',(#265,#266,#267,#268,#269,#270,#271,#272));
#1436=EDGE_LOOP('',(#273,#274,#275,#276));
#1437=EDGE_LOOP('',(#277,#278,#279,#280,#281));
#1438=EDGE_LOOP('',(#282,#283,#284,#285));
#1439=EDGE_LOOP('',(#286));
#1440=EDGE_LOOP('',(#287));
#1441=EDGE_LOOP('',(#288,#289,#290,#291,#292));
#1442=EDGE_LOOP('',(#293));
#1443=EDGE_LOOP('',(#294,#295,#296,#297));
#1444=EDGE_LOOP('',(#298));
#1445=EDGE_LOOP('',(#299));
#1446=EDGE_LOOP('',(#300,#301,#302,#303));
#1447=EDGE_LOOP('',(#304));
#1448=EDGE_LOOP('',(#305,#306,#307,#308));
#1449=EDGE_LOOP('',(#309,#310,#311,#312));
#1450=EDGE_LOOP('',(#313,#314,#315,#316));
#1451=EDGE_LOOP('',(#317));
#1452=EDGE_LOOP('',(#318));
#1453=EDGE_LOOP('',(#319,#320,#321,#322));
#1454=EDGE_LOOP('',(#323));
#1455=EDGE_LOOP('',(#324,#325,#326,#327));
#1456=EDGE_LOOP('',(#328));
#1457=EDGE_LOOP('',(#329));
#1458=EDGE_LOOP('',(#330,#331,#332,#333));
#1459=EDGE_LOOP('',(#334));
#1460=EDGE_LOOP('',(#335,#336,#337,#338));
#1461=EDGE_LOOP('',(#339));
#1462=EDGE_LOOP('',(#340));
#1463=EDGE_LOOP('',(#341));
#1464=EDGE_LOOP('',(#342));
#1465=EDGE_LOOP('',(#343,#344,#345,#346,#347,#348));
#1466=EDGE_LOOP('',(#349,#350,#351,#352));
#1467=EDGE_LOOP('',(#353,#354,#355,#356));
#1468=EDGE_LOOP('',(#357,#358,#359,#360));
#1469=EDGE_LOOP('',(#361,#362,#363,#364));
#1470=EDGE_LOOP('',(#365,#366,#367,#368));
#1471=EDGE_LOOP('',(#369,#370,#371,#372));
#1472=EDGE_LOOP('',(#373,#374,#375,#376));
#1473=EDGE_LOOP('',(#377,#378,#379,#380));
#1474=EDGE_LOOP('',(#381,#382,#383,#384,#385));
#1475=EDGE_LOOP('',(#386,#387,#388,#389));
#1476=EDGE_LOOP('',(#390,#391,#392,#393,#394));
#1477=EDGE_LOOP('',(#395,#396,#397,#398,#399,#400));
#1478=EDGE_LOOP('',(#401,#402,#403,#404,#405,#406,#407,#408));
#1479=EDGE_LOOP('',(#409,#410,#411,#412,#413));
#1480=EDGE_LOOP('',(#414,#415,#416,#417));
#1481=EDGE_LOOP('',(#418,#419,#420,#421));
#1482=EDGE_LOOP('',(#422,#423,#424,#425,#426,#427));
#1483=EDGE_LOOP('',(#428,#429,#430,#431,#432,#433));
#1484=EDGE_LOOP('',(#434,#435,#436,#437));
#1485=EDGE_LOOP('',(#438,#439,#440,#441,#442));
#1486=EDGE_LOOP('',(#443,#444,#445,#446));
#1487=EDGE_LOOP('',(#447,#448,#449,#450));
#1488=EDGE_LOOP('',(#451,#452,#453,#454));
#1489=EDGE_LOOP('',(#455,#456,#457,#458));
#1490=EDGE_LOOP('',(#459,#460,#461,#462));
#1491=EDGE_LOOP('',(#463,#464,#465,#466));
#1492=EDGE_LOOP('',(#467,#468,#469,#470));
#1493=EDGE_LOOP('',(#471,#472,#473));
#1494=EDGE_LOOP('',(#474,#475,#476,#477));
#1495=EDGE_LOOP('',(#478,#479,#480,#481));
#1496=EDGE_LOOP('',(#482,#483,#484,#485));
#1497=EDGE_LOOP('',(#486,#487,#488));
#1498=EDGE_LOOP('',(#489,#490,#491,#492));
#1499=EDGE_LOOP('',(#493,#494,#495,#496));
#1500=EDGE_LOOP('',(#497,#498,#499,#500));
#1501=EDGE_LOOP('',(#501,#502,#503));
#1502=EDGE_LOOP('',(#504,#505,#506,#507));
#1503=EDGE_LOOP('',(#508,#509,#510,#511));
#1504=EDGE_LOOP('',(#512,#513,#514,#515));
#1505=EDGE_LOOP('',(#516,#517,#518));
#1506=EDGE_LOOP('',(#519,#520,#521,#522));
#1507=EDGE_LOOP('',(#523,#524,#525,#526));
#1508=EDGE_LOOP('',(#527,#528,#529,#530));
#1509=EDGE_LOOP('',(#531,#532,#533));
#1510=EDGE_LOOP('',(#534,#535,#536,#537));
#1511=EDGE_LOOP('',(#538,#539,#540,#541));
#1512=EDGE_LOOP('',(#542,#543,#544,#545));
#1513=EDGE_LOOP('',(#546,#547,#548));
#1514=EDGE_LOOP('',(#549,#550,#551,#552));
#1515=EDGE_LOOP('',(#553,#554,#555,#556,#557));
#1516=EDGE_LOOP('',(#558,#559,#560,#561,#562));
#1517=EDGE_LOOP('',(#563,#564,#565,#566));
#1518=EDGE_LOOP('',(#567,#568,#569,#570));
#1519=EDGE_LOOP('',(#571,#572,#573,#574));
#1520=EDGE_LOOP('',(#575,#576,#577,#578));
#1521=EDGE_LOOP('',(#579,#580,#581,#582));
#1522=EDGE_LOOP('',(#583,#584,#585,#586));
#1523=EDGE_LOOP('',(#587,#588,#589,#590));
#1524=EDGE_LOOP('',(#591,#592,#593,#594));
#1525=EDGE_LOOP('',(#595,#596,#597,#598));
#1526=EDGE_LOOP('',(#599,#600,#601,#602));
#1527=EDGE_LOOP('',(#603,#604,#605,#606));
#1528=EDGE_LOOP('',(#607,#608,#609,#610));
#1529=EDGE_LOOP('',(#611,#612,#613,#614));
#1530=EDGE_LOOP('',(#615,#616,#617,#618));
#1531=EDGE_LOOP('',(#619,#620,#621,#622));
#1532=EDGE_LOOP('',(#623,#624,#625,#626));
#1533=FACE_BOUND('',#1404,.T.);
#1534=FACE_BOUND('',#1405,.T.);
#1535=FACE_BOUND('',#1406,.T.);
#1536=FACE_BOUND('',#1407,.T.);
#1537=FACE_BOUND('',#1408,.T.);
#1538=FACE_BOUND('',#1409,.T.);
#1539=FACE_BOUND('',#1410,.T.);
#1540=FACE_BOUND('',#1411,.T.);
#1541=FACE_BOUND('',#1412,.T.);
#1542=FACE_BOUND('',#1413,.T.);
#1543=FACE_BOUND('',#1414,.T.);
#1544=FACE_BOUND('',#1415,.T.);
#1545=FACE_BOUND('',#1416,.T.);
#1546=FACE_BOUND('',#1417,.T.);
#1547=FACE_BOUND('',#1418,.T.);
#1548=FACE_BOUND('',#1419,.T.);
#1549=FACE_BOUND('',#1420,.T.);
#1550=FACE_BOUND('',#1421,.T.);
#1551=FACE_BOUND('',#1422,.T.);
#1552=FACE_BOUND('',#1423,.T.);
#1553=FACE_BOUND('',#1424,.T.);
#1554=FACE_BOUND('',#1425,.T.);
#1555=FACE_BOUND('',#1426,.T.);
#1556=FACE_BOUND('',#1427,.T.);
#1557=FACE_BOUND('',#1428,.T.);
#1558=FACE_BOUND('',#1429,.T.);
#1559=FACE_BOUND('',#1430,.T.);
#1560=FACE_BOUND('',#1431,.T.);
#1561=FACE_BOUND('',#1432,.T.);
#1562=FACE_BOUND('',#1433,.T.);
#1563=FACE_BOUND('',#1434,.T.);
#1564=FACE_BOUND('',#1435,.T.);
#1565=FACE_BOUND('',#1436,.T.);
#1566=FACE_BOUND('',#1437,.T.);
#1567=FACE_BOUND('',#1438,.T.);
#1568=FACE_BOUND('',#1439,.T.);
#1569=FACE_BOUND('',#1440,.T.);
#1570=FACE_BOUND('',#1441,.T.);
#1571=FACE_BOUND('',#1442,.T.);
#1572=FACE_BOUND('',#1443,.T.);
#1573=FACE_BOUND('',#1444,.T.);
#1574=FACE_BOUND('',#1445,.T.);
#1575=FACE_BOUND('',#1446,.T.);
#1576=FACE_BOUND('',#1447,.T.);
#1577=FACE_BOUND('',#1448,.T.);
#1578=FACE_BOUND('',#1449,.T.);
#1579=FACE_BOUND('',#1450,.T.);
#1580=FACE_BOUND('',#1451,.T.);
#1581=FACE_BOUND('',#1452,.T.);
#1582=FACE_BOUND('',#1453,.T.);
#1583=FACE_BOUND('',#1454,.T.);
#1584=FACE_BOUND('',#1455,.T.);
#1585=FACE_BOUND('',#1456,.T.);
#1586=FACE_BOUND('',#1457,.T.);
#1587=FACE_BOUND('',#1458,.T.);
#1588=FACE_BOUND('',#1459,.T.);
#1589=FACE_BOUND('',#1460,.T.);
#1590=FACE_BOUND('',#1461,.T.);
#1591=FACE_BOUND('',#1462,.T.);
#1592=FACE_BOUND('',#1463,.T.);
#1593=FACE_BOUND('',#1464,.T.);
#1594=FACE_BOUND('',#1465,.T.);
#1595=FACE_BOUND('',#1466,.T.);
#1596=FACE_BOUND('',#1467,.T.);
#1597=FACE_BOUND('',#1468,.T.);
#1598=FACE_BOUND('',#1469,.T.);
#1599=FACE_BOUND('',#1470,.T.);
#1600=FACE_BOUND('',#1471,.T.);
#1601=FACE_BOUND('',#1472,.T.);
#1602=FACE_BOUND('',#1473,.T.);
#1603=FACE_BOUND('',#1474,.T.);
#1604=FACE_BOUND('',#1475,.T.);
#1605=FACE_BOUND('',#1476,.T.);
#1606=FACE_BOUND('',#1477,.T.);
#1607=FACE_BOUND('',#1478,.T.);
#1608=FACE_BOUND('',#1479,.T.);
#1609=FACE_BOUND('',#1480,.T.);
#1610=FACE_BOUND('',#1481,.T.);
#1611=FACE_BOUND('',#1482,.T.);
#1612=FACE_BOUND('',#1483,.T.);
#1613=FACE_BOUND('',#1484,.T.);
#1614=FACE_BOUND('',#1485,.T.);
#1615=FACE_BOUND('',#1486,.T.);
#1616=FACE_BOUND('',#1487,.T.);
#1617=FACE_BOUND('',#1488,.T.);
#1618=FACE_BOUND('',#1489,.T.);
#1619=FACE_BOUND('',#1490,.T.);
#1620=FACE_BOUND('',#1491,.T.);
#1621=FACE_BOUND('',#1492,.T.);
#1622=FACE_BOUND('',#1493,.T.);
#1623=FACE_BOUND('',#1494,.T.);
#1624=FACE_BOUND('',#1495,.T.);
#1625=FACE_BOUND('',#1496,.T.);
#1626=FACE_BOUND('',#1497,.T.);
#1627=FACE_BOUND('',#1498,.T.);
#1628=FACE_BOUND('',#1499,.T.);
#1629=FACE_BOUND('',#1500,.T.);
#1630=FACE_BOUND('',#1501,.T.);
#1631=FACE_BOUND('',#1502,.T.);
#1632=FACE_BOUND('',#1503,.T.);
#1633=FACE_BOUND('',#1504,.T.);
#1634=FACE_BOUND('',#1505,.T.);
#1635=FACE_BOUND('',#1506,.T.);
#1636=FACE_BOUND('',#1507,.T.);
#1637=FACE_BOUND('',#1508,.T.);
#1638=FACE_BOUND('',#1509,.T.);
#1639=FACE_BOUND('',#1510,.T.);
#1640=FACE_BOUND('',#1511,.T.);
#1641=FACE_BOUND('',#1512,.T.);
#1642=FACE_BOUND('',#1513,.T.);
#1643=FACE_BOUND('',#1514,.T.);
#1644=FACE_BOUND('',#1515,.T.);
#1645=FACE_BOUND('',#1516,.T.);
#1646=FACE_BOUND('',#1517,.T.);
#1647=FACE_BOUND('',#1518,.T.);
#1648=FACE_BOUND('',#1519,.T.);
#1649=FACE_BOUND('',#1520,.T.);
#1650=FACE_BOUND('',#1521,.T.);
#1651=FACE_BOUND('',#1522,.T.);
#1652=FACE_BOUND('',#1523,.T.);
#1653=FACE_BOUND('',#1524,.T.);
#1654=FACE_BOUND('',#1525,.T.);
#1655=FACE_BOUND('',#1526,.T.);
#1656=FACE_BOUND('',#1527,.T.);
#1657=FACE_BOUND('',#1528,.T.);
#1658=FACE_BOUND('',#1529,.T.);
#1659=FACE_BOUND('',#1530,.T.);
#1660=FACE_BOUND('',#1531,.T.);
#1661=FACE_BOUND('',#1532,.T.);
#1662=PLANE('',#1853);
#1663=PLANE('',#1854);
#1664=PLANE('',#1855);
#1665=PLANE('',#1856);
#1666=PLANE('',#1857);
#1667=PLANE('',#1858);
#1668=PLANE('',#1859);
#1669=PLANE('',#1860);
#1670=PLANE('',#1861);
#1671=PLANE('',#1862);
#1672=PLANE('',#1863);
#1673=PLANE('',#1864);
#1674=PLANE('',#1865);
#1675=PLANE('',#1866);
#1676=PLANE('',#1867);
#1677=PLANE('',#1868);
#1678=PLANE('',#1869);
#1679=PLANE('',#1873);
#1680=PLANE('',#1874);
#1681=PLANE('',#1878);
#1682=PLANE('',#1879);
#1683=PLANE('',#1880);
#1684=PLANE('',#1881);
#1685=PLANE('',#1885);
#1686=PLANE('',#1886);
#1687=PLANE('',#1890);
#1688=PLANE('',#1891);
#1689=PLANE('',#1892);
#1690=PLANE('',#1893);
#1691=PLANE('',#1894);
#1692=PLANE('',#1895);
#1693=PLANE('',#1896);
#1694=PLANE('',#1897);
#1695=PLANE('',#1898);
#1696=PLANE('',#1899);
#1697=PLANE('',#1900);
#1698=PLANE('',#1901);
#1699=PLANE('',#1902);
#1700=PLANE('',#1903);
#1701=PLANE('',#1904);
#1702=PLANE('',#1905);
#1703=PLANE('',#1906);
#1704=PLANE('',#1907);
#1705=PLANE('',#1908);
#1706=PLANE('',#1909);
#1707=PLANE('',#1910);
#1708=PLANE('',#1911);
#1709=PLANE('',#1912);
#1710=PLANE('',#1913);
#1711=PLANE('',#1914);
#1712=PLANE('',#1915);
#1713=PLANE('',#1916);
#1714=PLANE('',#1917);
#1715=PLANE('',#1918);
#1716=PLANE('',#1919);
#1717=PLANE('',#1920);
#1718=PLANE('',#1921);
#1719=PLANE('',#1922);
#1720=PLANE('',#1923);
#1721=PLANE('',#1924);
#1722=PLANE('',#1925);
#1723=PLANE('',#1926);
#1724=PLANE('',#1927);
#1725=PLANE('',#1928);
#1726=PLANE('',#1929);
#1727=PLANE('',#1930);
#1728=PLANE('',#1931);
#1729=PLANE('',#1932);
#1730=PLANE('',#1933);
#1731=PLANE('',#1934);
#1732=PLANE('',#1935);
#1733=PLANE('',#1936);
#1734=PLANE('',#1937);
#1735=PLANE('',#1938);
#1736=PLANE('',#1939);
#1737=ADVANCED_FACE('',(#1533,#1534,#1535,#1536,#1537,#1538),#1662,.F.);
#1738=ADVANCED_FACE('',(#1539,#1540,#1541,#1542,#1543,#1544,#1545),#1663,
 .F.);
#1739=ADVANCED_FACE('',(#1546,#1547,#1548,#1549,#1550,#1551,#1552),#1664,
 .T.);
#1740=ADVANCED_FACE('',(#1553),#1665,.F.);
#1741=ADVANCED_FACE('',(#1554),#1666,.F.);
#1742=ADVANCED_FACE('',(#1555),#1667,.F.);
#1743=ADVANCED_FACE('',(#1556),#1668,.T.);
#1744=ADVANCED_FACE('',(#1557),#1669,.F.);
#1745=ADVANCED_FACE('',(#1558),#1670,.T.);
#1746=ADVANCED_FACE('',(#1559),#1671,.T.);
#1747=ADVANCED_FACE('',(#1560),#1672,.F.);
#1748=ADVANCED_FACE('',(#1561),#1673,.F.);
#1749=ADVANCED_FACE('',(#1562),#1674,.T.);
#1750=ADVANCED_FACE('',(#1563),#1675,.T.);
#1751=ADVANCED_FACE('',(#1564,#1565),#1676,.F.);
#1752=ADVANCED_FACE('',(#1566),#1677,.F.);
#1753=ADVANCED_FACE('',(#1567),#1678,.T.);
#1754=ADVANCED_FACE('',(#1568,#1569),#44,.F.);
#1755=ADVANCED_FACE('',(#1570,#1571),#1679,.T.);
#1756=ADVANCED_FACE('',(#1572),#1680,.T.);
#1757=ADVANCED_FACE('',(#1573,#1574),#45,.F.);
#1758=ADVANCED_FACE('',(#1575),#1681,.F.);
#1759=ADVANCED_FACE('',(#1576,#1577),#1682,.T.);
#1760=ADVANCED_FACE('',(#1578),#1683,.F.);
#1761=ADVANCED_FACE('',(#1579),#1684,.T.);
#1762=ADVANCED_FACE('',(#1580,#1581),#46,.F.);
#1763=ADVANCED_FACE('',(#1582,#1583),#1685,.T.);
#1764=ADVANCED_FACE('',(#1584),#1686,.T.);
#1765=ADVANCED_FACE('',(#1585,#1586),#47,.F.);
#1766=ADVANCED_FACE('',(#1587),#1687,.F.);
#1767=ADVANCED_FACE('',(#1588,#1589),#1688,.T.);
#1768=ADVANCED_FACE('',(#1590),#1689,.F.);
#1769=ADVANCED_FACE('',(#1591),#1690,.F.);
#1770=ADVANCED_FACE('',(#1592),#1691,.F.);
#1771=ADVANCED_FACE('',(#1593),#1692,.F.);
#1772=ADVANCED_FACE('',(#1594),#1693,.T.);
#1773=ADVANCED_FACE('',(#1595),#12,.T.);
#1774=ADVANCED_FACE('',(#1596),#13,.T.);
#1775=ADVANCED_FACE('',(#1597),#14,.T.);
#1776=ADVANCED_FACE('',(#1598),#15,.T.);
#1777=ADVANCED_FACE('',(#1599),#16,.T.);
#1778=ADVANCED_FACE('',(#1600),#17,.T.);
#1779=ADVANCED_FACE('',(#1601),#18,.T.);
#1780=ADVANCED_FACE('',(#1602),#19,.T.);
#1781=ADVANCED_FACE('',(#1603),#20,.T.);
#1782=ADVANCED_FACE('',(#1604),#21,.T.);
#1783=ADVANCED_FACE('',(#1605),#22,.T.);
#1784=ADVANCED_FACE('',(#1606),#23,.T.);
#1785=ADVANCED_FACE('',(#1607),#24,.T.);
#1786=ADVANCED_FACE('',(#1608),#25,.T.);
#1787=ADVANCED_FACE('',(#1609),#26,.T.);
#1788=ADVANCED_FACE('',(#1610),#27,.T.);
#1789=ADVANCED_FACE('',(#1611),#28,.T.);
#1790=ADVANCED_FACE('',(#1612),#29,.T.);
#1791=ADVANCED_FACE('',(#1613),#30,.T.);
#1792=ADVANCED_FACE('',(#1614),#31,.T.);
#1793=ADVANCED_FACE('',(#1615),#32,.T.);
#1794=ADVANCED_FACE('',(#1616),#33,.T.);
#1795=ADVANCED_FACE('',(#1617),#34,.T.);
#1796=ADVANCED_FACE('',(#1618),#35,.T.);
#1797=ADVANCED_FACE('',(#1619),#1694,.T.);
#1798=ADVANCED_FACE('',(#1620),#1695,.F.);
#1799=ADVANCED_FACE('',(#1621),#1696,.T.);
#1800=ADVANCED_FACE('',(#1622),#1697,.T.);
#1801=ADVANCED_FACE('',(#1623),#1698,.T.);
#1802=ADVANCED_FACE('',(#1624),#1699,.T.);
#1803=ADVANCED_FACE('',(#1625),#1700,.T.);
#1804=ADVANCED_FACE('',(#1626),#1701,.T.);
#1805=ADVANCED_FACE('',(#1627),#1702,.T.);
#1806=ADVANCED_FACE('',(#1628),#1703,.T.);
#1807=ADVANCED_FACE('',(#1629),#1704,.F.);
#1808=ADVANCED_FACE('',(#1630),#1705,.T.);
#1809=ADVANCED_FACE('',(#1631),#1706,.F.);
#1810=ADVANCED_FACE('',(#1632),#1707,.F.);
#1811=ADVANCED_FACE('',(#1633),#1708,.F.);
#1812=ADVANCED_FACE('',(#1634),#1709,.T.);
#1813=ADVANCED_FACE('',(#1635),#1710,.F.);
#1814=ADVANCED_FACE('',(#1636),#1711,.F.);
#1815=ADVANCED_FACE('',(#1637),#1712,.F.);
#1816=ADVANCED_FACE('',(#1638),#1713,.T.);
#1817=ADVANCED_FACE('',(#1639),#1714,.F.);
#1818=ADVANCED_FACE('',(#1640),#1715,.F.);
#1819=ADVANCED_FACE('',(#1641),#1716,.F.);
#1820=ADVANCED_FACE('',(#1642),#1717,.T.);
#1821=ADVANCED_FACE('',(#1643),#1718,.T.);
#1822=ADVANCED_FACE('',(#1644),#1719,.F.);
#1823=ADVANCED_FACE('',(#1645),#1720,.T.);
#1824=ADVANCED_FACE('',(#1646),#1721,.T.);
#1825=ADVANCED_FACE('',(#1647),#1722,.T.);
#1826=ADVANCED_FACE('',(#1648),#1723,.F.);
#1827=ADVANCED_FACE('',(#1649),#1724,.F.);
#1828=ADVANCED_FACE('',(#1650),#1725,.F.);
#1829=ADVANCED_FACE('',(#1651),#1726,.F.);
#1830=ADVANCED_FACE('',(#1652),#1727,.T.);
#1831=ADVANCED_FACE('',(#1653),#1728,.F.);
#1832=ADVANCED_FACE('',(#1654),#1729,.F.);
#1833=ADVANCED_FACE('',(#1655),#1730,.T.);
#1834=ADVANCED_FACE('',(#1656),#1731,.F.);
#1835=ADVANCED_FACE('',(#1657),#1732,.F.);
#1836=ADVANCED_FACE('',(#1658),#1733,.F.);
#1837=ADVANCED_FACE('',(#1659),#1734,.T.);
#1838=ADVANCED_FACE('',(#1660),#1735,.T.);
#1839=ADVANCED_FACE('',(#1661),#1736,.F.);
#1840=CLOSED_SHELL('',(#1737,#1738,#1739,#1740,#1741,#1742,#1743,#1744,
#1745,#1746,#1747,#1748,#1749,#1750,#1751,#1752,#1753,#1754,#1755,#1756,
#1757,#1758,#1759,#1760,#1761,#1762,#1763,#1764,#1765,#1766,#1767,#1768,
#1769,#1770,#1771,#1772,#1773,#1774,#1775,#1776,#1777,#1778,#1779,#1780,
#1781,#1782,#1783,#1784,#1785,#1786,#1787,#1788,#1789,#1790,#1791,#1792,
#1793,#1794,#1795,#1796,#1797,#1798,#1799,#1800,#1801,#1802,#1803,#1804,
#1805,#1806,#1807,#1808,#1809,#1810,#1811,#1812,#1813,#1814,#1815,#1816,
#1817,#1818,#1819,#1820,#1821,#1822,#1823,#1824,#1825,#1826,#1827,#1828,
#1829,#1830,#1831,#1832,#1833,#1834,#1835,#1836,#1837,#1838,#1839));
#1841=STYLED_ITEM('',(#1842),#1849);
#1842=PRESENTATION_STYLE_ASSIGNMENT((#1843));
#1843=SURFACE_STYLE_USAGE(.BOTH.,#1844);
#1844=SURFACE_SIDE_STYLE('',(#1845));
#1845=SURFACE_STYLE_FILL_AREA(#1846);
#1846=FILL_AREA_STYLE('',(#1847));
#1847=FILL_AREA_STYLE_COLOUR('',#1848);
#1848=COLOUR_RGB('',0.137254901960784,0.133333333333333,0.133333333333333);
#1849=MANIFOLD_SOLID_BREP('Part 1',#1840);
#1850=SHAPE_DEFINITION_REPRESENTATION(#3920,#1851);
#1851=SHAPE_REPRESENTATION('Part 1',(#1852),#3915);
#1852=AXIS2_PLACEMENT_3D('',#2294,#1940,#1941);
#1853=AXIS2_PLACEMENT_3D('',#2295,#1942,#1943);
#1854=AXIS2_PLACEMENT_3D('',#2348,#1970,#1971);
#1855=AXIS2_PLACEMENT_3D('',#2402,#1991,#1992);
#1856=AXIS2_PLACEMENT_3D('',#2456,#2012,#2013);
#1857=AXIS2_PLACEMENT_3D('',#2468,#2017,#2018);
#1858=AXIS2_PLACEMENT_3D('',#2482,#2026,#2027);
#1859=AXIS2_PLACEMENT_3D('',#2513,#2042,#2043);
#1860=AXIS2_PLACEMENT_3D('',#2551,#2045,#2046);
#1861=AXIS2_PLACEMENT_3D('',#2569,#2048,#2049);
#1862=AXIS2_PLACEMENT_3D('',#2590,#2050,#2051);
#1863=AXIS2_PLACEMENT_3D('',#2599,#2054,#2055);
#1864=AXIS2_PLACEMENT_3D('',#2603,#2058,#2059);
#1865=AXIS2_PLACEMENT_3D('',#2607,#2062,#2063);
#1866=AXIS2_PLACEMENT_3D('',#2619,#2071,#2072);
#1867=AXIS2_PLACEMENT_3D('',#2627,#2078,#2079);
#1868=AXIS2_PLACEMENT_3D('',#2644,#2080,#2081);
#1869=AXIS2_PLACEMENT_3D('',#2650,#2085,#2086);
#1870=AXIS2_PLACEMENT_3D('',#2652,#2088,#2089);
#1871=AXIS2_PLACEMENT_3D('',#2653,#2090,#2091);
#1872=AXIS2_PLACEMENT_3D('',#2655,#2092,#2093);
#1873=AXIS2_PLACEMENT_3D('',#2657,#2094,#2095);
#1874=AXIS2_PLACEMENT_3D('',#2659,#2097,#2098);
#1875=AXIS2_PLACEMENT_3D('',#2663,#2101,#2102);
#1876=AXIS2_PLACEMENT_3D('',#2664,#2103,#2104);
#1877=AXIS2_PLACEMENT_3D('',#2666,#2105,#2106);
#1878=AXIS2_PLACEMENT_3D('',#2668,#2107,#2108);
#1879=AXIS2_PLACEMENT_3D('',#2670,#2110,#2111);
#1880=AXIS2_PLACEMENT_3D('',#2671,#2112,#2113);
#1881=AXIS2_PLACEMENT_3D('',#2675,#2116,#2117);
#1882=AXIS2_PLACEMENT_3D('',#2677,#2119,#2120);
#1883=AXIS2_PLACEMENT_3D('',#2678,#2121,#2122);
#1884=AXIS2_PLACEMENT_3D('',#2680,#2123,#2124);
#1885=AXIS2_PLACEMENT_3D('',#2682,#2125,#2126);
#1886=AXIS2_PLACEMENT_3D('',#2683,#2127,#2128);
#1887=AXIS2_PLACEMENT_3D('',#2687,#2131,#2132);
#1888=AXIS2_PLACEMENT_3D('',#2688,#2133,#2134);
#1889=AXIS2_PLACEMENT_3D('',#2690,#2135,#2136);
#1890=AXIS2_PLACEMENT_3D('',#2692,#2137,#2138);
#1891=AXIS2_PLACEMENT_3D('',#2694,#2140,#2141);
#1892=AXIS2_PLACEMENT_3D('',#2695,#2142,#2143);
#1893=AXIS2_PLACEMENT_3D('',#2696,#2144,#2145);
#1894=AXIS2_PLACEMENT_3D('',#2697,#2146,#2147);
#1895=AXIS2_PLACEMENT_3D('',#2698,#2148,#2149);
#1896=AXIS2_PLACEMENT_3D('',#2699,#2150,#2151);
#1897=AXIS2_PLACEMENT_3D('',#3796,#2152,#2153);
#1898=AXIS2_PLACEMENT_3D('',#3802,#2157,#2158);
#1899=AXIS2_PLACEMENT_3D('',#3806,#2161,#2162);
#1900=AXIS2_PLACEMENT_3D('',#3808,#2164,#2165);
#1901=AXIS2_PLACEMENT_3D('',#3809,#2166,#2167);
#1902=AXIS2_PLACEMENT_3D('',#3815,#2171,#2172);
#1903=AXIS2_PLACEMENT_3D('',#3819,#2175,#2176);
#1904=AXIS2_PLACEMENT_3D('',#3821,#2178,#2179);
#1905=AXIS2_PLACEMENT_3D('',#3822,#2180,#2181);
#1906=AXIS2_PLACEMENT_3D('',#3828,#2185,#2186);
#1907=AXIS2_PLACEMENT_3D('',#3832,#2189,#2190);
#1908=AXIS2_PLACEMENT_3D('',#3834,#2192,#2193);
#1909=AXIS2_PLACEMENT_3D('',#3835,#2194,#2195);
#1910=AXIS2_PLACEMENT_3D('',#3841,#2199,#2200);
#1911=AXIS2_PLACEMENT_3D('',#3845,#2203,#2204);
#1912=AXIS2_PLACEMENT_3D('',#3847,#2206,#2207);
#1913=AXIS2_PLACEMENT_3D('',#3848,#2208,#2209);
#1914=AXIS2_PLACEMENT_3D('',#3854,#2213,#2214);
#1915=AXIS2_PLACEMENT_3D('',#3858,#2217,#2218);
#1916=AXIS2_PLACEMENT_3D('',#3860,#2220,#2221);
#1917=AXIS2_PLACEMENT_3D('',#3861,#2222,#2223);
#1918=AXIS2_PLACEMENT_3D('',#3867,#2227,#2228);
#1919=AXIS2_PLACEMENT_3D('',#3871,#2231,#2232);
#1920=AXIS2_PLACEMENT_3D('',#3873,#2234,#2235);
#1921=AXIS2_PLACEMENT_3D('',#3874,#2236,#2237);
#1922=AXIS2_PLACEMENT_3D('',#3877,#2240,#2241);
#1923=AXIS2_PLACEMENT_3D('',#3881,#2244,#2245);
#1924=AXIS2_PLACEMENT_3D('',#3883,#2247,#2248);
#1925=AXIS2_PLACEMENT_3D('',#3884,#2249,#2250);
#1926=AXIS2_PLACEMENT_3D('',#3887,#2253,#2254);
#1927=AXIS2_PLACEMENT_3D('',#3889,#2256,#2257);
#1928=AXIS2_PLACEMENT_3D('',#3890,#2258,#2259);
#1929=AXIS2_PLACEMENT_3D('',#3893,#2262,#2263);
#1930=AXIS2_PLACEMENT_3D('',#3895,#2265,#2266);
#1931=AXIS2_PLACEMENT_3D('',#3896,#2267,#2268);
#1932=AXIS2_PLACEMENT_3D('',#3899,#2271,#2272);
#1933=AXIS2_PLACEMENT_3D('',#3901,#2274,#2275);
#1934=AXIS2_PLACEMENT_3D('',#3902,#2276,#2277);
#1935=AXIS2_PLACEMENT_3D('',#3905,#2280,#2281);
#1936=AXIS2_PLACEMENT_3D('',#3907,#2283,#2284);
#1937=AXIS2_PLACEMENT_3D('',#3908,#2285,#2286);
#1938=AXIS2_PLACEMENT_3D('',#3911,#2289,#2290);
#1939=AXIS2_PLACEMENT_3D('',#3913,#2292,#2293);
#1940=DIRECTION('',(0.,0.,1.));
#1941=DIRECTION('',(1.,0.,0.));
#1942=DIRECTION('',(-1.,9.57914602782694E-17,-5.55111512312578E-16));
#1943=DIRECTION('',(-5.55111512312578E-16,0.,1.));
#1944=DIRECTION('',(-6.11728772052439E-16,-0.196116135138182,0.980580675690921));
#1945=DIRECTION('',(-3.43659384158649E-16,-1.,2.7755575615629E-15));
#1946=DIRECTION('',(-4.76934471602113E-16,0.196116135138187,0.98058067569092));
#1947=DIRECTION('',(6.11728772052439E-16,0.196116135138183,-0.98058067569092));
#1948=DIRECTION('',(-3.43659384158649E-16,-1.,2.77555756156288E-15));
#1949=DIRECTION('',(5.55111512312578E-16,-2.22044604925032E-15,-1.));
#1950=DIRECTION('',(9.57914602782694E-17,1.,0.));
#1951=DIRECTION('',(5.55111512312578E-16,-2.26207941267377E-15,-1.));
#1952=DIRECTION('',(9.57914602782706E-17,1.,-2.26207941267377E-15));
#1953=DIRECTION('',(5.55111512312578E-16,-2.26207941267377E-15,-1.));
#1954=DIRECTION('',(9.57914602782694E-17,1.,0.));
#1955=DIRECTION('',(5.55111512312578E-16,-2.26207941267377E-15,-1.));
#1956=DIRECTION('',(9.57914602782706E-17,1.,-2.26207941267377E-15));
#1957=DIRECTION('',(5.55111512312578E-16,-2.26207941267377E-15,-1.));
#1958=DIRECTION('',(-3.43659384158649E-16,-1.,2.7755575615629E-15));
#1959=DIRECTION('',(4.76934471602113E-16,-0.196116135138187,-0.98058067569092));
#1960=DIRECTION('',(-6.11728772052439E-16,-0.196116135138182,0.980580675690921));
#1961=DIRECTION('',(5.55111512312578E-16,-2.63677968348475E-15,-1.));
#1962=DIRECTION('',(6.11728772052439E-16,0.196116135138182,-0.980580675690921));
#1963=DIRECTION('',(-3.43659384158649E-16,-1.,2.7755575615629E-15));
#1964=DIRECTION('',(-4.76934471602113E-16,0.196116135138187,0.98058067569092));
#1965=DIRECTION('',(6.11728772052439E-16,0.196116135138182,-0.980580675690921));
#1966=DIRECTION('',(-3.43659384158649E-16,-1.,2.77555756156289E-15));
#1967=DIRECTION('',(6.11728772052439E-16,0.196116135138182,-0.980580675690921));
#1968=DIRECTION('',(-3.43659384158649E-16,-1.,2.77555756156289E-15));
#1969=DIRECTION('',(4.76934471602113E-16,-0.196116135138187,-0.98058067569092));
#1970=DIRECTION('',(1.,-3.43659384158648E-16,5.55111512312578E-16));
#1971=DIRECTION('',(5.55111512312578E-16,0.,-1.));
#1972=DIRECTION('',(-6.11728772052439E-16,-0.196116135138182,0.980580675690921));
#1973=DIRECTION('',(-4.76934471602113E-16,0.196116135138187,0.98058067569092));
#1974=DIRECTION('',(-3.43659384158649E-16,-1.,2.7755575615629E-15));
#1975=DIRECTION('',(3.43659384158649E-16,1.,-2.26207941267377E-15));
#1976=DIRECTION('',(-3.43659384158649E-16,-1.,2.77555756156288E-15));
#1977=DIRECTION('',(6.11728772052439E-16,0.196116135138183,-0.98058067569092));
#1978=DIRECTION('',(5.55111512312578E-16,-2.22044604925032E-15,-1.));
#1979=DIRECTION('',(-6.11728772052439E-16,-0.196116135138182,0.980580675690921));
#1980=DIRECTION('',(4.76934471602113E-16,-0.196116135138187,-0.98058067569092));
#1981=DIRECTION('',(-3.43659384158649E-16,-1.,2.7755575615629E-15));
#1982=DIRECTION('',(-3.43659384158649E-16,-1.,2.7755575615629E-15));
#1983=DIRECTION('',(6.11728772052439E-16,0.196116135138182,-0.980580675690921));
#1984=DIRECTION('',(5.55111512312578E-16,-2.63677968348475E-15,-1.));
#1985=DIRECTION('',(-3.43659384158649E-16,-1.,2.77555756156289E-15));
#1986=DIRECTION('',(6.11728772052439E-16,0.196116135138182,-0.980580675690921));
#1987=DIRECTION('',(-4.76934471602113E-16,0.196116135138187,0.98058067569092));
#1988=DIRECTION('',(6.11728772052439E-16,0.196116135138182,-0.980580675690921));
#1989=DIRECTION('',(4.76934471602113E-16,-0.196116135138187,-0.98058067569092));
#1990=DIRECTION('',(-3.43659384158649E-16,-1.,2.77555756156289E-15));
#1991=DIRECTION('',(1.,-3.05475008141021E-16,5.55111512312578E-16));
#1992=DIRECTION('',(5.55111512312578E-16,0.,-1.));
#1993=DIRECTION('',(5.55111512312578E-16,-2.22044604925032E-15,-1.));
#1994=DIRECTION('',(-6.04240199805199E-16,-0.196116135138182,0.980580675690921));
#1995=DIRECTION('',(3.05475008141022E-16,1.,-2.42861286636753E-15));
#1996=DIRECTION('',(3.05475008141022E-16,1.,-2.25514051876985E-15));
#1997=DIRECTION('',(4.84423043849354E-16,-0.196116135138187,-0.98058067569092));
#1998=DIRECTION('',(-6.04240199805199E-16,-0.196116135138182,0.980580675690921));
#1999=DIRECTION('',(3.05475008141022E-16,1.,-2.25514051876985E-15));
#2000=DIRECTION('',(4.84423043849354E-16,-0.196116135138187,-0.98058067569092));
#2001=DIRECTION('',(-6.04240199805199E-16,-0.196116135138182,0.980580675690921));
#2002=DIRECTION('',(3.05475008141022E-16,1.,-2.26207941267377E-15));
#2003=DIRECTION('',(6.04240199805199E-16,0.196116135138182,-0.980580675690921));
#2004=DIRECTION('',(3.05475008141022E-16,1.,-2.77555756156289E-15));
#2005=DIRECTION('',(5.55111512312578E-16,-2.22044604925032E-15,-1.));
#2006=DIRECTION('',(-6.04240199805199E-16,-0.196116135138182,0.980580675690921));
#2007=DIRECTION('',(3.05475008141022E-16,1.,-2.77555756156289E-15));
#2008=DIRECTION('',(4.84423043849354E-16,-0.196116135138187,-0.98058067569092));
#2009=DIRECTION('',(-6.04240199805199E-16,-0.196116135138182,0.980580675690921));
#2010=DIRECTION('',(3.05475008141022E-16,1.,-2.08166817117217E-15));
#2011=DIRECTION('',(-4.84423043849354E-16,0.196116135138187,0.98058067569092));
#2012=DIRECTION('',(-1.,-1.24725852339839E-30,-5.55111512312578E-16));
#2013=DIRECTION('',(-5.55111512312578E-16,0.,1.));
#2014=DIRECTION('',(-2.2252600028724E-31,1.,-2.26207941267377E-15));
#2015=DIRECTION('',(8.44780034209165E-33,1.,-2.26207941267377E-15));
#2016=DIRECTION('',(5.55111512312578E-16,-2.26207941267377E-15,-1.));
#2017=DIRECTION('',(1.25323962986583E-30,1.,-2.26207941267377E-15));
#2018=DIRECTION('',(0.,2.26207941267377E-15,1.));
#2019=DIRECTION('',(5.55111512312578E-16,-2.26207941267377E-15,-1.));
#2020=DIRECTION('',(1.,-1.25323962986583E-30,0.));
#2021=DIRECTION('',(5.55111512312578E-16,-2.26207941267377E-15,-1.));
#2022=DIRECTION('',(1.,2.4666938746553E-33,5.55111512312578E-16));
#2023=DIRECTION('',(1.,-1.25323962986583E-30,0.));
#2024=DIRECTION('',(5.55111512312578E-16,-2.26207941267377E-15,-1.));
#2025=DIRECTION('',(1.,2.4666938746553E-33,5.55111512312578E-16));
#2026=DIRECTION('',(5.55111512312578E-16,-2.26207941267377E-15,-1.));
#2027=DIRECTION('',(1.,1.25570632374048E-30,5.55111512312578E-16));
#2028=DIRECTION('',(9.42354142964258E-32,1.,-2.26207941267377E-15));
#2029=DIRECTION('',(1.,1.20432192174444E-33,5.55111512312578E-16));
#2030=DIRECTION('',(-2.38482437369563E-32,-1.,2.26207941267377E-15));
#2031=DIRECTION('',(1.,2.95775528725798E-16,5.55111512312577E-16));
#2032=DIRECTION('',(2.27166026219055E-32,1.,-2.26207941267377E-15));
#2033=DIRECTION('',(-1.,3.68374989465789E-32,-5.55111512312578E-16));
#2034=DIRECTION('',(-1.91582920556541E-16,1.,-2.26207941267377E-15));
#2035=DIRECTION('',(-1.,3.68374989465802E-32,-5.55111512312578E-16));
#2036=DIRECTION('',(2.66029862228593E-32,-1.,2.26207941267377E-15));
#2037=DIRECTION('',(-2.2716602621888E-32,-1.,2.26207941267377E-15));
#2038=DIRECTION('',(1.,4.98423764864907E-32,5.55111512312578E-16));
#2039=DIRECTION('',(1.,4.98423764864921E-32,5.55111512312578E-16));
#2040=DIRECTION('',(-1.77692545554601E-16,1.,-2.26207941267377E-15));
#2041=DIRECTION('',(-1.,-2.10217153715213E-16,-5.55111512312577E-16));
#2042=DIRECTION('',(2.15727627538995E-17,-1.,2.26207941267377E-15));
#2043=DIRECTION('',(0.,-2.26207941267377E-15,-1.));
#2044=DIRECTION('',(1.,2.15727627539007E-17,5.55111512312578E-16));
#2045=DIRECTION('',(-2.42129224060883E-16,-1.,2.26207941267377E-15));
#2046=DIRECTION('',(0.,-2.26207941267377E-15,-1.));
#2047=DIRECTION('',(1.,-2.42129224060882E-16,5.55111512312578E-16));
#2048=DIRECTION('',(5.55111512312578E-16,-2.26207941267377E-15,-1.));
#2049=DIRECTION('',(1.,1.25570632374048E-30,5.55111512312578E-16));
#2050=DIRECTION('',(-1.,-1.16147090944406E-30,-5.55111512312578E-16));
#2051=DIRECTION('',(-5.55111512312578E-16,0.,1.));
#2052=DIRECTION('',(4.33705908178145E-31,-1.,2.26207941267377E-15));
#2053=DIRECTION('',(5.55111512312578E-16,-2.26207941267377E-15,-1.));
#2054=DIRECTION('',(1.25450200181874E-30,1.,-2.26207941267377E-15));
#2055=DIRECTION('',(0.,2.26207941267377E-15,1.));
#2056=DIRECTION('',(1.,-6.16199018178755E-18,5.55111512312578E-16));
#2057=DIRECTION('',(5.55111512312578E-16,-2.26207941267377E-15,-1.));
#2058=DIRECTION('',(1.,1.23185808000352E-30,5.55111512312578E-16));
#2059=DIRECTION('',(5.55111512312578E-16,0.,-1.));
#2060=DIRECTION('',(5.82756282632786E-32,-1.,2.26207941267377E-15));
#2061=DIRECTION('',(5.55111512312578E-16,-2.26207941267377E-15,-1.));
#2062=DIRECTION('',(-2.95775528725797E-16,1.,-2.26207941267377E-15));
#2063=DIRECTION('',(0.,2.26207941267377E-15,1.));
#2064=DIRECTION('',(1.,2.95775528725797E-16,0.));
#2065=DIRECTION('',(5.55111512312578E-16,-2.26207941267377E-15,-1.));
#2066=DIRECTION('',(-1.,-1.25570632374048E-30,-5.55111512312578E-16));
#2067=DIRECTION('',(5.55111512312578E-16,-2.26207941267377E-15,-1.));
#2068=DIRECTION('',(-1.,-2.10217153715212E-16,0.));
#2069=DIRECTION('',(1.,2.95775528725798E-16,5.55111512312577E-16));
#2070=DIRECTION('',(5.55111512312578E-16,-2.26207941267377E-15,-1.));
#2071=DIRECTION('',(-1.,-1.91582920556542E-16,-5.55111512312577E-16));
#2072=DIRECTION('',(-5.55111512312577E-16,0.,1.));
#2073=DIRECTION('',(-1.91582920556542E-16,1.,0.));
#2074=DIRECTION('',(5.55111512312578E-16,-2.26207941267377E-15,-1.));
#2075=DIRECTION('',(5.55111512312578E-16,-2.26207941267377E-15,-1.));
#2076=DIRECTION('',(-1.91582920556542E-16,1.,0.));
#2077=DIRECTION('',(-1.91582920556541E-16,1.,-2.26207941267377E-15));
#2078=DIRECTION('',(5.55111512312578E-16,-2.26207941267377E-15,-1.));
#2079=DIRECTION('',(1.,1.25570632374048E-30,5.55111512312578E-16));
#2080=DIRECTION('',(1.20586394725399E-30,1.,-2.26207941267377E-15));
#2081=DIRECTION('',(0.,2.26207941267377E-15,1.));
#2082=DIRECTION('',(1.,-1.20586394725399E-30,0.));
#2083=DIRECTION('',(5.55111512312578E-16,-2.26207941267377E-15,-1.));
#2084=DIRECTION('',(5.55111512312578E-16,-2.26207941267377E-15,-1.));
#2085=DIRECTION('',(1.,1.23298972111859E-30,5.55111512312578E-16));
#2086=DIRECTION('',(5.55111512312578E-16,0.,-1.));
#2087=DIRECTION('',(1.23298972111859E-30,-1.,0.));
#2088=DIRECTION('',(5.55111512312578E-16,-2.26207941267377E-15,-1.));
#2089=DIRECTION('',(0.,1.,-2.26207941267377E-15));
#2090=DIRECTION('',(-5.55111512312578E-16,2.26207941267377E-15,1.));
#2091=DIRECTION('',(0.,-1.,2.26207941267377E-15));
#2092=DIRECTION('',(0.,0.,1.));
#2093=DIRECTION('',(1.,0.,0.));
#2094=DIRECTION('',(0.,0.,1.));
#2095=DIRECTION('',(-2.22044604925032E-16,1.,0.));
#2096=DIRECTION('',(9.57914602782694E-17,1.,0.));
#2097=DIRECTION('',(1.20586394725399E-30,1.,-2.26207941267377E-15));
#2098=DIRECTION('',(0.,2.26207941267377E-15,1.));
#2099=DIRECTION('',(1.,-1.20586394725399E-30,0.));
#2100=DIRECTION('',(5.55111512312578E-16,-2.26207941267377E-15,-1.));
#2101=DIRECTION('',(5.55111512312578E-16,-2.26207941267377E-15,-1.));
#2102=DIRECTION('',(0.,1.,-2.26207941267377E-15));
#2103=DIRECTION('',(-5.55111512312578E-16,2.26207941267377E-15,1.));
#2104=DIRECTION('',(0.,-1.,2.26207941267377E-15));
#2105=DIRECTION('',(0.,0.,1.));
#2106=DIRECTION('',(1.,0.,0.));
#2107=DIRECTION('',(-1.,-1.77692545554602E-16,-5.55111512312577E-16));
#2108=DIRECTION('',(-5.55111512312577E-16,0.,1.));
#2109=DIRECTION('',(-1.77692545554602E-16,1.,0.));
#2110=DIRECTION('',(0.,0.,1.));
#2111=DIRECTION('',(-2.22044604925032E-16,1.,0.));
#2112=DIRECTION('',(-1.29254382268706E-30,-1.,2.26207941267377E-15));
#2113=DIRECTION('',(0.,-2.26207941267377E-15,-1.));
#2114=DIRECTION('',(-1.,1.29254382268706E-30,0.));
#2115=DIRECTION('',(5.55111512312578E-16,-2.26207941267377E-15,-1.));
#2116=DIRECTION('',(-1.,-1.23298972111858E-30,-5.55111512312578E-16));
#2117=DIRECTION('',(-5.55111512312578E-16,0.,1.));
#2118=DIRECTION('',(-1.23298972111858E-30,1.,0.));
#2119=DIRECTION('',(5.55111512312578E-16,-2.26207941267377E-15,-1.));
#2120=DIRECTION('',(0.,1.,-2.26207941267377E-15));
#2121=DIRECTION('',(-5.55111512312578E-16,2.26207941267377E-15,1.));
#2122=DIRECTION('',(0.,-1.,2.26207941267377E-15));
#2123=DIRECTION('',(0.,0.,1.));
#2124=DIRECTION('',(1.,0.,0.));
#2125=DIRECTION('',(0.,0.,1.));
#2126=DIRECTION('',(-2.22044604925032E-16,1.,0.));
#2127=DIRECTION('',(-1.29254382268706E-30,-1.,2.26207941267377E-15));
#2128=DIRECTION('',(0.,-2.26207941267377E-15,-1.));
#2129=DIRECTION('',(-1.,1.29254382268706E-30,0.));
#2130=DIRECTION('',(5.55111512312578E-16,-2.26207941267377E-15,-1.));
#2131=DIRECTION('',(5.55111512312578E-16,-2.26207941267377E-15,-1.));
#2132=DIRECTION('',(0.,1.,-2.26207941267377E-15));
#2133=DIRECTION('',(-5.55111512312578E-16,2.26207941267377E-15,1.));
#2134=DIRECTION('',(0.,-1.,2.26207941267377E-15));
#2135=DIRECTION('',(0.,0.,1.));
#2136=DIRECTION('',(1.,0.,0.));
#2137=DIRECTION('',(1.,1.28230930996334E-30,5.55111512312578E-16));
#2138=DIRECTION('',(5.55111512312578E-16,0.,-1.));
#2139=DIRECTION('',(1.28230930996334E-30,-1.,0.));
#2140=DIRECTION('',(0.,0.,1.));
#2141=DIRECTION('',(-2.22044604925032E-16,1.,0.));
#2142=DIRECTION('',(5.55111512312578E-16,-2.26207941267377E-15,-1.));
#2143=DIRECTION('',(1.,1.25570632374048E-30,5.55111512312578E-16));
#2144=DIRECTION('',(5.55111512312578E-16,-2.26207941267377E-15,-1.));
#2145=DIRECTION('',(1.,1.25570632374048E-30,5.55111512312578E-16));
#2146=DIRECTION('',(5.55111512312578E-16,-2.26207941267377E-15,-1.));
#2147=DIRECTION('',(1.,1.25570632374048E-30,5.55111512312578E-16));
#2148=DIRECTION('',(5.55111512312578E-16,-2.26207941267377E-15,-1.));
#2149=DIRECTION('',(1.,1.25570632374048E-30,5.55111512312578E-16));
#2150=DIRECTION('',(5.55111512312578E-16,-2.26207941267377E-15,-1.));
#2151=DIRECTION('',(1.,1.25570632374048E-30,5.55111512312578E-16));
#2152=DIRECTION('',(5.55111512312578E-16,-2.77555756156289E-15,-1.));
#2153=DIRECTION('',(0.,1.,-2.77555756156289E-15));
#2154=DIRECTION('',(1.,-3.05475008141021E-16,5.55111512312578E-16));
#2155=DIRECTION('',(3.05475008141022E-16,1.,-2.77555756156289E-15));
#2156=DIRECTION('',(1.,-3.05475008141021E-16,5.55111512312578E-16));
#2157=DIRECTION('',(-1.90676565524157E-16,-0.980580675690921,-0.196116135138182));
#2158=DIRECTION('',(0.,0.196116135138182,-0.980580675690921));
#2159=DIRECTION('',(1.,-3.05475008141021E-16,5.55111512312578E-16));
#2160=DIRECTION('',(6.04240199805199E-16,0.196116135138182,-0.980580675690921));
#2161=DIRECTION('',(-3.05475008141022E-16,-1.,2.22044604925032E-15));
#2162=DIRECTION('',(0.,-2.22044604925032E-15,-1.));
#2163=DIRECTION('',(5.55111512312578E-16,-2.22044604925032E-15,-1.));
#2164=DIRECTION('',(1.,-3.05475008141021E-16,5.55111512312578E-16));
#2165=DIRECTION('',(3.05475008141021E-16,1.,1.69572693742859E-31));
#2166=DIRECTION('',(5.55111512312578E-16,-2.77555756156289E-15,-1.));
#2167=DIRECTION('',(0.,1.,-2.77555756156289E-15));
#2168=DIRECTION('',(1.,-3.05475008141021E-16,5.55111512312578E-16));
#2169=DIRECTION('',(3.05475008141022E-16,1.,-2.77555756156289E-15));
#2170=DIRECTION('',(1.,-3.05475008141021E-16,5.55111512312578E-16));
#2171=DIRECTION('',(1.90676565524157E-16,0.980580675690921,0.196116135138182));
#2172=DIRECTION('',(0.,-0.196116135138182,0.980580675690921));
#2173=DIRECTION('',(1.,-3.05475008141021E-16,5.55111512312578E-16));
#2174=DIRECTION('',(-6.04240199805199E-16,-0.196116135138182,0.980580675690921));
#2175=DIRECTION('',(-4.08409214255068E-16,-0.98058067569092,0.196116135138187));
#2176=DIRECTION('',(0.,-0.196116135138187,-0.98058067569092));
#2177=DIRECTION('',(4.84423043849354E-16,-0.196116135138187,-0.98058067569092));
#2178=DIRECTION('',(1.,-3.05475008141021E-16,5.55111512312578E-16));
#2179=DIRECTION('',(3.05475008141021E-16,1.,1.69572693742859E-31));
#2180=DIRECTION('',(5.55111512312578E-16,-2.08166817117217E-15,-1.));
#2181=DIRECTION('',(0.,1.,-2.08166817117217E-15));
#2182=DIRECTION('',(1.,-3.05475008141021E-16,5.55111512312578E-16));
#2183=DIRECTION('',(3.05475008141022E-16,1.,-2.08166817117217E-15));
#2184=DIRECTION('',(1.,-3.05475008141021E-16,5.55111512312578E-16));
#2185=DIRECTION('',(1.90676565524157E-16,0.980580675690921,0.196116135138182));
#2186=DIRECTION('',(0.,-0.196116135138182,0.980580675690921));
#2187=DIRECTION('',(1.,-3.05475008141021E-16,5.55111512312578E-16));
#2188=DIRECTION('',(-6.04240199805199E-16,-0.196116135138182,0.980580675690921));
#2189=DIRECTION('',(4.08409214255068E-16,0.98058067569092,-0.196116135138187));
#2190=DIRECTION('',(0.,0.196116135138187,0.98058067569092));
#2191=DIRECTION('',(-4.84423043849354E-16,0.196116135138187,0.98058067569092));
#2192=DIRECTION('',(1.,-3.05475008141021E-16,5.55111512312578E-16));
#2193=DIRECTION('',(3.05475008141021E-16,1.,1.69572693742859E-31));
#2194=DIRECTION('',(5.55111512312578E-16,-2.25514051876985E-15,-1.));
#2195=DIRECTION('',(0.,1.,-2.25514051876985E-15));
#2196=DIRECTION('',(1.,-3.05475008141021E-16,5.55111512312578E-16));
#2197=DIRECTION('',(3.05475008141022E-16,1.,-2.25514051876985E-15));
#2198=DIRECTION('',(1.,-3.05475008141021E-16,5.55111512312578E-16));
#2199=DIRECTION('',(1.90676565524157E-16,0.980580675690921,0.196116135138182));
#2200=DIRECTION('',(0.,-0.196116135138182,0.980580675690921));
#2201=DIRECTION('',(1.,-3.05475008141021E-16,5.55111512312578E-16));
#2202=DIRECTION('',(-6.04240199805199E-16,-0.196116135138182,0.980580675690921));
#2203=DIRECTION('',(-4.08409214255068E-16,-0.98058067569092,0.196116135138187));
#2204=DIRECTION('',(0.,-0.196116135138187,-0.98058067569092));
#2205=DIRECTION('',(4.84423043849354E-16,-0.196116135138187,-0.98058067569092));
#2206=DIRECTION('',(1.,-3.05475008141021E-16,5.55111512312578E-16));
#2207=DIRECTION('',(3.05475008141021E-16,1.,1.69572693742859E-31));
#2208=DIRECTION('',(5.55111512312578E-16,-2.25514051876985E-15,-1.));
#2209=DIRECTION('',(0.,1.,-2.25514051876985E-15));
#2210=DIRECTION('',(1.,-3.05475008141021E-16,5.55111512312578E-16));
#2211=DIRECTION('',(3.05475008141022E-16,1.,-2.25514051876985E-15));
#2212=DIRECTION('',(1.,-3.05475008141021E-16,5.55111512312578E-16));
#2213=DIRECTION('',(1.90676565524157E-16,0.980580675690921,0.196116135138182));
#2214=DIRECTION('',(0.,-0.196116135138182,0.980580675690921));
#2215=DIRECTION('',(1.,-3.05475008141021E-16,5.55111512312578E-16));
#2216=DIRECTION('',(-6.04240199805199E-16,-0.196116135138182,0.980580675690921));
#2217=DIRECTION('',(-4.08409214255068E-16,-0.98058067569092,0.196116135138186));
#2218=DIRECTION('',(0.,-0.196116135138187,-0.98058067569092));
#2219=DIRECTION('',(4.84423043849354E-16,-0.196116135138187,-0.98058067569092));
#2220=DIRECTION('',(1.,-3.05475008141021E-16,5.55111512312578E-16));
#2221=DIRECTION('',(3.05475008141021E-16,1.,1.69572693742859E-31));
#2222=DIRECTION('',(-3.05475008141022E-16,-1.,2.22044604925032E-15));
#2223=DIRECTION('',(0.,-2.22044604925032E-15,-1.));
#2224=DIRECTION('',(1.,-3.05475008141021E-16,5.55111512312578E-16));
#2225=DIRECTION('',(5.55111512312578E-16,-2.22044604925032E-15,-1.));
#2226=DIRECTION('',(1.,-3.05475008141021E-16,5.55111512312578E-16));
#2227=DIRECTION('',(5.55111512312578E-16,-2.42861286636753E-15,-1.));
#2228=DIRECTION('',(0.,1.,-2.42861286636753E-15));
#2229=DIRECTION('',(1.,-3.05475008141021E-16,5.55111512312578E-16));
#2230=DIRECTION('',(3.05475008141022E-16,1.,-2.42861286636753E-15));
#2231=DIRECTION('',(1.90676565524157E-16,0.980580675690921,0.196116135138182));
#2232=DIRECTION('',(0.,-0.196116135138182,0.980580675690921));
#2233=DIRECTION('',(-6.04240199805199E-16,-0.196116135138182,0.980580675690921));
#2234=DIRECTION('',(1.,-3.05475008141021E-16,5.55111512312578E-16));
#2235=DIRECTION('',(3.05475008141021E-16,1.,1.69572693742859E-31));
#2236=DIRECTION('',(5.55111512312577E-16,-2.77555756156288E-15,-1.));
#2237=DIRECTION('',(0.,1.,-2.77555756156288E-15));
#2238=DIRECTION('',(-1.,3.43659384158648E-16,-5.55111512312578E-16));
#2239=DIRECTION('',(-1.,3.43659384158648E-16,-5.55111512312578E-16));
#2240=DIRECTION('',(3.43659384158649E-16,1.,-2.22044604925032E-15));
#2241=DIRECTION('',(0.,2.22044604925032E-15,1.));
#2242=DIRECTION('',(-1.,3.43659384158648E-16,-5.55111512312578E-16));
#2243=DIRECTION('',(5.55111512312578E-16,-2.22044604925032E-15,-1.));
#2244=DIRECTION('',(2.28119426760358E-16,0.98058067569092,0.196116135138183));
#2245=DIRECTION('',(0.,-0.196116135138183,0.980580675690921));
#2246=DIRECTION('',(6.11728772052439E-16,0.196116135138183,-0.98058067569092));
#2247=DIRECTION('',(-1.,3.43659384158648E-16,-5.55111512312578E-16));
#2248=DIRECTION('',(-3.43659384158648E-16,-1.,-1.90769280460717E-31));
#2249=DIRECTION('',(-2.28119426760359E-16,-0.980580675690921,-0.196116135138182));
#2250=DIRECTION('',(0.,0.196116135138182,-0.980580675690921));
#2251=DIRECTION('',(-1.,3.43659384158648E-16,-5.55111512312578E-16));
#2252=DIRECTION('',(-1.,3.43659384158648E-16,-5.55111512312578E-16));
#2253=DIRECTION('',(5.55111512312577E-16,-2.7755575615629E-15,-1.));
#2254=DIRECTION('',(0.,1.,-2.7755575615629E-15));
#2255=DIRECTION('',(-1.,3.43659384158648E-16,-5.55111512312578E-16));
#2256=DIRECTION('',(-4.45852075491269E-16,-0.98058067569092,0.196116135138187));
#2257=DIRECTION('',(0.,-0.196116135138187,-0.98058067569092));
#2258=DIRECTION('',(4.45852075491269E-16,0.98058067569092,-0.196116135138187));
#2259=DIRECTION('',(0.,0.196116135138187,0.98058067569092));
#2260=DIRECTION('',(-1.,3.43659384158648E-16,-5.55111512312578E-16));
#2261=DIRECTION('',(-1.,3.43659384158648E-16,-5.55111512312578E-16));
#2262=DIRECTION('',(-2.28119426760359E-16,-0.980580675690921,-0.196116135138182));
#2263=DIRECTION('',(0.,0.196116135138182,-0.980580675690921));
#2264=DIRECTION('',(-1.,3.43659384158648E-16,-5.55111512312578E-16));
#2265=DIRECTION('',(5.55111512312577E-16,-2.7755575615629E-15,-1.));
#2266=DIRECTION('',(0.,1.,-2.7755575615629E-15));
#2267=DIRECTION('',(2.28119426760359E-16,0.980580675690921,0.196116135138182));
#2268=DIRECTION('',(0.,-0.196116135138182,0.980580675690921));
#2269=DIRECTION('',(-1.,3.43659384158648E-16,-5.55111512312578E-16));
#2270=DIRECTION('',(-1.,3.43659384158648E-16,-5.55111512312578E-16));
#2271=DIRECTION('',(5.55111512312577E-16,-2.7755575615629E-15,-1.));
#2272=DIRECTION('',(0.,1.,-2.7755575615629E-15));
#2273=DIRECTION('',(-1.,3.43659384158648E-16,-5.55111512312578E-16));
#2274=DIRECTION('',(3.43659384158649E-16,1.,-2.63677968348475E-15));
#2275=DIRECTION('',(0.,2.63677968348475E-15,1.));
#2276=DIRECTION('',(2.28119426760359E-16,0.980580675690921,0.196116135138182));
#2277=DIRECTION('',(0.,-0.196116135138182,0.980580675690921));
#2278=DIRECTION('',(-1.,3.43659384158648E-16,-5.55111512312578E-16));
#2279=DIRECTION('',(-1.,3.43659384158648E-16,-5.55111512312578E-16));
#2280=DIRECTION('',(5.55111512312577E-16,-2.77555756156289E-15,-1.));
#2281=DIRECTION('',(0.,1.,-2.77555756156289E-15));
#2282=DIRECTION('',(-1.,3.43659384158648E-16,-5.55111512312578E-16));
#2283=DIRECTION('',(-4.45852075491269E-16,-0.98058067569092,0.196116135138187));
#2284=DIRECTION('',(0.,-0.196116135138187,-0.98058067569092));
#2285=DIRECTION('',(2.28119426760359E-16,0.980580675690921,0.196116135138182));
#2286=DIRECTION('',(0.,-0.196116135138182,0.980580675690921));
#2287=DIRECTION('',(-1.,3.43659384158648E-16,-5.55111512312578E-16));
#2288=DIRECTION('',(-1.,3.43659384158648E-16,-5.55111512312578E-16));
#2289=DIRECTION('',(5.55111512312577E-16,-2.77555756156289E-15,-1.));
#2290=DIRECTION('',(0.,1.,-2.77555756156289E-15));
#2291=DIRECTION('',(-1.,3.43659384158648E-16,-5.55111512312578E-16));
#2292=DIRECTION('',(4.45852075491269E-16,0.98058067569092,-0.196116135138187));
#2293=DIRECTION('',(0.,0.196116135138187,0.98058067569092));
#2294=CARTESIAN_POINT('',(0.,0.,0.));
#2295=CARTESIAN_POINT('',(-0.0208516924500466,0.0435194428563118,0.0494764218512808));
#2296=CARTESIAN_POINT('',(-0.0208516924500466,0.0462381928563117,0.0279764218512808));
#2297=CARTESIAN_POINT('',(-0.0208516924500466,0.0487381928563117,0.0154764218512807));
#2298=CARTESIAN_POINT('',(-0.0208516924500466,0.0437381928563118,0.0404764218512808));
#2299=CARTESIAN_POINT('',(-0.0208516924500466,0.0437381928563117,0.0154764218512808));
#2300=CARTESIAN_POINT('',(-0.0208516924500466,0.0387381928563117,0.0154764218512808));
#2301=CARTESIAN_POINT('',(-0.0208516924500466,0.0412381928563117,0.0279764218512808));
#2302=CARTESIAN_POINT('',(-0.0208516924500466,0.0712381928563118,0.0279764218512807));
#2303=CARTESIAN_POINT('',(-0.0208516924500466,0.0687381928563118,0.0404764218512807));
#2304=CARTESIAN_POINT('',(-0.0208516924500466,0.0699756928563118,0.0342889218512804));
#2305=CARTESIAN_POINT('',(-0.0208516924500466,0.0712381928563118,0.0404764218512807));
#2306=CARTESIAN_POINT('',(-0.0208516924500466,0.0737381928563118,0.0404764218512807));
#2307=CARTESIAN_POINT('',(-0.0208516924500466,0.0737381928563118,0.0279764218512807));
#2308=CARTESIAN_POINT('',(-0.0208516924500466,0.0737381928563118,0.0366));
#2309=CARTESIAN_POINT('',(-0.0208516924500466,0.0435194428563117,0.0366));
#2310=CARTESIAN_POINT('',(-0.0208516924500466,0.0797381928563118,0.0366));
#2311=CARTESIAN_POINT('',(-0.0208516924500466,0.0797381928563118,0.0494764218512807));
#2312=CARTESIAN_POINT('',(-0.0208516924500466,0.0797381928563118,0.0494764218512807));
#2313=CARTESIAN_POINT('',(-0.0208516924500466,0.0435194428563118,0.0494764218512808));
#2314=CARTESIAN_POINT('',(-0.0208516924500466,0.00730069285631181,0.0494764218512809));
#2315=CARTESIAN_POINT('',(-0.0208516924500466,0.00730069285631181,0.0494764218512809));
#2316=CARTESIAN_POINT('',(-0.0208516924500466,0.00730069285631178,0.0366));
#2317=CARTESIAN_POINT('',(-0.0208516924500466,0.0435194428563117,0.0366));
#2318=CARTESIAN_POINT('',(-0.0208516924500466,0.0170631928563118,0.0366));
#2319=CARTESIAN_POINT('',(-0.0208516924500466,0.0170631928563118,0.036602));
#2320=CARTESIAN_POINT('',(-0.0208516924500466,0.0170631928563118,0.00747642185128085));
#2321=CARTESIAN_POINT('',(-0.0208516924500466,0.0435194428563117,0.00747642185128079));
#2322=CARTESIAN_POINT('',(-0.0208516924500466,0.0699756928563118,0.00747642185128073));
#2323=CARTESIAN_POINT('',(-0.0208516924500466,0.0699756928563118,0.036602));
#2324=CARTESIAN_POINT('',(-0.0208516924500466,0.0337381928563118,0.0404764218512808));
#2325=CARTESIAN_POINT('',(-0.0208516924500466,0.0387381928563118,0.0404764218512808));
#2326=CARTESIAN_POINT('',(-0.0208516924500466,0.0287381928563118,0.0404764218512808));
#2327=CARTESIAN_POINT('',(-0.0208516924500466,0.0362381928563117,0.0279764218512808));
#2328=CARTESIAN_POINT('',(-0.0208516924500466,0.0337381928563117,0.0154764218512808));
#2329=CARTESIAN_POINT('',(-0.0208516924500466,0.0312381928563118,0.0279764218512808));
#2330=CARTESIAN_POINT('',(-0.0208516924500466,0.0237381928563117,0.0279764218512809));
#2331=CARTESIAN_POINT('',(-0.0208516924500466,0.0237381928563118,0.0404764218512808));
#2332=CARTESIAN_POINT('',(-0.0208516924500466,0.0237381928563117,0.0154764218512809));
#2333=CARTESIAN_POINT('',(-0.0208516924500466,0.0262381928563118,0.0279764218512809));
#2334=CARTESIAN_POINT('',(-0.0208516924500466,0.0287381928563117,0.0154764218512808));
#2335=CARTESIAN_POINT('',(-0.0208516924500466,0.0262381928563117,0.0154764218512809));
#2336=CARTESIAN_POINT('',(-0.0208516924500466,0.0612381928563117,0.0279764218512808));
#2337=CARTESIAN_POINT('',(-0.0208516924500466,0.0587381928563117,0.0154764218512807));
#2338=CARTESIAN_POINT('',(-0.0208516924500466,0.0637381928563118,0.0404764218512808));
#2339=CARTESIAN_POINT('',(-0.0208516924500466,0.0662381928563118,0.0279764218512807));
#2340=CARTESIAN_POINT('',(-0.0208516924500466,0.0687381928563117,0.0154764218512807));
#2341=CARTESIAN_POINT('',(-0.0208516924500466,0.0637381928563117,0.0154764218512807));
#2342=CARTESIAN_POINT('',(-0.0208516924500466,0.0512381928563117,0.0279764218512808));
#2343=CARTESIAN_POINT('',(-0.0208516924500466,0.0487381928563118,0.0404764218512808));
#2344=CARTESIAN_POINT('',(-0.0208516924500466,0.0537381928563117,0.0154764218512807));
#2345=CARTESIAN_POINT('',(-0.0208516924500466,0.0537381928563118,0.0404764218512808));
#2346=CARTESIAN_POINT('',(-0.0208516924500466,0.0587381928563118,0.0404764218512808));
#2347=CARTESIAN_POINT('',(-0.0208516924500466,0.0562381928563118,0.0279764218512808));
#2348=CARTESIAN_POINT('',(-0.0288516924500466,0.0423080023727491,0.00447642185128078));
#2349=CARTESIAN_POINT('',(-0.0288516924500466,0.0462381928563117,0.0279764218512808));
#2350=CARTESIAN_POINT('',(-0.0288516924500466,0.0487381928563117,0.0154764218512807));
#2351=CARTESIAN_POINT('',(-0.0288516924500466,0.0437381928563118,0.0404764218512808));
#2352=CARTESIAN_POINT('',(-0.0288516924500466,0.0412381928563117,0.0279764218512808));
#2353=CARTESIAN_POINT('',(-0.0288516924500466,0.0387381928563117,0.0154764218512808));
#2354=CARTESIAN_POINT('',(-0.0288516924500466,0.0437381928563117,0.0154764218512808));
#2355=CARTESIAN_POINT('',(-0.0288516924500466,0.0423080023727492,0.0494764218512808));
#2356=CARTESIAN_POINT('',(-0.0288516924500466,-0.00112218811081344,0.0494764218512809));
#2357=CARTESIAN_POINT('',(-0.0288516924500466,0.0857381928563118,0.0494764218512807));
#2358=CARTESIAN_POINT('',(-0.0288516924500466,0.0857381928563118,0.0494764218512808));
#2359=CARTESIAN_POINT('',(-0.0288516924500466,0.0857381928563117,0.0351430885179475));
#2360=CARTESIAN_POINT('',(-0.0288516924500465,0.0857381928563117,0.0208097551846141));
#2361=CARTESIAN_POINT('',(-0.0288516924500465,0.0857381928563117,0.00647642185128081));
#2362=CARTESIAN_POINT('',(-0.0288516924500466,0.0857381928563113,0.00647642185128069));
#2363=CARTESIAN_POINT('',(-0.0288516924500465,0.0857381928563113,0.00647642185128069));
#2364=CARTESIAN_POINT('',(-0.0288516924500465,0.056784732533936,0.00647642185128075));
#2365=CARTESIAN_POINT('',(-0.0288516924500466,0.0278312722115607,0.00647642185128082));
#2366=CARTESIAN_POINT('',(-0.0288516924500466,-0.00112218811081465,0.00647642185128089));
#2367=CARTESIAN_POINT('',(-0.0288516924500466,-0.0011221881108146,0.00647642185128089));
#2368=CARTESIAN_POINT('',(-0.0288516924500466,-0.00112218811081355,0.00647642185128092));
#2369=CARTESIAN_POINT('',(-0.0288516924500466,-0.00112218811081351,0.0208097551846142));
#2370=CARTESIAN_POINT('',(-0.0288516924500466,-0.00112218811081348,0.0351430885179475));
#2371=CARTESIAN_POINT('',(-0.0288516924500466,-0.00112218811081344,0.0494764218512808));
#2372=CARTESIAN_POINT('',(-0.0288516924500466,0.0712381928563118,0.0404764218512807));
#2373=CARTESIAN_POINT('',(-0.0288516924500466,0.0737381928563118,0.0404764218512807));
#2374=CARTESIAN_POINT('',(-0.0288516924500466,0.0687381928563118,0.0404764218512807));
#2375=CARTESIAN_POINT('',(-0.0288516924500466,0.0712381928563118,0.0279764218512807));
#2376=CARTESIAN_POINT('',(-0.0288516924500466,0.0737381928563118,0.0154764218512807));
#2377=CARTESIAN_POINT('',(-0.0288516924500466,0.0737381928563118,0.0279764218512807));
#2378=CARTESIAN_POINT('',(-0.0288516924500466,0.0312381928563118,0.0279764218512808));
#2379=CARTESIAN_POINT('',(-0.0288516924500466,0.0337381928563117,0.0154764218512808));
#2380=CARTESIAN_POINT('',(-0.0288516924500466,0.0287381928563118,0.0404764218512808));
#2381=CARTESIAN_POINT('',(-0.0288516924500466,0.0362381928563117,0.0279764218512808));
#2382=CARTESIAN_POINT('',(-0.0288516924500466,0.0387381928563118,0.0404764218512808));
#2383=CARTESIAN_POINT('',(-0.0288516924500466,0.0337381928563118,0.0404764218512808));
#2384=CARTESIAN_POINT('',(-0.0288516924500466,0.0262381928563118,0.0154764218512809));
#2385=CARTESIAN_POINT('',(-0.0288516924500466,0.0287381928563117,0.0154764218512808));
#2386=CARTESIAN_POINT('',(-0.0288516924500466,0.0237381928563117,0.0154764218512809));
#2387=CARTESIAN_POINT('',(-0.0288516924500466,0.0262381928563118,0.0279764218512809));
#2388=CARTESIAN_POINT('',(-0.0288516924500466,0.0237381928563118,0.0404764218512808));
#2389=CARTESIAN_POINT('',(-0.0288516924500466,0.0237381928563117,0.0279764218512809));
#2390=CARTESIAN_POINT('',(-0.0288516924500466,0.0637381928563117,0.0154764218512807));
#2391=CARTESIAN_POINT('',(-0.0288516924500466,0.0687381928563117,0.0154764218512807));
#2392=CARTESIAN_POINT('',(-0.0288516924500466,0.0587381928563117,0.0154764218512807));
#2393=CARTESIAN_POINT('',(-0.0288516924500466,0.0662381928563118,0.0279764218512807));
#2394=CARTESIAN_POINT('',(-0.0288516924500466,0.0637381928563118,0.0404764218512808));
#2395=CARTESIAN_POINT('',(-0.0288516924500466,0.0612381928563117,0.0279764218512808));
#2396=CARTESIAN_POINT('',(-0.0288516924500466,0.0512381928563117,0.0279764218512808));
#2397=CARTESIAN_POINT('',(-0.0288516924500466,0.0487381928563118,0.0404764218512808));
#2398=CARTESIAN_POINT('',(-0.0288516924500466,0.0537381928563117,0.0154764218512807));
#2399=CARTESIAN_POINT('',(-0.0288516924500466,0.0562381928563118,0.0279764218512808));
#2400=CARTESIAN_POINT('',(-0.0288516924500466,0.0587381928563118,0.0404764218512808));
#2401=CARTESIAN_POINT('',(-0.0288516924500466,0.0537381928563118,0.0404764218512808));
#2402=CARTESIAN_POINT('',(0.0857795575499535,0.0423080023727491,0.00447642185128085));
#2403=CARTESIAN_POINT('',(0.0857795575499535,0.0237381928563117,0.0279764218512809));
#2404=CARTESIAN_POINT('',(0.0857795575499534,0.0237381928563118,0.0404764218512809));
#2405=CARTESIAN_POINT('',(0.0857795575499535,0.0237381928563117,0.0154764218512809));
#2406=CARTESIAN_POINT('',(0.0857795575499535,0.0262381928563118,0.0279764218512809));
#2407=CARTESIAN_POINT('',(0.0857795575499535,0.0287381928563117,0.0154764218512809));
#2408=CARTESIAN_POINT('',(0.0857795575499535,0.0262381928563118,0.0154764218512809));
#2409=CARTESIAN_POINT('',(0.0857795575499535,0.0437381928563117,0.0154764218512809));
#2410=CARTESIAN_POINT('',(0.0857795575499535,0.0387381928563117,0.0154764218512809));
#2411=CARTESIAN_POINT('',(0.0857795575499535,0.0487381928563117,0.0154764218512809));
#2412=CARTESIAN_POINT('',(0.0857795575499535,0.0412381928563117,0.0279764218512809));
#2413=CARTESIAN_POINT('',(0.0857795575499535,0.0437381928563118,0.0404764218512808));
#2414=CARTESIAN_POINT('',(0.0857795575499535,0.0462381928563118,0.0279764218512809));
#2415=CARTESIAN_POINT('',(0.0857795575499535,0.0637381928563117,0.0154764218512808));
#2416=CARTESIAN_POINT('',(0.0857795575499535,0.0587381928563117,0.0154764218512808));
#2417=CARTESIAN_POINT('',(0.0857795575499535,0.0687381928563117,0.0154764218512808));
#2418=CARTESIAN_POINT('',(0.0857795575499535,0.0612381928563118,0.0279764218512808));
#2419=CARTESIAN_POINT('',(0.0857795575499535,0.0637381928563118,0.0404764218512808));
#2420=CARTESIAN_POINT('',(0.0857795575499535,0.0662381928563118,0.0279764218512808));
#2421=CARTESIAN_POINT('',(0.0857795575499535,-0.0011221881108131,0.00647642185128095));
#2422=CARTESIAN_POINT('',(0.0857795575499535,0.0278312722115618,0.00647642185128088));
#2423=CARTESIAN_POINT('',(0.0857795575499535,0.0567847325339366,0.00647642185128082));
#2424=CARTESIAN_POINT('',(0.0857795575499535,0.0857381928563115,0.00647642185128075));
#2425=CARTESIAN_POINT('',(0.0857795575499535,-0.00112218811081308,0.00647642185128095));
#2426=CARTESIAN_POINT('',(0.0857795575499535,0.0857381928563115,0.00647642185128075));
#2427=CARTESIAN_POINT('',(0.0857795575499535,0.0857381928563117,0.00647642185128077));
#2428=CARTESIAN_POINT('',(0.0857795575499535,0.0857381928563117,0.0208097551846141));
#2429=CARTESIAN_POINT('',(0.0857795575499535,0.0857381928563118,0.0351430885179475));
#2430=CARTESIAN_POINT('',(0.0857795575499535,0.0857381928563118,0.0494764218512809));
#2431=CARTESIAN_POINT('',(0.0857795575499535,0.0857381928563118,0.0494764218512808));
#2432=CARTESIAN_POINT('',(0.0857795575499534,0.0423080023727491,0.0494764218512809));
#2433=CARTESIAN_POINT('',(0.0857795575499534,-0.00112218811081344,0.049476421851281));
#2434=CARTESIAN_POINT('',(0.0857795575499535,-0.00112218811081344,0.0494764218512809));
#2435=CARTESIAN_POINT('',(0.0857795575499535,-0.00112218811081348,0.0351430885179476));
#2436=CARTESIAN_POINT('',(0.0857795575499535,-0.00112218811081351,0.0208097551846143));
#2437=CARTESIAN_POINT('',(0.0857795575499535,-0.00112218811081355,0.00647642185128105));
#2438=CARTESIAN_POINT('',(0.0857795575499535,0.0712381928563118,0.0279764218512808));
#2439=CARTESIAN_POINT('',(0.0857795575499535,0.0687381928563118,0.0404764218512808));
#2440=CARTESIAN_POINT('',(0.0857795575499535,0.0737381928563117,0.0154764218512808));
#2441=CARTESIAN_POINT('',(0.0857795575499535,0.0712381928563118,0.0404764218512808));
#2442=CARTESIAN_POINT('',(0.0857795575499535,0.0737381928563118,0.0404764218512808));
#2443=CARTESIAN_POINT('',(0.0857795575499535,0.0737381928563118,0.0279764218512808));
#2444=CARTESIAN_POINT('',(0.0857795575499535,0.0312381928563118,0.0279764218512809));
#2445=CARTESIAN_POINT('',(0.0857795575499535,0.0337381928563117,0.0154764218512809));
#2446=CARTESIAN_POINT('',(0.0857795575499534,0.0287381928563118,0.0404764218512809));
#2447=CARTESIAN_POINT('',(0.0857795575499534,0.0337381928563118,0.0404764218512808));
#2448=CARTESIAN_POINT('',(0.0857795575499534,0.0387381928563118,0.0404764218512808));
#2449=CARTESIAN_POINT('',(0.0857795575499535,0.0362381928563118,0.0279764218512809));
#2450=CARTESIAN_POINT('',(0.0857795575499535,0.0512381928563118,0.0279764218512809));
#2451=CARTESIAN_POINT('',(0.0857795575499535,0.0537381928563117,0.0154764218512808));
#2452=CARTESIAN_POINT('',(0.0857795575499535,0.0487381928563118,0.0404764218512808));
#2453=CARTESIAN_POINT('',(0.0857795575499535,0.0537381928563118,0.0404764218512808));
#2454=CARTESIAN_POINT('',(0.0857795575499535,0.0587381928563118,0.0404764218512808));
#2455=CARTESIAN_POINT('',(0.0857795575499535,0.0562381928563118,0.0279764218512808));
#2456=CARTESIAN_POINT('',(-0.0084736102242244,0.00208925237274919,0.0494764218512809));
#2457=CARTESIAN_POINT('',(-0.0084736102242244,0.00208925237274914,0.0304764218512809));
#2458=CARTESIAN_POINT('',(-0.0084736102242244,-0.00212218811081349,0.0304764218512809));
#2459=CARTESIAN_POINT('',(-0.0084736102242244,0.00730069285631177,0.0304764218512809));
#2460=CARTESIAN_POINT('',(-0.00847361022422439,-0.00212218811081349,0.0304764218512805));
#2461=CARTESIAN_POINT('',(-0.00847361022422439,-0.0021221881108135,0.0228097551846144));
#2462=CARTESIAN_POINT('',(-0.00847361022422438,-0.00212218811081352,0.0151430885179484));
#2463=CARTESIAN_POINT('',(-0.00847361022422438,-0.00212218811081354,0.00747642185128235));
#2464=CARTESIAN_POINT('',(-0.00847361022422438,-0.00212218811081354,0.0074764218512809));
#2465=CARTESIAN_POINT('',(-0.00847361022422438,0.00208925237274909,0.00747642185128089));
#2466=CARTESIAN_POINT('',(-0.00847361022422438,0.00730069285631172,0.00747642185128088));
#2467=CARTESIAN_POINT('',(-0.0084736102242244,0.00730069285631181,0.0494764218512809));
#2468=CARTESIAN_POINT('',(0.0284639325499534,0.0797381928563118,0.0494764218512807));
#2469=CARTESIAN_POINT('',(0.0656358075499534,0.0797381928563118,0.036602));
#2470=CARTESIAN_POINT('',(0.0656358075499534,0.0797381928563118,0.0366));
#2471=CARTESIAN_POINT('',(0.0656358075499534,0.0797381928563117,0.00747642185128075));
#2472=CARTESIAN_POINT('',(0.0284639325499535,0.0797381928563118,0.0366));
#2473=CARTESIAN_POINT('',(0.0777795575499534,0.0797381928563118,0.0366));
#2474=CARTESIAN_POINT('',(0.0777795575499534,0.0797381928563118,0.0494764218512808));
#2475=CARTESIAN_POINT('',(0.0777795575499534,0.0797381928563118,0.0494764218512808));
#2476=CARTESIAN_POINT('',(0.0284639325499534,0.0797381928563118,0.0494764218512807));
#2477=CARTESIAN_POINT('',(0.0284639325499535,0.0797381928563118,0.0366));
#2478=CARTESIAN_POINT('',(-0.0110891924500466,0.0797381928563118,0.0366));
#2479=CARTESIAN_POINT('',(-0.0110891924500466,0.0797381928563118,0.036602));
#2480=CARTESIAN_POINT('',(-0.0110891924500466,0.0797381928563117,0.00747642185128071));
#2481=CARTESIAN_POINT('',(0.0284639325499535,0.0797381928563117,0.00747642185128073));
#2482=CARTESIAN_POINT('',(0.0284639325499535,0.0423080023727491,0.00747642185128082));
#2483=CARTESIAN_POINT('',(-0.0084736102242212,-0.0021221881108135,0.0074764218512809));
#2484=CARTESIAN_POINT('',(0.0162430564424455,-0.0021221881108135,0.00747642185128091));
#2485=CARTESIAN_POINT('',(0.0409597231091122,-0.0021221881108135,0.00747642185128093));
#2486=CARTESIAN_POINT('',(0.065676389775779,-0.0021221881108135,0.00747642185128094));
#2487=CARTESIAN_POINT('',(0.0656763897757756,-0.00212218811081354,0.00747642185128094));
#2488=CARTESIAN_POINT('',(0.0656763897757756,-0.000842188110813538,0.00747642185128094));
#2489=CARTESIAN_POINT('',(0.0656763897757756,0.00143781188918646,0.00747642185128093));
#2490=CARTESIAN_POINT('',(0.0304863897757756,0.00143781188918646,0.00747642185128091));
#2491=CARTESIAN_POINT('',(-0.00470361022422439,0.00143781188918646,0.00747642185128089));
#2492=CARTESIAN_POINT('',(-0.00470361022422439,0.00436925237274909,0.00747642185128089));
#2493=CARTESIAN_POINT('',(-0.00470361022422439,0.00730069285631171,0.00747642185128088));
#2494=CARTESIAN_POINT('',(0.0304863897757756,0.00730069285631173,0.0074764218512809));
#2495=CARTESIAN_POINT('',(0.0656358075499534,0.00730069285631174,0.00747642185128092));
#2496=CARTESIAN_POINT('',(0.0656358075499534,0.0121819428563118,0.00747642185128091));
#2497=CARTESIAN_POINT('',(0.0656358075499534,0.0170631928563118,0.0074764218512809));
#2498=CARTESIAN_POINT('',(0.0717076825499534,0.0170631928563118,0.0074764218512809));
#2499=CARTESIAN_POINT('',(0.0777795575499534,0.0170631928563118,0.0074764218512809));
#2500=CARTESIAN_POINT('',(0.0777795575499534,0.0435194428563117,0.00747642185128084));
#2501=CARTESIAN_POINT('',(0.0777795575499534,0.0699756928563118,0.00747642185128078));
#2502=CARTESIAN_POINT('',(0.0717076825499534,0.0699756928563118,0.00747642185128078));
#2503=CARTESIAN_POINT('',(0.0656358075499534,0.0699756928563118,0.00747642185128078));
#2504=CARTESIAN_POINT('',(0.0656358075499534,0.0748569428563118,0.00747642185128076));
#2505=CARTESIAN_POINT('',(-0.0110891924500466,0.0748569428563117,0.00747642185128072));
#2506=CARTESIAN_POINT('',(-0.0110891924500466,0.0699756928563118,0.00747642185128073));
#2507=CARTESIAN_POINT('',(-0.0159704424500466,0.0699756928563118,0.00747642185128073));
#2508=CARTESIAN_POINT('',(-0.0159704424500465,0.0170631928563118,0.00747642185128085));
#2509=CARTESIAN_POINT('',(-0.0110891924500466,0.0170631928563118,0.00747642185128085));
#2510=CARTESIAN_POINT('',(-0.0110891924500466,0.0121819428563118,0.00747642185128086));
#2511=CARTESIAN_POINT('',(-0.0110891924500466,0.00730069285631171,0.00747642185128088));
#2512=CARTESIAN_POINT('',(-0.0146626513371355,0.00730069285631171,0.00747642185128087));
#2513=CARTESIAN_POINT('',(0.0757279736628645,-0.00312218811081355,0.00447642185128094));
#2514=CARTESIAN_POINT('',(-0.0094736102242229,-0.00312218811081349,0.0314764218512809));
#2515=CARTESIAN_POINT('',(0.0159097231091099,-0.00312218811081349,0.0314764218512809));
#2516=CARTESIAN_POINT('',(0.0412930564424428,-0.00312218811081348,0.0314764218512809));
#2517=CARTESIAN_POINT('',(0.0666763897757756,-0.00312218811081348,0.0314764218512809));
#2518=CARTESIAN_POINT('',(-0.00947361022422283,-0.00312218811081349,0.0314764218512809));
#2519=CARTESIAN_POINT('',(0.0666763897757756,-0.00312218811081349,0.031476421851281));
#2520=CARTESIAN_POINT('',(0.0666763897757756,-0.00312218811081348,0.0314764218512809));
#2521=CARTESIAN_POINT('',(0.0666763897757756,-0.0031221881108135,0.0231430885179476));
#2522=CARTESIAN_POINT('',(0.0666763897757756,-0.00312218811081352,0.0148097551846143));
#2523=CARTESIAN_POINT('',(0.0666763897757756,-0.00312218811081354,0.00647642185128098));
#2524=CARTESIAN_POINT('',(0.0666763897757552,-0.00312218811081354,0.00647642185128095));
#2525=CARTESIAN_POINT('',(0.0666763897757552,-0.00312218811081354,0.00647642185128094));
#2526=CARTESIAN_POINT('',(0.072377445700488,-0.00312218811081354,0.00647642185128094));
#2527=CARTESIAN_POINT('',(0.0780785016252207,-0.00312218811081354,0.00647642185128094));
#2528=CARTESIAN_POINT('',(0.0837795575499534,-0.00312218811081354,0.00647642185128095));
#2529=CARTESIAN_POINT('',(0.0837795575499535,-0.00312218811081354,0.00647642185128095));
#2530=CARTESIAN_POINT('',(0.0837795575499534,-0.00312218811081354,0.00647642185128094));
#2531=CARTESIAN_POINT('',(0.0837795575499534,-0.00312218811081351,0.0208097551846143));
#2532=CARTESIAN_POINT('',(0.0837795575499534,-0.00312218811081348,0.0351430885179476));
#2533=CARTESIAN_POINT('',(0.0837795575499534,-0.00312218811081344,0.0494764218512809));
#2534=CARTESIAN_POINT('',(0.0837795575499534,-0.00312218811081344,0.049476421851281));
#2535=CARTESIAN_POINT('',(0.0757279736628645,-0.00312218811081344,0.049476421851281));
#2536=CARTESIAN_POINT('',(-0.0268516924500466,-0.00312218811081344,0.0494764218512809));
#2537=CARTESIAN_POINT('',(-0.0268516924500465,-0.00312218811081345,0.0494764218512809));
#2538=CARTESIAN_POINT('',(-0.0268516924500465,-0.00312218811081348,0.0351430885179476));
#2539=CARTESIAN_POINT('',(-0.0268516924500465,-0.00312218811081351,0.0208097551846143));
#2540=CARTESIAN_POINT('',(-0.0268516924500465,-0.00312218811081354,0.00647642185128101));
#2541=CARTESIAN_POINT('',(-0.0268516924500451,-0.00312218811081355,0.00647642185128089));
#2542=CARTESIAN_POINT('',(-0.0268516924500451,-0.00312218811081354,0.00647642185128089));
#2543=CARTESIAN_POINT('',(-0.0210589983747729,-0.00312218811081354,0.00647642185128089));
#2544=CARTESIAN_POINT('',(-0.0152663042995006,-0.00312218811081354,0.0064764218512809));
#2545=CARTESIAN_POINT('',(-0.00947361022422838,-0.00312218811081354,0.0064764218512809));
#2546=CARTESIAN_POINT('',(-0.00947361022422838,-0.00312218811081354,0.0064764218512809));
#2547=CARTESIAN_POINT('',(-0.0094736102242244,-0.00312218811081354,0.00647642185128127));
#2548=CARTESIAN_POINT('',(-0.0094736102242244,-0.00312218811081352,0.0148097551846145));
#2549=CARTESIAN_POINT('',(-0.0094736102242244,-0.00312218811081351,0.0231430885179477));
#2550=CARTESIAN_POINT('',(-0.0094736102242244,-0.00312218811081349,0.0314764218512809));
#2551=CARTESIAN_POINT('',(0.0284639325499535,0.0877381928563117,0.00447642185128071));
#2552=CARTESIAN_POINT('',(0.0284639325499535,0.0877381928563118,0.0494764218512807));
#2553=CARTESIAN_POINT('',(-0.0268516924500465,0.0877381928563118,0.0494764218512807));
#2554=CARTESIAN_POINT('',(0.0837795575499535,0.0877381928563118,0.0494764218512808));
#2555=CARTESIAN_POINT('',(0.0837795575499535,0.0877381928563118,0.0494764218512807));
#2556=CARTESIAN_POINT('',(0.0837795575499535,0.0877381928563118,0.0351430885179474));
#2557=CARTESIAN_POINT('',(0.0837795575499535,0.0877381928563117,0.0208097551846141));
#2558=CARTESIAN_POINT('',(0.0837795575499535,0.0877381928563117,0.00647642185128086));
#2559=CARTESIAN_POINT('',(0.0837795575499531,0.0877381928563117,0.00647642185128075));
#2560=CARTESIAN_POINT('',(0.0837795575499531,0.0877381928563117,0.00647642185128075));
#2561=CARTESIAN_POINT('',(0.0469024742166202,0.0877381928563117,0.00647642185128073));
#2562=CARTESIAN_POINT('',(0.0100253908832874,0.0877381928563117,0.0064764218512807));
#2563=CARTESIAN_POINT('',(-0.0268516924500455,0.0877381928563117,0.00647642185128068));
#2564=CARTESIAN_POINT('',(-0.0268516924500455,0.0877381928563117,0.00647642185128069));
#2565=CARTESIAN_POINT('',(-0.0268516924500465,0.0877381928563117,0.00647642185128071));
#2566=CARTESIAN_POINT('',(-0.0268516924500465,0.0877381928563118,0.020809755184614));
#2567=CARTESIAN_POINT('',(-0.0268516924500465,0.0877381928563118,0.0351430885179474));
#2568=CARTESIAN_POINT('',(-0.0268516924500465,0.0877381928563118,0.0494764218512807));
#2569=CARTESIAN_POINT('',(0.0284639325499535,0.0423080023727491,0.00447642185128082));
#2570=CARTESIAN_POINT('',(-0.0268516924500465,-0.00112218811081515,0.00447642185128089));
#2571=CARTESIAN_POINT('',(-0.0268516924500465,0.0278312722115603,0.00447642185128082));
#2572=CARTESIAN_POINT('',(-0.0268516924500465,0.0567847325339357,0.00447642185128076));
#2573=CARTESIAN_POINT('',(-0.0268516924500465,0.0857381928563111,0.00447642185128069));
#2574=CARTESIAN_POINT('',(-0.0268516924500451,-0.00112218811081355,0.00447642185128088));
#2575=CARTESIAN_POINT('',(-0.0268516924500465,0.0857381928563111,0.00447642185128069));
#2576=CARTESIAN_POINT('',(-0.0268516924500461,0.0857381928563117,0.00447642185128069));
#2577=CARTESIAN_POINT('',(0.0100253908832874,0.0857381928563117,0.00447642185128071));
#2578=CARTESIAN_POINT('',(0.0469024742166208,0.0857381928563117,0.00447642185128073));
#2579=CARTESIAN_POINT('',(0.0837795575499544,0.0857381928563117,0.00447642185128075));
#2580=CARTESIAN_POINT('',(0.0837795575499535,0.0857381928563114,0.00447642185128075));
#2581=CARTESIAN_POINT('',(0.0837795575499534,0.0857381928563114,0.00447642185128075));
#2582=CARTESIAN_POINT('',(0.0837795575499534,0.0567847325339366,0.00447642185128082));
#2583=CARTESIAN_POINT('',(0.0837795575499534,0.0278312722115619,0.00447642185128088));
#2584=CARTESIAN_POINT('',(0.0837795575499534,-0.00112218811081285,0.00447642185128095));
#2585=CARTESIAN_POINT('',(0.0837795575499534,-0.00112218811081354,0.00447642185128094));
#2586=CARTESIAN_POINT('',(0.0837795575499534,-0.0011221881108135,0.00447642185128095));
#2587=CARTESIAN_POINT('',(0.0469024742166206,-0.00112218811081352,0.00447642185128093));
#2588=CARTESIAN_POINT('',(0.0100253908832877,-0.00112218811081353,0.00447642185128091));
#2589=CARTESIAN_POINT('',(-0.0268516924500451,-0.00112218811081355,0.00447642185128089));
#2590=CARTESIAN_POINT('',(0.0656763897757756,-0.000842188110813443,0.0494764218512809));
#2591=CARTESIAN_POINT('',(0.0656763897757756,-0.00212218811081354,0.0074764218512809));
#2592=CARTESIAN_POINT('',(0.0656763897757756,-0.00212218811081352,0.0151430885179474));
#2593=CARTESIAN_POINT('',(0.0656763897757756,-0.0021221881108135,0.0228097551846139));
#2594=CARTESIAN_POINT('',(0.0656763897757756,-0.00212218811081348,0.0304764218512805));
#2595=CARTESIAN_POINT('',(0.0656763897757756,-0.00212218811081349,0.030476421851281));
#2596=CARTESIAN_POINT('',(0.0656763897757756,-0.000842188110813486,0.030476421851281));
#2597=CARTESIAN_POINT('',(0.0656763897757756,0.00143781188918651,0.030476421851281));
#2598=CARTESIAN_POINT('',(0.0656763897757756,0.00143781188918656,0.0494764218512809));
#2599=CARTESIAN_POINT('',(0.0304863897757756,0.00143781188918656,0.0494764218512809));
#2600=CARTESIAN_POINT('',(0.0304863897757756,0.00143781188918651,0.0304764218512809));
#2601=CARTESIAN_POINT('',(-0.0047036102242244,0.00143781188918651,0.0304764218512809));
#2602=CARTESIAN_POINT('',(-0.00470361022422441,0.00143781188918656,0.0494764218512809));
#2603=CARTESIAN_POINT('',(-0.00470361022422441,0.00436925237274919,0.0494764218512809));
#2604=CARTESIAN_POINT('',(-0.0047036102242244,0.00436925237274914,0.0304764218512809));
#2605=CARTESIAN_POINT('',(-0.0047036102242244,0.00730069285631177,0.0304764218512809));
#2606=CARTESIAN_POINT('',(-0.00470361022422441,0.00730069285631181,0.0494764218512809));
#2607=CARTESIAN_POINT('',(0.0304863897757756,0.00730069285631182,0.0494764218512809));
#2608=CARTESIAN_POINT('',(0.0304863897757756,0.00730069285631179,0.0366));
#2609=CARTESIAN_POINT('',(0.0656358075499534,0.0073006928563118,0.0366));
#2610=CARTESIAN_POINT('',(0.0777795575499534,0.0073006928563118,0.0366));
#2611=CARTESIAN_POINT('',(0.0656358075499534,0.0073006928563118,0.036602));
#2612=CARTESIAN_POINT('',(-0.0065886102242244,0.00730069285631177,0.0304764218512809));
#2613=CARTESIAN_POINT('',(-0.0110891924500466,0.00730069285631178,0.036602));
#2614=CARTESIAN_POINT('',(-0.0110891924500466,0.00730069285631178,0.0366));
#2615=CARTESIAN_POINT('',(-0.0146626513371355,0.00730069285631178,0.0366));
#2616=CARTESIAN_POINT('',(0.0304863897757756,0.00730069285631182,0.0494764218512809));
#2617=CARTESIAN_POINT('',(0.0777795575499534,0.00730069285631183,0.0494764218512809));
#2618=CARTESIAN_POINT('',(0.0777795575499534,0.00730069285631183,0.0494764218512809));
#2619=CARTESIAN_POINT('',(0.0777795575499534,0.0435194428563118,0.0494764218512808));
#2620=CARTESIAN_POINT('',(0.0777795575499534,0.0435194428563118,0.0366));
#2621=CARTESIAN_POINT('',(0.0777795575499534,0.0699756928563119,0.0366));
#2622=CARTESIAN_POINT('',(0.0777795575499534,0.0699756928563119,0.036602));
#2623=CARTESIAN_POINT('',(0.0777795575499534,0.0170631928563119,0.036602));
#2624=CARTESIAN_POINT('',(0.0777795575499534,0.0170631928563119,0.0366));
#2625=CARTESIAN_POINT('',(0.0777795575499534,0.0435194428563118,0.0366));
#2626=CARTESIAN_POINT('',(0.0777795575499534,0.0435194428563118,0.0494764218512808));
#2627=CARTESIAN_POINT('',(0.0284639325499535,0.0423080023727492,0.0494764218512808));
#2628=CARTESIAN_POINT('',(0.0857795575499535,0.0857381928563118,0.0494764218512807));
#2629=CARTESIAN_POINT('',(0.0857795575499534,0.0870715261896451,0.0494764218512807));
#2630=CARTESIAN_POINT('',(0.0851128908832868,0.0877381928563118,0.0494764218512807));
#2631=CARTESIAN_POINT('',(0.0837795575499534,0.0877381928563118,0.0494764218512807));
#2632=CARTESIAN_POINT('',(-0.0268516924500465,0.0877381928563118,0.0494764218512807));
#2633=CARTESIAN_POINT('',(-0.0281850257833799,0.0877381928563118,0.0494764218512807));
#2634=CARTESIAN_POINT('',(-0.0288516924500466,0.0870715261896451,0.0494764218512807));
#2635=CARTESIAN_POINT('',(-0.0288516924500466,0.0857381928563118,0.0494764218512807));
#2636=CARTESIAN_POINT('',(-0.0288516924500466,-0.0011221881108134,0.0494764218512809));
#2637=CARTESIAN_POINT('',(-0.0288516924500466,-0.00245552144414673,0.0494764218512809));
#2638=CARTESIAN_POINT('',(-0.0281850257833799,-0.0031221881108134,0.0494764218512809));
#2639=CARTESIAN_POINT('',(-0.0268516924500465,-0.0031221881108134,0.0494764218512809));
#2640=CARTESIAN_POINT('',(0.0837795575499534,-0.0031221881108134,0.0494764218512809));
#2641=CARTESIAN_POINT('',(0.0851128908832868,-0.0031221881108134,0.0494764218512809));
#2642=CARTESIAN_POINT('',(0.0857795575499534,-0.00245552144414673,0.0494764218512809));
#2643=CARTESIAN_POINT('',(0.0857795575499535,-0.0011221881108134,0.0494764218512809));
#2644=CARTESIAN_POINT('',(-0.0159704424500466,0.0699756928563118,0.036602));
#2645=CARTESIAN_POINT('',(-0.0159704424500466,0.0699756928563118,0.0366));
#2646=CARTESIAN_POINT('',(-0.0208516924500466,0.0699756928563118,0.0366));
#2647=CARTESIAN_POINT('',(-0.0110891924500466,0.0699756928563118,0.0366));
#2648=CARTESIAN_POINT('',(-0.0208516924500466,0.0699756928563118,0.036602));
#2649=CARTESIAN_POINT('',(-0.0110891924500466,0.0699756928563118,0.036602));
#2650=CARTESIAN_POINT('',(-0.0110891924500466,0.0748569428563118,0.036602));
#2651=CARTESIAN_POINT('',(-0.0110891924500466,0.0748569428563118,0.0366));
#2652=CARTESIAN_POINT('',(-0.0155891924500466,0.0744756928563118,0.036602));
#2653=CARTESIAN_POINT('',(-0.0155891924500466,0.0744756928563118,0.00747642185128072));
#2654=CARTESIAN_POINT('',(-0.0155891924500466,0.0721756928563118,0.00747642185128073));
#2655=CARTESIAN_POINT('',(-0.0155891924500466,0.0744756928563118,0.0366));
#2656=CARTESIAN_POINT('',(-0.0132891924500466,0.0744756928563118,0.0366));
#2657=CARTESIAN_POINT('',(-0.0584516924500466,-0.0898305571436882,0.0366));
#2658=CARTESIAN_POINT('',(-0.0208516924500466,0.0435194428563117,0.0366));
#2659=CARTESIAN_POINT('',(-0.0159704424500466,0.0170631928563118,0.036602));
#2660=CARTESIAN_POINT('',(-0.0159704424500466,0.0170631928563118,0.0366));
#2661=CARTESIAN_POINT('',(-0.0110891924500466,0.0170631928563118,0.0366));
#2662=CARTESIAN_POINT('',(-0.0110891924500466,0.0170631928563118,0.036602));
#2663=CARTESIAN_POINT('',(-0.0155891924500466,0.0125631928563119,0.036602));
#2664=CARTESIAN_POINT('',(-0.0155891924500466,0.0125631928563118,0.00747642185128086));
#2665=CARTESIAN_POINT('',(-0.0155891924500466,0.0102631928563118,0.00747642185128086));
#2666=CARTESIAN_POINT('',(-0.0155891924500466,0.0125631928563119,0.0366));
#2667=CARTESIAN_POINT('',(-0.0132891924500466,0.0125631928563119,0.0366));
#2668=CARTESIAN_POINT('',(-0.0110891924500466,0.0121819428563118,0.036602));
#2669=CARTESIAN_POINT('',(-0.0110891924500466,0.0121819428563118,0.0366));
#2670=CARTESIAN_POINT('',(-0.0584516924500466,-0.0898305571436882,0.0366));
#2671=CARTESIAN_POINT('',(0.0717076825499534,0.0170631928563119,0.036602));
#2672=CARTESIAN_POINT('',(0.0717076825499534,0.0170631928563119,0.0366));
#2673=CARTESIAN_POINT('',(0.0656358075499534,0.0170631928563119,0.0366));
#2674=CARTESIAN_POINT('',(0.0656358075499534,0.0170631928563119,0.036602));
#2675=CARTESIAN_POINT('',(0.0656358075499534,0.0121819428563118,0.036602));
#2676=CARTESIAN_POINT('',(0.0656358075499534,0.0121819428563118,0.0366));
#2677=CARTESIAN_POINT('',(0.0701358075499534,0.0125631928563119,0.036602));
#2678=CARTESIAN_POINT('',(0.0701358075499534,0.0125631928563118,0.00747642185128091));
#2679=CARTESIAN_POINT('',(0.0701358075499534,0.0102631928563118,0.00747642185128092));
#2680=CARTESIAN_POINT('',(0.0701358075499534,0.0125631928563119,0.0366));
#2681=CARTESIAN_POINT('',(0.0724358075499534,0.0125631928563119,0.0366));
#2682=CARTESIAN_POINT('',(-0.0584516924500466,-0.0898305571436882,0.0366));
#2683=CARTESIAN_POINT('',(0.0717076825499534,0.0699756928563119,0.036602));
#2684=CARTESIAN_POINT('',(0.0717076825499534,0.0699756928563119,0.0366));
#2685=CARTESIAN_POINT('',(0.0656358075499534,0.0699756928563119,0.0366));
#2686=CARTESIAN_POINT('',(0.0656358075499534,0.0699756928563119,0.036602));
#2687=CARTESIAN_POINT('',(0.0701358075499534,0.0744756928563119,0.036602));
#2688=CARTESIAN_POINT('',(0.0701358075499534,0.0744756928563118,0.00747642185128077));
#2689=CARTESIAN_POINT('',(0.0701358075499534,0.0721756928563118,0.00747642185128077));
#2690=CARTESIAN_POINT('',(0.0701358075499534,0.0744756928563119,0.0366));
#2691=CARTESIAN_POINT('',(0.0724358075499534,0.0744756928563119,0.0366));
#2692=CARTESIAN_POINT('',(0.0656358075499534,0.0748569428563118,0.036602));
#2693=CARTESIAN_POINT('',(0.0656358075499534,0.0748569428563118,0.0366));
#2694=CARTESIAN_POINT('',(-0.0584516924500466,-0.0898305571436882,0.0366));
#2695=CARTESIAN_POINT('',(0.0284639325499535,0.0423080023727491,0.00747642185128082));
#2696=CARTESIAN_POINT('',(0.0284639325499535,0.0423080023727491,0.00747642185128082));
#2697=CARTESIAN_POINT('',(0.0284639325499535,0.0423080023727491,0.00747642185128082));
#2698=CARTESIAN_POINT('',(0.0284639325499535,0.0423080023727491,0.00747642185128082));
#2699=CARTESIAN_POINT('',(0.0284639325499535,0.0423080023727491,0.0304764218512809));
#2700=CARTESIAN_POINT('',(0.0656763897757756,-0.00212218811081345,0.030476421851281));
#2701=CARTESIAN_POINT('',(0.0409597231091099,-0.00212218811081345,0.030476421851281));
#2702=CARTESIAN_POINT('',(0.0162430564424443,-0.00212218811081345,0.0304764218512809));
#2703=CARTESIAN_POINT('',(-0.00847361022422135,-0.00212218811081345,0.0304764218512809));
#2704=CARTESIAN_POINT('',(0.0850295575499536,0.0869881928563116,0.00522642185128072));
#2705=CARTESIAN_POINT('',(0.0849462242166202,0.0870298595229783,0.00518475518461405));
#2706=CARTESIAN_POINT('',(0.0848578097802191,0.0870666994828154,0.00514791522477692));
#2707=CARTESIAN_POINT('',(0.084670454830037,0.087129320482555,0.00508529422503743));
#2708=CARTESIAN_POINT('',(0.0845715143162561,0.0871551015224573,0.00505951318513507));
#2709=CARTESIAN_POINT('',(0.0842583578519774,0.0872137480028487,0.00500086670474367));
#2710=CARTESIAN_POINT('',(0.0840295575499536,0.0872381928563117,0.00497642185128074));
#2711=CARTESIAN_POINT('',(0.0837795575499536,0.0872381928563117,0.00497642185128074));
#2712=CARTESIAN_POINT('',(0.0850712242166202,0.0869048595229783,0.00518475518461405));
#2713=CARTESIAN_POINT('',(0.0849756391629232,0.0869342744692813,0.00511367357164439));
#2714=CARTESIAN_POINT('',(0.0848768576600341,0.0869620723287449,0.00505723144530835));
#2715=CARTESIAN_POINT('',(0.0846747427465981,0.0870122249738408,0.00496985448454257));
#2716=CARTESIAN_POINT('',(0.084571423453749,0.0870345635135405,0.00493893589585024));
#2717=CARTESIAN_POINT('',(0.0842582807967073,0.087090892460619,0.0048779922565614));
#2718=CARTESIAN_POINT('',(0.0840295581911521,0.0871278732668615,0.00486610226183053));
#2719=CARTESIAN_POINT('',(0.0837795575499536,0.0871425411463268,0.00488077014129589));
#2720=CARTESIAN_POINT('',(0.0851080641764574,0.0868164450865772,0.00514791522477691));
#2721=CARTESIAN_POINT('',(0.0850034370223115,0.0868354928060925,0.00505723144523297));
#2722=CARTESIAN_POINT('',(0.0848965954241375,0.0868552304323098,0.00498838855745723));
#2723=CARTESIAN_POINT('',(0.0846827704399795,0.0868935955498731,0.00488561618241248));
#2724=CARTESIAN_POINT('',(0.0845757658070634,0.0869121986723201,0.00485163334137085));
#2725=CARTESIAN_POINT('',(0.0842595972507089,0.0869637948483739,0.0047879332258066));
#2726=CARTESIAN_POINT('',(0.0840304842831242,0.0870073100376073,0.00478159147370127));
#2727=CARTESIAN_POINT('',(0.0837795575499537,0.0870329705616131,0.00479928030537289));
#2728=CARTESIAN_POINT('',(0.0851706851761968,0.086629090136395,0.00508529422503741));
#2729=CARTESIAN_POINT('',(0.0850535896671677,0.0866333774919079,0.00496985448422637));
#2730=CARTESIAN_POINT('',(0.0849349607808307,0.0866414049586151,0.00488561633368029));
#2731=CARTESIAN_POINT('',(0.0847033312005172,0.0866619656398532,0.00476339255040408));
#2732=CARTESIAN_POINT('',(0.0845902168553032,0.0866744683932603,0.00472515851051298));
#2733=CARTESIAN_POINT('',(0.0842645466172455,0.0867157572301597,0.00465449726852175));
#2734=CARTESIAN_POINT('',(0.084033440363495,0.0867624078394125,0.00465150258868611));
#2735=CARTESIAN_POINT('',(0.0837795575499536,0.0867967787357279,0.00466734654703289));
#2736=CARTESIAN_POINT('',(0.0851964662160992,0.0865301496226141,0.00505951318513505));
#2737=CARTESIAN_POINT('',(0.0850759282068975,0.0865300579586091,0.00493893589556441));
#2738=CARTESIAN_POINT('',(0.0849535640048134,0.0865344003490081,0.00485163365709506));
#2739=CARTESIAN_POINT('',(0.0847158338069148,0.086548852363887,0.00472515886855492));
#2740=CARTESIAN_POINT('',(0.0846002971201872,0.0865589335579848,0.00468561245744483));
#2741=CARTESIAN_POINT('',(0.0842681632840427,0.0865945614349802,0.00461046027434457));
#2742=CARTESIAN_POINT('',(0.084035470351894,0.0866378667278019,0.0046051935411134));
#2743=CARTESIAN_POINT('',(0.0837795575499536,0.0866704285515053,0.00461668407619004));
#2744=CARTESIAN_POINT('',(0.0852551126964906,0.0862169931583354,0.00500086670474365));
#2745=CARTESIAN_POINT('',(0.0851322571540983,0.0862169148206684,0.0048779922563987));
#2746=CARTESIAN_POINT('',(0.0850051604428989,0.0862182303594495,0.00478793353252021));
#2747=CARTESIAN_POINT('',(0.0847571220839023,0.0862231783384401,0.00465449662715193));
#2748=CARTESIAN_POINT('',(0.0846359220480094,0.0862267945327168,0.00461045819562515));
#2749=CARTESIAN_POINT('',(0.0842825734212501,0.0862412034794429,0.00451776386366449));
#2750=CARTESIAN_POINT('',(0.0840420956540509,0.0862615266274551,0.0045011148074849));
#2751=CARTESIAN_POINT('',(0.0837795575499537,0.0862809055732719,0.0045028325376296));
#2752=CARTESIAN_POINT('',(0.0852795575499535,0.0859881928563115,0.00497642185128073));
#2753=CARTESIAN_POINT('',(0.0851692379605033,0.0859881922151131,0.00486610226183054));
#2754=CARTESIAN_POINT('',(0.0850486757501097,0.0859891171784649,0.00478159204618018));
#2755=CARTESIAN_POINT('',(0.0848037721614405,0.0859920712298387,0.00465150234285553));
#2756=CARTESIAN_POINT('',(0.0846792251594062,0.0859941003178607,0.00460519164266223));
#2757=CARTESIAN_POINT('',(0.0843028970601815,0.0860007231422876,0.00450111668125753));
#2758=CARTESIAN_POINT('',(0.0840472263047691,0.086005852439053,0.00447642185128074));
#2759=CARTESIAN_POINT('',(0.0837795575499536,0.0860087074785791,0.00447642185128075));
#2760=CARTESIAN_POINT('',(0.0852795575499535,0.0857381928563115,0.00497642185128075));
#2761=CARTESIAN_POINT('',(0.0851839058399687,0.0857381928563114,0.00488077014129593));
#2762=CARTESIAN_POINT('',(0.085074336367388,0.0857381928563115,0.00479928099524435));
#2763=CARTESIAN_POINT('',(0.0848381435454857,0.0857381928563115,0.00466734654324618));
#2764=CARTESIAN_POINT('',(0.0847117877243019,0.0857381928563115,0.00461668237032115));
#2765=CARTESIAN_POINT('',(0.084322277359528,0.0857381928563116,0.00450283479511486));
#2766=CARTESIAN_POINT('',(0.0840500827176203,0.0857381928563116,0.00447642185128075));
#2767=CARTESIAN_POINT('',(0.0837795575499537,0.0857381928563116,0.00447642185128075));
#2768=CARTESIAN_POINT('',(0.0850295575499536,0.0869881928563116,0.00522642185128072));
#2769=CARTESIAN_POINT('',(0.0850712242166202,0.0869048595229783,0.00518475518461405));
#2770=CARTESIAN_POINT('',(0.0851080641764574,0.0868164450865772,0.00514791522477691));
#2771=CARTESIAN_POINT('',(0.0851706851761968,0.086629090136395,0.00508529422503741));
#2772=CARTESIAN_POINT('',(0.0851964662160992,0.0865301496226141,0.00505951318513505));
#2773=CARTESIAN_POINT('',(0.0852551126964906,0.0862169931583354,0.00500086670474365));
#2774=CARTESIAN_POINT('',(0.0852795575499535,0.0859881928563115,0.00497642185128073));
#2775=CARTESIAN_POINT('',(0.0852795575499535,0.0857381928563115,0.00497642185128075));
#2776=CARTESIAN_POINT('',(0.0852795575499535,0.0857381928563115,0.00497642185128075));
#2777=CARTESIAN_POINT('',(0.0850295575499536,0.0869881928563116,0.00522642185128072));
#2778=CARTESIAN_POINT('',(0.0837795575499537,0.0857381928563116,0.00447642185128074));
#2779=CARTESIAN_POINT('',(0.0844462242166187,0.0857381928562865,0.00447642185128392));
#2780=CARTESIAN_POINT('',(0.0849462242166178,0.0857381928562864,0.00464308851795139));
#2781=CARTESIAN_POINT('',(0.0852795575499511,0.0857381928563115,0.00497642185128315));
#2782=CARTESIAN_POINT('',(0.0837795575499536,0.0872381928563117,0.00497642185128078));
#2783=CARTESIAN_POINT('',(0.0837795575499217,0.0869048595229783,0.0046430885179474));
#2784=CARTESIAN_POINT('',(0.0837795575499217,0.0864048595229783,0.00447642185128073));
#2785=CARTESIAN_POINT('',(0.0837795575499537,0.0857381928563116,0.00447642185128075));
#2786=CARTESIAN_POINT('',(0.0837795575499536,0.0872381928563117,0.00497642185128076));
#2787=CARTESIAN_POINT('',(0.0850295575499536,0.0869881928563116,0.00522642185128072));
#2788=CARTESIAN_POINT('',(0.0849462242166202,0.0870298595229783,0.00518475518461405));
#2789=CARTESIAN_POINT('',(0.0848578097802191,0.0870666994828154,0.00514791522477692));
#2790=CARTESIAN_POINT('',(0.084670454830037,0.087129320482555,0.00508529422503743));
#2791=CARTESIAN_POINT('',(0.0845715143162561,0.0871551015224573,0.00505951318513507));
#2792=CARTESIAN_POINT('',(0.0842583578519774,0.0872137480028487,0.00500086670474367));
#2793=CARTESIAN_POINT('',(0.0840295575499536,0.0872381928563117,0.00497642185128074));
#2794=CARTESIAN_POINT('',(0.0837795575499536,0.0872381928563117,0.00497642185128074));
#2795=CARTESIAN_POINT('',(0.0850295575499536,0.0869881928563116,0.00522642185128072));
#2796=CARTESIAN_POINT('',(0.0850712242166202,0.0870298595229783,0.00530975518461406));
#2797=CARTESIAN_POINT('',(0.0851080641764573,0.0870666994828154,0.0053981696210152));
#2798=CARTESIAN_POINT('',(0.0851706851761968,0.087129320482555,0.00558552457119729));
#2799=CARTESIAN_POINT('',(0.0851964662160992,0.0871551015224573,0.00568446508497822));
#2800=CARTESIAN_POINT('',(0.0852551126964906,0.0872137480028487,0.00599762154925695));
#2801=CARTESIAN_POINT('',(0.0852795575499536,0.0872381928563116,0.00622642185128078));
#2802=CARTESIAN_POINT('',(0.0852795575499536,0.0872381928563116,0.0064764218512808));
#2803=CARTESIAN_POINT('',(0.0849462242166202,0.0870298595229783,0.00518475518461405));
#2804=CARTESIAN_POINT('',(0.0849756391629232,0.087100941135948,0.00528034023831107));
#2805=CARTESIAN_POINT('',(0.0850034370223868,0.087157383262284,0.00537912174120029));
#2806=CARTESIAN_POINT('',(0.0850535896674827,0.0872447602230498,0.00558123665463617));
#2807=CARTESIAN_POINT('',(0.0850759282071824,0.0872756788117421,0.00568455594748534));
#2808=CARTESIAN_POINT('',(0.0851322571542609,0.087336622451031,0.00599769860452703));
#2809=CARTESIAN_POINT('',(0.0851692379605034,0.0873485124457618,0.00622642121008233));
#2810=CARTESIAN_POINT('',(0.0851839058399688,0.0873338445662965,0.0064764218512808));
#2811=CARTESIAN_POINT('',(0.0848578097802191,0.0870666994828154,0.00514791522477692));
#2812=CARTESIAN_POINT('',(0.0848768574997345,0.0871573832623594,0.00525254237892275));
#2813=CARTESIAN_POINT('',(0.0848965951259518,0.0872262261501351,0.00535938397709687));
#2814=CARTESIAN_POINT('',(0.084934960243515,0.0873289985251799,0.00557320896125492));
#2815=CARTESIAN_POINT('',(0.084953563365962,0.0873629813662216,0.00568021359417103));
#2816=CARTESIAN_POINT('',(0.0850051595420157,0.0874266814817858,0.0059963821505256));
#2817=CARTESIAN_POINT('',(0.085048674731249,0.0874330232338911,0.00622549511811033));
#2818=CARTESIAN_POINT('',(0.0850743352552548,0.0874153344022196,0.0064764218512808));
#2819=CARTESIAN_POINT('',(0.084670454830037,0.087129320482555,0.00508529422503743));
#2820=CARTESIAN_POINT('',(0.0846747421855498,0.087244760223366,0.00520238973406662));
#2821=CARTESIAN_POINT('',(0.0846827696522571,0.0873289983739121,0.00532101862040364));
#2822=CARTESIAN_POINT('',(0.0847033303334951,0.0874512221571883,0.00555264820071722));
#2823=CARTESIAN_POINT('',(0.0847158330869023,0.0874894561970794,0.00566576254593118));
#2824=CARTESIAN_POINT('',(0.0847571219238015,0.0875601174390706,0.00599143278398895));
#2825=CARTESIAN_POINT('',(0.0848037725330543,0.0875631121189063,0.00622253903773943));
#2826=CARTESIAN_POINT('',(0.0848381434293697,0.0875472681605595,0.0064764218512808));
#2827=CARTESIAN_POINT('',(0.0845715143162561,0.0871551015224573,0.00505951318513507));
#2828=CARTESIAN_POINT('',(0.0845714226522511,0.0872756788120279,0.00518005119433681));
#2829=CARTESIAN_POINT('',(0.0845757650426501,0.0873629810504973,0.00530241539642084));
#2830=CARTESIAN_POINT('',(0.084590217057529,0.0874894558390374,0.00554014559431955));
#2831=CARTESIAN_POINT('',(0.0846002982516268,0.0875290022501475,0.00565568228104716));
#2832=CARTESIAN_POINT('',(0.0846359261286221,0.0876041544332478,0.00598781611719173));
#2833=CARTESIAN_POINT('',(0.0846792314214439,0.0876094211664789,0.00622050904934051));
#2834=CARTESIAN_POINT('',(0.0847117932451473,0.0875979306314023,0.0064764218512808));
#2835=CARTESIAN_POINT('',(0.0842583578519774,0.0872137480028487,0.00500086670474367));
#2836=CARTESIAN_POINT('',(0.0842582795143104,0.0873366224511937,0.00512372224713597));
#2837=CARTESIAN_POINT('',(0.0842595950530914,0.0874266811750722,0.00525081895833532));
#2838=CARTESIAN_POINT('',(0.0842645430320819,0.0875601180804405,0.00549885731733213));
#2839=CARTESIAN_POINT('',(0.0842681592263587,0.0876041565119673,0.00562005735322504));
#2840=CARTESIAN_POINT('',(0.0842825681730846,0.0876968508439279,0.00597340597998428));
#2841=CARTESIAN_POINT('',(0.0843028913210969,0.0877134999001075,0.00621388374718359));
#2842=CARTESIAN_POINT('',(0.0843222702669136,0.0877117821699629,0.00647642185128079));
#2843=CARTESIAN_POINT('',(0.0840295575499536,0.0872381928563117,0.00497642185128074));
#2844=CARTESIAN_POINT('',(0.0840295569087551,0.0873485124457619,0.00508674144073095));
#2845=CARTESIAN_POINT('',(0.0840304818721068,0.0874330226614122,0.00520730365112456));
#2846=CARTESIAN_POINT('',(0.0840334359234806,0.0875631123647369,0.00545220723979398));
#2847=CARTESIAN_POINT('',(0.0840354650115028,0.0876094230649302,0.00557675424182823));
#2848=CARTESIAN_POINT('',(0.0840420878359294,0.0877134980263349,0.00595308234105286));
#2849=CARTESIAN_POINT('',(0.0840472171326948,0.0877381928563117,0.0062087530964654));
#2850=CARTESIAN_POINT('',(0.084050072172221,0.0877381928563117,0.00647642185128079));
#2851=CARTESIAN_POINT('',(0.0837795575499536,0.0872381928563117,0.00497642185128074));
#2852=CARTESIAN_POINT('',(0.0837795575499536,0.0873338445662965,0.0050720735612656));
#2853=CARTESIAN_POINT('',(0.0837795575499535,0.0874153337123481,0.00518164303384622));
#2854=CARTESIAN_POINT('',(0.0837795575499536,0.0875472681643463,0.00541783585574867));
#2855=CARTESIAN_POINT('',(0.0837795575499536,0.0875979323372713,0.00554419167693247));
#2856=CARTESIAN_POINT('',(0.0837795575499534,0.0877117799124776,0.00593370204170635));
#2857=CARTESIAN_POINT('',(0.0837795575499534,0.0877381928563117,0.0062058966836142));
#2858=CARTESIAN_POINT('',(0.0837795575499534,0.0877381928563117,0.00647642185128079));
#2859=CARTESIAN_POINT('',(0.0837795575499534,0.0877381928563117,0.00647642185128079));
#2860=CARTESIAN_POINT('',(0.0837795575499215,0.0877381928563116,0.00580975518461412));
#2861=CARTESIAN_POINT('',(0.0837795575499216,0.087571526189645,0.00530975518461412));
#2862=CARTESIAN_POINT('',(0.0837795575499536,0.0872381928563117,0.00497642185128078));
#2863=CARTESIAN_POINT('',(0.0852795575499536,0.0872381928563116,0.0064764218512808));
#2864=CARTESIAN_POINT('',(0.0849462242166203,0.087571526189645,0.0064764218512808));
#2865=CARTESIAN_POINT('',(0.0844462242166202,0.0877381928563117,0.0064764218512808));
#2866=CARTESIAN_POINT('',(0.0837795575499534,0.0877381928563117,0.00647642185128079));
#2867=CARTESIAN_POINT('',(0.0852795575499535,0.0872381928563117,0.0064764218512808));
#2868=CARTESIAN_POINT('',(0.0850295575499536,0.0869881928563116,0.00522642185128072));
#2869=CARTESIAN_POINT('',(0.0850712242166202,0.0870298595229783,0.00530975518461406));
#2870=CARTESIAN_POINT('',(0.0851080641764573,0.0870666994828154,0.0053981696210152));
#2871=CARTESIAN_POINT('',(0.0851706851761968,0.087129320482555,0.00558552457119729));
#2872=CARTESIAN_POINT('',(0.0851964662160992,0.0871551015224573,0.00568446508497822));
#2873=CARTESIAN_POINT('',(0.0852551126964906,0.0872137480028487,0.00599762154925695));
#2874=CARTESIAN_POINT('',(0.0852795575499536,0.0872381928563116,0.00622642185128078));
#2875=CARTESIAN_POINT('',(0.0852795575499536,0.0872381928563116,0.0064764218512808));
#2876=CARTESIAN_POINT('',(0.0850295575499535,-0.00237218811081344,0.00522642185128089));
#2877=CARTESIAN_POINT('',(0.0849462242166202,-0.00241385477748012,0.00518475518461423));
#2878=CARTESIAN_POINT('',(0.084857809780219,-0.00245069473731726,0.0051479152247771));
#2879=CARTESIAN_POINT('',(0.084670454830037,-0.00251331573705677,0.00508529422503761));
#2880=CARTESIAN_POINT('',(0.084571514316256,-0.00253909677695915,0.00505951318513525));
#2881=CARTESIAN_POINT('',(0.0842583578519773,-0.00259774325735058,0.00500086670474386));
#2882=CARTESIAN_POINT('',(0.0840295575499535,-0.00262218811081353,0.00497642185128094));
#2883=CARTESIAN_POINT('',(0.0837795575499535,-0.00262218811081355,0.00497642185128095));
#2884=CARTESIAN_POINT('',(0.0850712242166202,-0.00241385477748012,0.00530975518461423));
#2885=CARTESIAN_POINT('',(0.0849756391629231,-0.00248493639044979,0.00528034023831125));
#2886=CARTESIAN_POINT('',(0.0848768576600339,-0.00254137851678584,0.00525254237884767));
#2887=CARTESIAN_POINT('',(0.084674742746598,-0.00262875547755164,0.00520238973375177));
#2888=CARTESIAN_POINT('',(0.0845714234537489,-0.00265967406624398,0.00518005119405206));
#2889=CARTESIAN_POINT('',(0.0842582807967072,-0.00272061770553284,0.00512372224697365));
#2890=CARTESIAN_POINT('',(0.0840295581911519,-0.00273250770026371,0.00508674144073112));
#2891=CARTESIAN_POINT('',(0.0837795575499535,-0.00271783982079835,0.00507207356126576));
#2892=CARTESIAN_POINT('',(0.0851080641764573,-0.00245069473731726,0.00539816962101538));
#2893=CARTESIAN_POINT('',(0.0850034370223115,-0.00254137851686122,0.00537912190150002));
#2894=CARTESIAN_POINT('',(0.0848965954241373,-0.00261022140463697,0.00535938427528275));
#2895=CARTESIAN_POINT('',(0.0846827704399793,-0.00271299377968175,0.00532101915771953));
#2896=CARTESIAN_POINT('',(0.0845757658070632,-0.0027469766207234,0.00530241603527249));
#2897=CARTESIAN_POINT('',(0.0842595972507086,-0.0028106767362877,0.00525081985921876));
#2898=CARTESIAN_POINT('',(0.0840304842831239,-0.00281701848839306,0.0052073046699855));
#2899=CARTESIAN_POINT('',(0.0837795575499534,-0.00279932965672144,0.00518164414597964));
#2900=CARTESIAN_POINT('',(0.0851706851761968,-0.00251331573705677,0.00558552457119746));
#2901=CARTESIAN_POINT('',(0.0850535896671676,-0.00262875547786783,0.00558123721568465));
#2902=CARTESIAN_POINT('',(0.0849349607808306,-0.00271299362841394,0.00557320974897744));
#2903=CARTESIAN_POINT('',(0.084703331200517,-0.00283521741169016,0.00555264906773941));
#2904=CARTESIAN_POINT('',(0.0845902168553031,-0.00287345145158126,0.00554014631433227));
#2905=CARTESIAN_POINT('',(0.0842645466172453,-0.0029441126935725,0.00549885747743294));
#2906=CARTESIAN_POINT('',(0.0840334403634948,-0.00294710737340814,0.00545220686818013));
#2907=CARTESIAN_POINT('',(0.0837795575499534,-0.00293126341506136,0.00541783597186472));
#2908=CARTESIAN_POINT('',(0.0851964662160991,-0.00253909677695915,0.0056844650849784));
#2909=CARTESIAN_POINT('',(0.0850759282068974,-0.0026596740665298,0.00568455674898341));
#2910=CARTESIAN_POINT('',(0.0849535640048134,-0.00274697630499918,0.00568021435858446));
#2911=CARTESIAN_POINT('',(0.0847158338069147,-0.00287345109353931,0.0056657623437056));
#2912=CARTESIAN_POINT('',(0.0846002971201871,-0.00291299750464941,0.00565568114960777));
#2913=CARTESIAN_POINT('',(0.0842681632840424,-0.00298814968774969,0.00562005327261237));
#2914=CARTESIAN_POINT('',(0.0840354703518937,-0.00299341642098087,0.00557674797979068));
#2915=CARTESIAN_POINT('',(0.0837795575499534,-0.00298192588590423,0.00554418615608724));
#2916=CARTESIAN_POINT('',(0.0852551126964905,-0.00259774325735058,0.00599762154925714));
#2917=CARTESIAN_POINT('',(0.0851322571540983,-0.00272061770569553,0.00599769988692413));
#2918=CARTESIAN_POINT('',(0.0850051604428988,-0.00281067642957405,0.00599638434814307));
#2919=CARTESIAN_POINT('',(0.0847571220839021,-0.00294411333494231,0.00599143636915259));
#2920=CARTESIAN_POINT('',(0.0846359220480092,-0.00298815176646911,0.0059878201748758));
#2921=CARTESIAN_POINT('',(0.0842825734212498,-0.00308084609842979,0.00597341122814977));
#2922=CARTESIAN_POINT('',(0.0840420956540507,-0.0030974951546094,0.00595308808013748));
#2923=CARTESIAN_POINT('',(0.0837795575499534,-0.00309577742446471,0.00593370913432075));
#2924=CARTESIAN_POINT('',(0.0852795575499535,-0.00262218811081353,0.00622642185128096));
#2925=CARTESIAN_POINT('',(0.0851692379605033,-0.0027325077002637,0.00622642249247942));
#2926=CARTESIAN_POINT('',(0.0850486757501096,-0.00281701791591411,0.0062254975291277));
#2927=CARTESIAN_POINT('',(0.0848037721614403,-0.00294710761923872,0.00622254347775388));
#2928=CARTESIAN_POINT('',(0.084679225159406,-0.00299341831943202,0.00622051438973179));
#2929=CARTESIAN_POINT('',(0.0843028970601813,-0.00309749328083675,0.00621389156530493));
#2930=CARTESIAN_POINT('',(0.0840472263047688,-0.00312218811081354,0.00620876226853958));
#2931=CARTESIAN_POINT('',(0.0837795575499534,-0.00312218811081354,0.00620590722901342));
#2932=CARTESIAN_POINT('',(0.0852795575499535,-0.00262218811081355,0.00647642185128099));
#2933=CARTESIAN_POINT('',(0.0851839058399687,-0.00271783982079834,0.00647642185128098));
#2934=CARTESIAN_POINT('',(0.0850743363673879,-0.00279932896684995,0.00647642185128098));
#2935=CARTESIAN_POINT('',(0.0848381435454857,-0.00293126341884811,0.00647642185128098));
#2936=CARTESIAN_POINT('',(0.0847117877243018,-0.00298192759177314,0.00647642185128097));
#2937=CARTESIAN_POINT('',(0.0843222773595278,-0.00309577516697943,0.00647642185128097));
#2938=CARTESIAN_POINT('',(0.08405008271762,-0.00312218811081354,0.00647642185128096));
#2939=CARTESIAN_POINT('',(0.0837795575499534,-0.00312218811081354,0.00647642185128096));
#2940=CARTESIAN_POINT('',(0.0850295575499535,-0.00237218811081344,0.00522642185128089));
#2941=CARTESIAN_POINT('',(0.0850712242166202,-0.00241385477748012,0.00530975518461423));
#2942=CARTESIAN_POINT('',(0.0851080641764573,-0.00245069473731726,0.00539816962101538));
#2943=CARTESIAN_POINT('',(0.0851706851761968,-0.00251331573705677,0.00558552457119746));
#2944=CARTESIAN_POINT('',(0.0851964662160991,-0.00253909677695915,0.0056844650849784));
#2945=CARTESIAN_POINT('',(0.0852551126964905,-0.00259774325735058,0.00599762154925714));
#2946=CARTESIAN_POINT('',(0.0852795575499535,-0.00262218811081353,0.00622642185128096));
#2947=CARTESIAN_POINT('',(0.0852795575499535,-0.00262218811081355,0.00647642185128099));
#2948=CARTESIAN_POINT('',(0.0852795575499535,-0.00262218811081355,0.00647642185128099));
#2949=CARTESIAN_POINT('',(0.0850295575499535,-0.00237218811081344,0.00522642185128089));
#2950=CARTESIAN_POINT('',(0.0837795575499534,-0.00312218811081357,0.00647642185128096));
#2951=CARTESIAN_POINT('',(0.0844462242166201,-0.00312218811081359,0.00647642185128095));
#2952=CARTESIAN_POINT('',(0.0849462242166202,-0.00295552144414692,0.00647642185128097));
#2953=CARTESIAN_POINT('',(0.0852795575499535,-0.00262218811081356,0.00647642185128099));
#2954=CARTESIAN_POINT('',(0.0837795575499535,-0.00262218811081355,0.00497642185128095));
#2955=CARTESIAN_POINT('',(0.0837795575499535,-0.00295552144414688,0.00530975518461428));
#2956=CARTESIAN_POINT('',(0.0837795575499534,-0.00312218811081354,0.00580975518461428));
#2957=CARTESIAN_POINT('',(0.0837795575499534,-0.00312218811081354,0.00647642185128096));
#2958=CARTESIAN_POINT('',(0.0837795575499535,-0.00262218811081355,0.00497642185128095));
#2959=CARTESIAN_POINT('',(0.0850295575499535,-0.00237218811081344,0.00522642185128089));
#2960=CARTESIAN_POINT('',(0.0849462242166202,-0.00241385477748012,0.00518475518461423));
#2961=CARTESIAN_POINT('',(0.084857809780219,-0.00245069473731726,0.0051479152247771));
#2962=CARTESIAN_POINT('',(0.084670454830037,-0.00251331573705677,0.00508529422503761));
#2963=CARTESIAN_POINT('',(0.084571514316256,-0.00253909677695915,0.00505951318513525));
#2964=CARTESIAN_POINT('',(0.0842583578519773,-0.00259774325735058,0.00500086670474386));
#2965=CARTESIAN_POINT('',(0.0840295575499535,-0.00262218811081353,0.00497642185128094));
#2966=CARTESIAN_POINT('',(0.0837795575499535,-0.00262218811081355,0.00497642185128095));
#2967=CARTESIAN_POINT('',(0.0850295575499535,-0.00237218811081344,0.00522642185128089));
#2968=CARTESIAN_POINT('',(0.0850712242166202,-0.00228885477748009,0.00518475518461422));
#2969=CARTESIAN_POINT('',(0.0851080641764573,-0.00220044034107894,0.00514791522477709));
#2970=CARTESIAN_POINT('',(0.0851706851761968,-0.00201308539089683,0.00508529422503759));
#2971=CARTESIAN_POINT('',(0.0851964662160992,-0.00191414487711587,0.00505951318513523));
#2972=CARTESIAN_POINT('',(0.0852551126964906,-0.00160098841283709,0.00500086670474383));
#2973=CARTESIAN_POINT('',(0.0852795575499535,-0.00137218811081324,0.00497642185128092));
#2974=CARTESIAN_POINT('',(0.0852795575499535,-0.00112218811081319,0.00497642185128095));
#2975=CARTESIAN_POINT('',(0.0849462242166202,-0.00241385477748012,0.00518475518461423));
#2976=CARTESIAN_POINT('',(0.0849756391629232,-0.00231826972378309,0.00511367357164457));
#2977=CARTESIAN_POINT('',(0.0850034370223867,-0.00221948822089385,0.00505723144530852));
#2978=CARTESIAN_POINT('',(0.0850535896674827,-0.00201737330745794,0.00496985448454274));
#2979=CARTESIAN_POINT('',(0.0850759282071824,-0.00191405401460876,0.00493893589585042));
#2980=CARTESIAN_POINT('',(0.0851322571542608,-0.00160091135756701,0.00487799225656159));
#2981=CARTESIAN_POINT('',(0.0851692379605034,-0.00137218875201167,0.00486610226183075));
#2982=CARTESIAN_POINT('',(0.0851839058399687,-0.00112218811081313,0.00488077014129615));
#2983=CARTESIAN_POINT('',(0.084857809780219,-0.00245069473731726,0.0051479152247771));
#2984=CARTESIAN_POINT('',(0.0848768574997344,-0.00234606758317142,0.00505723144523316));
#2985=CARTESIAN_POINT('',(0.0848965951259517,-0.00223922598499728,0.00498838855745741));
#2986=CARTESIAN_POINT('',(0.0849349602435149,-0.0020254010008392,0.00488561618241265));
#2987=CARTESIAN_POINT('',(0.084953563365962,-0.00191839636792307,0.00485163334137102));
#2988=CARTESIAN_POINT('',(0.0850051595420157,-0.00160222781156844,0.00478793322580676));
#2989=CARTESIAN_POINT('',(0.085048674731249,-0.00137311484398366,0.00478159147370143));
#2990=CARTESIAN_POINT('',(0.0850743352552549,-0.00112218811081313,0.00479928030537309));
#2991=CARTESIAN_POINT('',(0.084670454830037,-0.00251331573705677,0.00508529422503761));
#2992=CARTESIAN_POINT('',(0.0846747421855498,-0.00239622022802758,0.00496985448422656));
#2993=CARTESIAN_POINT('',(0.084682769652257,-0.00227759134169053,0.00488561633368047));
#2994=CARTESIAN_POINT('',(0.084703330333495,-0.00204596176137695,0.00476339255040424));
#2995=CARTESIAN_POINT('',(0.0847158330869021,-0.00193284741616301,0.00472515851051314));
#2996=CARTESIAN_POINT('',(0.0847571219238014,-0.00160717717810523,0.00465449726852189));
#2997=CARTESIAN_POINT('',(0.0848037725330542,-0.00137607092435475,0.00465150258868625));
#2998=CARTESIAN_POINT('',(0.0848381434293696,-0.0011221881108133,0.00466734654703307));
#2999=CARTESIAN_POINT('',(0.084571514316256,-0.00253909677695915,0.00505951318513525));
#3000=CARTESIAN_POINT('',(0.084571422652251,-0.0024185587677574,0.00493893589556461));
#3001=CARTESIAN_POINT('',(0.08457576504265,-0.00229619456567334,0.00485163365709525));
#3002=CARTESIAN_POINT('',(0.0845902170575288,-0.00205846436777462,0.0047251588685551));
#3003=CARTESIAN_POINT('',(0.0846002982516267,-0.001942927681047,0.00468561245744502));
#3004=CARTESIAN_POINT('',(0.0846359261286221,-0.00161079384490238,0.00461046027434476));
#3005=CARTESIAN_POINT('',(0.0846792314214437,-0.00137810091275358,0.00460519354111359));
#3006=CARTESIAN_POINT('',(0.0847117932451472,-0.00112218811081323,0.00461668407619026));
#3007=CARTESIAN_POINT('',(0.0842583578519773,-0.00259774325735058,0.00500086670474386));
#3008=CARTESIAN_POINT('',(0.0842582795143103,-0.0024748877149583,0.00487799225639891));
#3009=CARTESIAN_POINT('',(0.0842595950530914,-0.00234779100375887,0.00478793353252042));
#3010=CARTESIAN_POINT('',(0.0842645430320818,-0.00209975264476206,0.00465449662715211));
#3011=CARTESIAN_POINT('',(0.0842681592263586,-0.00197855260886914,0.00461045819562534));
#3012=CARTESIAN_POINT('',(0.0842825681730846,-0.00162520398210985,0.00451776386366469));
#3013=CARTESIAN_POINT('',(0.0843028913210969,-0.00138472621491055,0.00450111480748507));
#3014=CARTESIAN_POINT('',(0.0843222702669136,-0.00112218811081332,0.00450283253762978));
#3015=CARTESIAN_POINT('',(0.0840295575499535,-0.00262218811081353,0.00497642185128094));
#3016=CARTESIAN_POINT('',(0.084029556908755,-0.00251186852136335,0.00486610226183075));
#3017=CARTESIAN_POINT('',(0.0840304818721067,-0.00239130631096964,0.00478159204618038));
#3018=CARTESIAN_POINT('',(0.0840334359234805,-0.00214640272230024,0.0046515023428557));
#3019=CARTESIAN_POINT('',(0.0840354650115026,-0.00202185572026595,0.00460519164266243));
#3020=CARTESIAN_POINT('',(0.0840420878359295,-0.00164552762104123,0.00450111668125775));
#3021=CARTESIAN_POINT('',(0.0840472171326948,-0.0013898568656287,0.00447642185128094));
#3022=CARTESIAN_POINT('',(0.084050072172221,-0.00112218811081332,0.00447642185128095));
#3023=CARTESIAN_POINT('',(0.0837795575499535,-0.00262218811081355,0.00497642185128095));
#3024=CARTESIAN_POINT('',(0.0837795575499535,-0.00252653640082874,0.00488077014129614));
#3025=CARTESIAN_POINT('',(0.0837795575499535,-0.00241696692824804,0.00479928099524457));
#3026=CARTESIAN_POINT('',(0.0837795575499534,-0.00218077410634562,0.00466734654324635));
#3027=CARTESIAN_POINT('',(0.0837795575499534,-0.00205441828516178,0.00461668237032133));
#3028=CARTESIAN_POINT('',(0.0837795575499534,-0.00166490792038779,0.00450283479511508));
#3029=CARTESIAN_POINT('',(0.0837795575499534,-0.00139271327847992,0.00447642185128095));
#3030=CARTESIAN_POINT('',(0.0837795575499535,-0.00112218811081332,0.00447642185128095));
#3031=CARTESIAN_POINT('',(0.0837795575499535,-0.00112218811081332,0.00447642185128094));
#3032=CARTESIAN_POINT('',(0.0837795575499535,-0.0017888547774801,0.00447642185128091));
#3033=CARTESIAN_POINT('',(0.0837795575499535,-0.00228885477748018,0.00464308851794757));
#3034=CARTESIAN_POINT('',(0.0837795575499535,-0.00262218811081355,0.00497642185128095));
#3035=CARTESIAN_POINT('',(0.0852795575499511,-0.0011221881108132,0.00497642185128335));
#3036=CARTESIAN_POINT('',(0.0849462242166178,-0.00112218811083834,0.00464308851795156));
#3037=CARTESIAN_POINT('',(0.0844462242166185,-0.00112218811083837,0.00447642185128409));
#3038=CARTESIAN_POINT('',(0.0837795575499535,-0.00112218811081331,0.00447642185128095));
#3039=CARTESIAN_POINT('',(0.0852795575499535,-0.0011221881108132,0.00497642185128095));
#3040=CARTESIAN_POINT('',(0.0850295575499535,-0.00237218811081344,0.00522642185128089));
#3041=CARTESIAN_POINT('',(0.0850712242166202,-0.00228885477748009,0.00518475518461422));
#3042=CARTESIAN_POINT('',(0.0851080641764573,-0.00220044034107894,0.00514791522477709));
#3043=CARTESIAN_POINT('',(0.0851706851761968,-0.00201308539089683,0.00508529422503759));
#3044=CARTESIAN_POINT('',(0.0851964662160992,-0.00191414487711587,0.00505951318513523));
#3045=CARTESIAN_POINT('',(0.0852551126964906,-0.00160098841283709,0.00500086670474383));
#3046=CARTESIAN_POINT('',(0.0852795575499535,-0.00137218811081324,0.00497642185128092));
#3047=CARTESIAN_POINT('',(0.0852795575499535,-0.00112218811081319,0.00497642185128095));
#3048=CARTESIAN_POINT('',(-0.0281016924500465,0.0869881928563117,0.00522642185128058));
#3049=CARTESIAN_POINT('',(-0.0281433591167132,0.0870298595229783,0.00530975518461392));
#3050=CARTESIAN_POINT('',(-0.0281801990765503,0.0870666994828154,0.00539816962101507));
#3051=CARTESIAN_POINT('',(-0.0282428200762898,0.0871293204825549,0.00558552457119716));
#3052=CARTESIAN_POINT('',(-0.0282686011161922,0.0871551015224573,0.0056844650849781));
#3053=CARTESIAN_POINT('',(-0.0283272475965836,0.0872137480028487,0.00599762154925685));
#3054=CARTESIAN_POINT('',(-0.0283516924500465,0.0872381928563117,0.0062264218512807));
#3055=CARTESIAN_POINT('',(-0.0283516924500465,0.0872381928563117,0.00647642185128074));
#3056=CARTESIAN_POINT('',(-0.0281433591167132,0.0869048595229783,0.0051847551846139));
#3057=CARTESIAN_POINT('',(-0.0282144407296829,0.0869342744692813,0.00528034023831092));
#3058=CARTESIAN_POINT('',(-0.028270882856019,0.0869620723287449,0.00537912174120013));
#3059=CARTESIAN_POINT('',(-0.0283582598167847,0.0870122249738408,0.00558123665463602));
#3060=CARTESIAN_POINT('',(-0.028389178405477,0.0870345635135405,0.0056845559474852));
#3061=CARTESIAN_POINT('',(-0.0284501220447659,0.087090892460619,0.00599769860452692));
#3062=CARTESIAN_POINT('',(-0.0284620120394967,0.0871278732668615,0.00622642121008224));
#3063=CARTESIAN_POINT('',(-0.0284473441600313,0.0871425411463269,0.00647642185128074));
#3064=CARTESIAN_POINT('',(-0.0281801990765503,0.0868164450865771,0.00514791522477676));
#3065=CARTESIAN_POINT('',(-0.0282708828560944,0.0868354928060925,0.00525254237892258));
#3066=CARTESIAN_POINT('',(-0.0283397257438701,0.0868552304323098,0.00535938397709671));
#3067=CARTESIAN_POINT('',(-0.0284424981189148,0.086893595549873,0.00557320896125476));
#3068=CARTESIAN_POINT('',(-0.0284764809599564,0.0869121986723201,0.00568021359417088));
#3069=CARTESIAN_POINT('',(-0.0285401810755207,0.0869637948483739,0.00599638215052549));
#3070=CARTESIAN_POINT('',(-0.0285465228276261,0.0870073100376072,0.00622549511811026));
#3071=CARTESIAN_POINT('',(-0.0285288339959544,0.0870329705616131,0.00647642185128074));
#3072=CARTESIAN_POINT('',(-0.0282428200762899,0.0866290901363951,0.00508529422503726));
#3073=CARTESIAN_POINT('',(-0.0283582598171009,0.0866333774919079,0.00520238973406644));
#3074=CARTESIAN_POINT('',(-0.028442497967647,0.0866414049586151,0.00532101862040348));
#3075=CARTESIAN_POINT('',(-0.0285647217509233,0.0866619656398531,0.00555264820071707));
#3076=CARTESIAN_POINT('',(-0.0286029557908143,0.0866744683932602,0.00566576254593102));
#3077=CARTESIAN_POINT('',(-0.0286736170328055,0.0867157572301597,0.00599143278398885));
#3078=CARTESIAN_POINT('',(-0.0286766117126412,0.0867624078394124,0.00622253903773935));
#3079=CARTESIAN_POINT('',(-0.0286607677542944,0.0867967787357279,0.00647642185128074));
#3080=CARTESIAN_POINT('',(-0.0282686011161922,0.0865301496226141,0.0050595131851349));
#3081=CARTESIAN_POINT('',(-0.0283891784057629,0.0865300579586092,0.00518005119433663));
#3082=CARTESIAN_POINT('',(-0.0284764806442322,0.0865344003490081,0.00530241539642069));
#3083=CARTESIAN_POINT('',(-0.0286029554327724,0.0865488523638869,0.00554014559431939));
#3084=CARTESIAN_POINT('',(-0.0286425018438825,0.0865589335579847,0.005655682281047));
#3085=CARTESIAN_POINT('',(-0.0287176540269827,0.0865945614349803,0.00598781611719164));
#3086=CARTESIAN_POINT('',(-0.0287229207602139,0.086637866727802,0.00622050904934044));
#3087=CARTESIAN_POINT('',(-0.0287114302251372,0.0866704285515055,0.00647642185128074));
#3088=CARTESIAN_POINT('',(-0.0283272475965837,0.0862169931583353,0.00500086670474352));
#3089=CARTESIAN_POINT('',(-0.0284501220449286,0.0862169148206684,0.0051237222471358));
#3090=CARTESIAN_POINT('',(-0.0285401807688071,0.0862182303594493,0.00525081895833522));
#3091=CARTESIAN_POINT('',(-0.0286736176741754,0.0862231783384399,0.00549885731733201));
#3092=CARTESIAN_POINT('',(-0.0287176561057021,0.0862267945327166,0.00562005735322492));
#3093=CARTESIAN_POINT('',(-0.0288103504376628,0.0862412034794428,0.00597340597998422));
#3094=CARTESIAN_POINT('',(-0.0288269994938424,0.0862615266274551,0.00621388374718352));
#3095=CARTESIAN_POINT('',(-0.0288252817636977,0.0862809055732718,0.00647642185128073));
#3096=CARTESIAN_POINT('',(-0.0283516924500466,0.0859881928563115,0.00497642185128062));
#3097=CARTESIAN_POINT('',(-0.0284620120394967,0.0859881922151131,0.00508674144073081));
#3098=CARTESIAN_POINT('',(-0.0285465222551471,0.0859891171784647,0.0052073036511245));
#3099=CARTESIAN_POINT('',(-0.0286766119584718,0.0859920712298386,0.00545220723979387));
#3100=CARTESIAN_POINT('',(-0.028722922658665,0.0859941003178606,0.00557675424182813));
#3101=CARTESIAN_POINT('',(-0.0288269976200697,0.0860007231422876,0.00595308234105284));
#3102=CARTESIAN_POINT('',(-0.0288516924500466,0.0860058524390529,0.00620875309646534));
#3103=CARTESIAN_POINT('',(-0.0288516924500466,0.0860087074785791,0.00647642185128073));
#3104=CARTESIAN_POINT('',(-0.0283516924500465,0.0857381928563115,0.00497642185128069));
#3105=CARTESIAN_POINT('',(-0.0284473441600314,0.0857381928563115,0.0050720735612655));
#3106=CARTESIAN_POINT('',(-0.028528833306083,0.0857381928563114,0.00518164303384619));
#3107=CARTESIAN_POINT('',(-0.0286607677580812,0.0857381928563116,0.00541783585574857));
#3108=CARTESIAN_POINT('',(-0.0287114319310061,0.0857381928563114,0.00554419167693237));
#3109=CARTESIAN_POINT('',(-0.0288252795062124,0.0857381928563116,0.00593370204170632));
#3110=CARTESIAN_POINT('',(-0.0288516924500465,0.0857381928563116,0.00620589668361413));
#3111=CARTESIAN_POINT('',(-0.0288516924500465,0.0857381928563116,0.00647642185128073));
#3112=CARTESIAN_POINT('',(-0.0281016924500465,0.0869881928563117,0.00522642185128058));
#3113=CARTESIAN_POINT('',(-0.0281433591167132,0.0869048595229783,0.0051847551846139));
#3114=CARTESIAN_POINT('',(-0.0281801990765503,0.0868164450865771,0.00514791522477676));
#3115=CARTESIAN_POINT('',(-0.0282428200762899,0.0866290901363951,0.00508529422503726));
#3116=CARTESIAN_POINT('',(-0.0282686011161922,0.0865301496226141,0.0050595131851349));
#3117=CARTESIAN_POINT('',(-0.0283272475965837,0.0862169931583353,0.00500086670474352));
#3118=CARTESIAN_POINT('',(-0.0283516924500466,0.0859881928563115,0.00497642185128062));
#3119=CARTESIAN_POINT('',(-0.0283516924500465,0.0857381928563115,0.00497642185128069));
#3120=CARTESIAN_POINT('',(-0.0283516924500465,0.0857381928563115,0.00497642185128068));
#3121=CARTESIAN_POINT('',(-0.0281016924500465,0.0869881928563117,0.00522642185128058));
#3122=CARTESIAN_POINT('',(-0.0288516924500466,0.0857381928563116,0.00647642185128073));
#3123=CARTESIAN_POINT('',(-0.0288516924500403,0.0857381928563116,0.00580975518462032));
#3124=CARTESIAN_POINT('',(-0.0286850257833705,0.0857381928563115,0.00530975518462345));
#3125=CARTESIAN_POINT('',(-0.0283516924500371,0.0857381928563115,0.00497642185129011));
#3126=CARTESIAN_POINT('',(-0.0283516924500465,0.0872381928563117,0.00647642185128074));
#3127=CARTESIAN_POINT('',(-0.0286850257833799,0.0869048595229783,0.0064764218512809));
#3128=CARTESIAN_POINT('',(-0.0288516924500466,0.0864048595229783,0.0064764218512809));
#3129=CARTESIAN_POINT('',(-0.0288516924500466,0.0857381928563116,0.00647642185128072));
#3130=CARTESIAN_POINT('',(-0.0283516924500465,0.0872381928563117,0.00647642185128074));
#3131=CARTESIAN_POINT('',(-0.0281016924500465,0.0869881928563117,0.00522642185128058));
#3132=CARTESIAN_POINT('',(-0.0281433591167132,0.0870298595229783,0.00530975518461392));
#3133=CARTESIAN_POINT('',(-0.0281801990765503,0.0870666994828154,0.00539816962101507));
#3134=CARTESIAN_POINT('',(-0.0282428200762898,0.087129320482555,0.00558552457119716));
#3135=CARTESIAN_POINT('',(-0.0282686011161922,0.0871551015224573,0.0056844650849781));
#3136=CARTESIAN_POINT('',(-0.0283272475965836,0.0872137480028487,0.00599762154925686));
#3137=CARTESIAN_POINT('',(-0.0283516924500465,0.0872381928563117,0.0062264218512807));
#3138=CARTESIAN_POINT('',(-0.0283516924500465,0.0872381928563117,0.00647642185128074));
#3139=CARTESIAN_POINT('',(-0.0281016924500465,0.0869881928563117,0.00522642185128058));
#3140=CARTESIAN_POINT('',(-0.0280183591167132,0.0870298595229783,0.00518475518461393));
#3141=CARTESIAN_POINT('',(-0.027929944680312,0.0870666994828154,0.00514791522477681));
#3142=CARTESIAN_POINT('',(-0.0277425897301299,0.0871293204825549,0.00508529422503733));
#3143=CARTESIAN_POINT('',(-0.0276436492163489,0.0871551015224573,0.00505951318513498));
#3144=CARTESIAN_POINT('',(-0.0273304927520702,0.0872137480028488,0.0050008667047436));
#3145=CARTESIAN_POINT('',(-0.0271016924500462,0.0872381928563117,0.00497642185128068));
#3146=CARTESIAN_POINT('',(-0.0268516924500462,0.0872381928563117,0.00497642185128069));
#3147=CARTESIAN_POINT('',(-0.0281433591167132,0.0870298595229783,0.00530975518461392));
#3148=CARTESIAN_POINT('',(-0.0280477740630162,0.087100941135948,0.00528034023831095));
#3149=CARTESIAN_POINT('',(-0.0279489925601269,0.0871573832622841,0.00525254237884738));
#3150=CARTESIAN_POINT('',(-0.027746877646691,0.0872447602230498,0.00520238973375149));
#3151=CARTESIAN_POINT('',(-0.0276435583538418,0.0872756788117422,0.00518005119405179));
#3152=CARTESIAN_POINT('',(-0.0273304156968001,0.087336622451031,0.00512372224697339));
#3153=CARTESIAN_POINT('',(-0.0271016930912447,0.0873485124457619,0.00508674144073087));
#3154=CARTESIAN_POINT('',(-0.0268516924500461,0.0873338445662965,0.00507207356126552));
#3155=CARTESIAN_POINT('',(-0.0281801990765503,0.0870666994828154,0.00539816962101507));
#3156=CARTESIAN_POINT('',(-0.0280755719224045,0.0871573832623594,0.00537912190149972));
#3157=CARTESIAN_POINT('',(-0.0279687303242303,0.0872262261501352,0.00535938427528246));
#3158=CARTESIAN_POINT('',(-0.0277549053400723,0.0873289985251799,0.00532101915771925));
#3159=CARTESIAN_POINT('',(-0.0276479007071561,0.0873629813662216,0.00530241603527222));
#3160=CARTESIAN_POINT('',(-0.0273317321508015,0.0874266814817859,0.0052508198592185));
#3161=CARTESIAN_POINT('',(-0.0271026191832167,0.0874330232338912,0.00520730466998525));
#3162=CARTESIAN_POINT('',(-0.0268516924500461,0.0874153344022196,0.00518164414597939));
#3163=CARTESIAN_POINT('',(-0.0282428200762898,0.087129320482555,0.00558552457119716));
#3164=CARTESIAN_POINT('',(-0.0281257245672606,0.087244760223366,0.00558123721568436));
#3165=CARTESIAN_POINT('',(-0.0280070956809235,0.0873289983739121,0.00557320974897715));
#3166=CARTESIAN_POINT('',(-0.0277754661006099,0.0874512221571883,0.00555264906773913));
#3167=CARTESIAN_POINT('',(-0.027662351755396,0.0874894561970795,0.00554014631433198));
#3168=CARTESIAN_POINT('',(-0.0273366815173381,0.0875601174390707,0.00549885747743264));
#3169=CARTESIAN_POINT('',(-0.0271055752635876,0.0875631121189063,0.00545220686817982));
#3170=CARTESIAN_POINT('',(-0.0268516924500462,0.0875472681605595,0.00541783597186442));
#3171=CARTESIAN_POINT('',(-0.0282686011161922,0.0871551015224573,0.0056844650849781));
#3172=CARTESIAN_POINT('',(-0.0281480631069904,0.087275678812028,0.00568455674898312));
#3173=CARTESIAN_POINT('',(-0.0280256989049063,0.0873629810504974,0.00568021435858418));
#3174=CARTESIAN_POINT('',(-0.0277879687070076,0.0874894558390375,0.00566576234370532));
#3175=CARTESIAN_POINT('',(-0.02767243202028,0.0875290022501476,0.0056556811496075));
#3176=CARTESIAN_POINT('',(-0.0273402981841354,0.0876041544332478,0.0056200532726121));
#3177=CARTESIAN_POINT('',(-0.0271076052519865,0.087609421166479,0.00557674797979041));
#3178=CARTESIAN_POINT('',(-0.0268516924500462,0.0875979306314024,0.00554418615608698));
#3179=CARTESIAN_POINT('',(-0.0283272475965836,0.0872137480028487,0.00599762154925686));
#3180=CARTESIAN_POINT('',(-0.0282043920541913,0.0873366224511937,0.00599769988692385));
#3181=CARTESIAN_POINT('',(-0.0280772953429918,0.0874266811750722,0.00599638434814278));
#3182=CARTESIAN_POINT('',(-0.027829256983995,0.0875601180804405,0.00599143636915231));
#3183=CARTESIAN_POINT('',(-0.0277080569481021,0.0876041565119673,0.00598782017487552));
#3184=CARTESIAN_POINT('',(-0.0273547083213428,0.0876968508439279,0.00597341122814947));
#3185=CARTESIAN_POINT('',(-0.0271142305541435,0.0877134999001076,0.00595308808013718));
#3186=CARTESIAN_POINT('',(-0.0268516924500463,0.0877117821699629,0.00593370913432046));
#3187=CARTESIAN_POINT('',(-0.0283516924500465,0.0872381928563117,0.0062264218512807));
#3188=CARTESIAN_POINT('',(-0.0282413728605964,0.0873485124457619,0.00622642249247915));
#3189=CARTESIAN_POINT('',(-0.0281208106502026,0.0874330226614123,0.00622549752912742));
#3190=CARTESIAN_POINT('',(-0.0278759070615332,0.0875631123647369,0.00622254347775361));
#3191=CARTESIAN_POINT('',(-0.0277513600594989,0.0876094230649302,0.00622051438973152));
#3192=CARTESIAN_POINT('',(-0.0273750319602741,0.0877134980263349,0.00621389156530466));
#3193=CARTESIAN_POINT('',(-0.0271193612048617,0.0877381928563117,0.00620876226853932));
#3194=CARTESIAN_POINT('',(-0.0268516924500463,0.0877381928563117,0.00620590722901316));
#3195=CARTESIAN_POINT('',(-0.0283516924500465,0.0872381928563117,0.00647642185128074));
#3196=CARTESIAN_POINT('',(-0.0282560407400617,0.0873338445662965,0.00647642185128074));
#3197=CARTESIAN_POINT('',(-0.028146471267481,0.0874153337123481,0.00647642185128073));
#3198=CARTESIAN_POINT('',(-0.0279102784455786,0.0875472681643463,0.00647642185128073));
#3199=CARTESIAN_POINT('',(-0.0277839226243948,0.0875979323372713,0.00647642185128072));
#3200=CARTESIAN_POINT('',(-0.0273944122596207,0.0877117799124776,0.00647642185128071));
#3201=CARTESIAN_POINT('',(-0.0271222176177129,0.0877381928563117,0.0064764218512807));
#3202=CARTESIAN_POINT('',(-0.0268516924500463,0.0877381928563117,0.00647642185128069));
#3203=CARTESIAN_POINT('',(-0.0268516924500463,0.0877381928563117,0.00647642185128069));
#3204=CARTESIAN_POINT('',(-0.0275183591167131,0.0877381928563117,0.00647642185128086));
#3205=CARTESIAN_POINT('',(-0.0280183591167131,0.0875715261896451,0.00647642185128089));
#3206=CARTESIAN_POINT('',(-0.0283516924500465,0.0872381928563117,0.00647642185128074));
#3207=CARTESIAN_POINT('',(-0.0268516924500462,0.0872381928563117,0.00497642185128073));
#3208=CARTESIAN_POINT('',(-0.0268516924500782,0.0875715261896449,0.00530975518461407));
#3209=CARTESIAN_POINT('',(-0.0268516924500782,0.0877381928563116,0.00580975518461405));
#3210=CARTESIAN_POINT('',(-0.0268516924500463,0.0877381928563117,0.00647642185128069));
#3211=CARTESIAN_POINT('',(-0.0268516924500462,0.0872381928563117,0.0049764218512807));
#3212=CARTESIAN_POINT('',(-0.0281016924500465,0.0869881928563117,0.00522642185128058));
#3213=CARTESIAN_POINT('',(-0.0280183591167132,0.0870298595229783,0.00518475518461393));
#3214=CARTESIAN_POINT('',(-0.027929944680312,0.0870666994828154,0.00514791522477681));
#3215=CARTESIAN_POINT('',(-0.0277425897301299,0.0871293204825549,0.00508529422503733));
#3216=CARTESIAN_POINT('',(-0.0276436492163489,0.0871551015224573,0.00505951318513498));
#3217=CARTESIAN_POINT('',(-0.0273304927520702,0.0872137480028488,0.0050008667047436));
#3218=CARTESIAN_POINT('',(-0.0271016924500462,0.0872381928563117,0.00497642185128068));
#3219=CARTESIAN_POINT('',(-0.0268516924500462,0.0872381928563117,0.00497642185128069));
#3220=CARTESIAN_POINT('',(-0.0281016924500466,-0.00237218811081375,0.00522642185128064));
#3221=CARTESIAN_POINT('',(-0.0281433591167134,-0.00228885477748048,0.00518475518461392));
#3222=CARTESIAN_POINT('',(-0.0281801990765505,-0.00220044034107939,0.00514791522477676));
#3223=CARTESIAN_POINT('',(-0.02824282007629,-0.00201308539089744,0.00508529422503723));
#3224=CARTESIAN_POINT('',(-0.0282686011161924,-0.00191414487711656,0.00505951318513487));
#3225=CARTESIAN_POINT('',(-0.0283272475965838,-0.00160098841283799,0.00500086670474353));
#3226=CARTESIAN_POINT('',(-0.0283516924500467,-0.00137218811081427,0.0049764218512807));
#3227=CARTESIAN_POINT('',(-0.0283516924500465,-0.00112218811081434,0.00497642185128088));
#3228=CARTESIAN_POINT('',(-0.0281433591167132,-0.00241385477748039,0.00530975518461398));
#3229=CARTESIAN_POINT('',(-0.028214440729683,-0.00231826972378345,0.00528034023831092));
#3230=CARTESIAN_POINT('',(-0.0282708828560191,-0.00221948822089431,0.0052525423788473));
#3231=CARTESIAN_POINT('',(-0.0283582598167849,-0.00201737330745855,0.00520238973375134));
#3232=CARTESIAN_POINT('',(-0.0283891784054773,-0.00191405401460944,0.00518005119405164));
#3233=CARTESIAN_POINT('',(-0.0284501220447661,-0.0016009113575679,0.00512372224697329));
#3234=CARTESIAN_POINT('',(-0.0284620120394969,-0.00137218875201269,0.00508674144073086));
#3235=CARTESIAN_POINT('',(-0.0284473441600314,-0.00112218811081428,0.0050720735612657));
#3236=CARTESIAN_POINT('',(-0.0281801990765503,-0.0024506947373175,0.00539816962101514));
#3237=CARTESIAN_POINT('',(-0.0282708828560944,-0.00234606758317176,0.00537912190149969));
#3238=CARTESIAN_POINT('',(-0.0283397257438702,-0.00223922598499771,0.00535938427528237));
#3239=CARTESIAN_POINT('',(-0.0284424981189151,-0.00202540100083982,0.00532101915771908));
#3240=CARTESIAN_POINT('',(-0.0284764809599567,-0.00191839636792377,0.00530241603527205));
#3241=CARTESIAN_POINT('',(-0.028540181075521,-0.00160222781156937,0.00525081985921837));
#3242=CARTESIAN_POINT('',(-0.0285465228276262,-0.00137311484398474,0.00520730466998522));
#3243=CARTESIAN_POINT('',(-0.0285288339959545,-0.00112218811081432,0.00518164414597956));
#3244=CARTESIAN_POINT('',(-0.0282428200762898,-0.00251331573705694,0.00558552457119725));
#3245=CARTESIAN_POINT('',(-0.0283582598171009,-0.00239622022802784,0.00558123721568435));
#3246=CARTESIAN_POINT('',(-0.0284424979676471,-0.00227759134169088,0.00557320974897708));
#3247=CARTESIAN_POINT('',(-0.0285647217509234,-0.00204596176137743,0.00555264906773901));
#3248=CARTESIAN_POINT('',(-0.0286029557908145,-0.00193284741616353,0.00554014631433186));
#3249=CARTESIAN_POINT('',(-0.0286736170328057,-0.00160717717810588,0.00549885747743258));
#3250=CARTESIAN_POINT('',(-0.0286766117126413,-0.00137607092435549,0.00545220686817987));
#3251=CARTESIAN_POINT('',(-0.0286607677542944,-0.00112218811081413,0.00541783597186466));
#3252=CARTESIAN_POINT('',(-0.0282686011161922,-0.0025390967769593,0.0056844650849782));
#3253=CARTESIAN_POINT('',(-0.0283891784057629,-0.00241855876775763,0.00568455674898314));
#3254=CARTESIAN_POINT('',(-0.0284764806442323,-0.00229619456567365,0.00568021435858414));
#3255=CARTESIAN_POINT('',(-0.0286029554327725,-0.00205846436777508,0.00566576234370523));
#3256=CARTESIAN_POINT('',(-0.0286425018438827,-0.00194292768104753,0.00565568114960741));
#3257=CARTESIAN_POINT('',(-0.0287176540269829,-0.00161079384490308,0.00562005327261204));
#3258=CARTESIAN_POINT('',(-0.028722920760214,-0.0013781009127544,0.00557674797979044));
#3259=CARTESIAN_POINT('',(-0.0287114302251372,-0.00112218811081413,0.00554418615608717));
#3260=CARTESIAN_POINT('',(-0.0283272475965836,-0.00259774325735065,0.00599762154925699));
#3261=CARTESIAN_POINT('',(-0.0284501220449286,-0.0024748877149584,0.00599769988692395));
#3262=CARTESIAN_POINT('',(-0.0285401807688071,-0.00234779100375904,0.00599638434814286));
#3263=CARTESIAN_POINT('',(-0.0286736176741755,-0.00209975264476234,0.00599143636915237));
#3264=CARTESIAN_POINT('',(-0.0287176561057023,-0.00197855260886947,0.00598782017487558));
#3265=CARTESIAN_POINT('',(-0.0288103504376629,-0.00162520398211032,0.00597341122814957));
#3266=CARTESIAN_POINT('',(-0.0288269994938425,-0.00138472621491112,0.00595308808013733));
#3267=CARTESIAN_POINT('',(-0.0288252817636977,-0.00112218811081392,0.00593370913432069));
#3268=CARTESIAN_POINT('',(-0.0283516924500465,-0.00262218811081356,0.00622642185128086));
#3269=CARTESIAN_POINT('',(-0.0284620120394967,-0.00251186852136337,0.00622642249247932));
#3270=CARTESIAN_POINT('',(-0.0285465222551471,-0.00239130631096971,0.00622549752912759));
#3271=CARTESIAN_POINT('',(-0.0286766119584718,-0.0021464027223004,0.00622254347775379));
#3272=CARTESIAN_POINT('',(-0.0287229226586651,-0.00202185572026616,0.0062205143897317));
#3273=CARTESIAN_POINT('',(-0.0288269976200698,-0.0016455276210416,0.00621389156530485));
#3274=CARTESIAN_POINT('',(-0.0288516924500466,-0.00138985686562919,0.00620876226853952));
#3275=CARTESIAN_POINT('',(-0.0288516924500466,-0.00112218811081381,0.00620590722901335));
#3276=CARTESIAN_POINT('',(-0.0283516924500465,-0.00262218811081354,0.00647642185128094));
#3277=CARTESIAN_POINT('',(-0.0284473441600314,-0.00252653640082872,0.00647642185128093));
#3278=CARTESIAN_POINT('',(-0.028528833306083,-0.00241696692824807,0.00647642185128092));
#3279=CARTESIAN_POINT('',(-0.0286607677580812,-0.00218077410634574,0.00647642185128092));
#3280=CARTESIAN_POINT('',(-0.0287114319310062,-0.00205441828516195,0.00647642185128092));
#3281=CARTESIAN_POINT('',(-0.0288252795062124,-0.00166490792038815,0.00647642185128091));
#3282=CARTESIAN_POINT('',(-0.0288516924500466,-0.00139271327848041,0.0064764218512809));
#3283=CARTESIAN_POINT('',(-0.0288516924500466,-0.00112218811081381,0.00647642185128089));
#3284=CARTESIAN_POINT('',(-0.0281016924500466,-0.00237218811081375,0.00522642185128064));
#3285=CARTESIAN_POINT('',(-0.0281433591167132,-0.00241385477748039,0.00530975518461398));
#3286=CARTESIAN_POINT('',(-0.0281801990765503,-0.0024506947373175,0.00539816962101514));
#3287=CARTESIAN_POINT('',(-0.0282428200762898,-0.00251331573705694,0.00558552457119725));
#3288=CARTESIAN_POINT('',(-0.0282686011161922,-0.0025390967769593,0.0056844650849782));
#3289=CARTESIAN_POINT('',(-0.0283272475965836,-0.00259774325735065,0.00599762154925699));
#3290=CARTESIAN_POINT('',(-0.0283516924500465,-0.00262218811081356,0.00622642185128086));
#3291=CARTESIAN_POINT('',(-0.0283516924500465,-0.00262218811081354,0.00647642185128094));
#3292=CARTESIAN_POINT('',(-0.0283516924500465,-0.00262218811081354,0.00647642185128094));
#3293=CARTESIAN_POINT('',(-0.0281016924500466,-0.00237218811081375,0.00522642185128064));
#3294=CARTESIAN_POINT('',(-0.0288516924500466,-0.00112218811081381,0.00647642185128089));
#3295=CARTESIAN_POINT('',(-0.0288516924500465,-0.00178885477748035,0.00647642185128093));
#3296=CARTESIAN_POINT('',(-0.0286850257833799,-0.00228885477748026,0.00647642185128094));
#3297=CARTESIAN_POINT('',(-0.0283516924500466,-0.00262218811081355,0.00647642185128094));
#3298=CARTESIAN_POINT('',(-0.0283516924500371,-0.00112218811081434,0.00497642185129031));
#3299=CARTESIAN_POINT('',(-0.0286850257833705,-0.00112218811081417,0.00530975518462364));
#3300=CARTESIAN_POINT('',(-0.0288516924500403,-0.00112218811081398,0.0058097551846205));
#3301=CARTESIAN_POINT('',(-0.0288516924500466,-0.00112218811081381,0.00647642185128089));
#3302=CARTESIAN_POINT('',(-0.0283516924500465,-0.00112218811081434,0.00497642185128089));
#3303=CARTESIAN_POINT('',(-0.0281016924500466,-0.00237218811081375,0.00522642185128064));
#3304=CARTESIAN_POINT('',(-0.0281433591167134,-0.00228885477748048,0.00518475518461392));
#3305=CARTESIAN_POINT('',(-0.0281801990765505,-0.00220044034107939,0.00514791522477676));
#3306=CARTESIAN_POINT('',(-0.02824282007629,-0.00201308539089744,0.00508529422503723));
#3307=CARTESIAN_POINT('',(-0.0282686011161924,-0.00191414487711656,0.00505951318513487));
#3308=CARTESIAN_POINT('',(-0.0283272475965838,-0.00160098841283799,0.00500086670474353));
#3309=CARTESIAN_POINT('',(-0.0283516924500467,-0.00137218811081427,0.0049764218512807));
#3310=CARTESIAN_POINT('',(-0.0283516924500465,-0.00112218811081434,0.00497642185128088));
#3311=CARTESIAN_POINT('',(-0.0281016924500466,-0.00237218811081375,0.00522642185128064));
#3312=CARTESIAN_POINT('',(-0.0280183591167132,-0.00241385477748038,0.00518475518461401));
#3313=CARTESIAN_POINT('',(-0.027929944680312,-0.00245069473731748,0.00514791522477692));
#3314=CARTESIAN_POINT('',(-0.0277425897301299,-0.00251331573705692,0.00508529422503748));
#3315=CARTESIAN_POINT('',(-0.0276436492163488,-0.00253909677695927,0.00505951318513514));
#3316=CARTESIAN_POINT('',(-0.0273304927520699,-0.00259774325735062,0.00500086670474379));
#3317=CARTESIAN_POINT('',(-0.027101692450046,-0.00262218811081354,0.00497642185128088));
#3318=CARTESIAN_POINT('',(-0.0268516924500458,-0.00262218811081355,0.00497642185128089));
#3319=CARTESIAN_POINT('',(-0.0281433591167134,-0.00228885477748048,0.00518475518461392));
#3320=CARTESIAN_POINT('',(-0.0280477740630163,-0.00231826972378344,0.0051136735716443));
#3321=CARTESIAN_POINT('',(-0.027948992560127,-0.002346067583247,0.00505723144530829));
#3322=CARTESIAN_POINT('',(-0.027746877646691,-0.00239622022834285,0.00496985448454258));
#3323=CARTESIAN_POINT('',(-0.0276435583538418,-0.00241855876804253,0.00493893589585029));
#3324=CARTESIAN_POINT('',(-0.0273304156967999,-0.00247488771512088,0.00487799225656154));
#3325=CARTESIAN_POINT('',(-0.0271016930912444,-0.00251186852136337,0.00486610226183071));
#3326=CARTESIAN_POINT('',(-0.0268516924500457,-0.00252653640082874,0.00488077014129608));
#3327=CARTESIAN_POINT('',(-0.0281801990765505,-0.00220044034107939,0.00514791522477676));
#3328=CARTESIAN_POINT('',(-0.0280755719224046,-0.00221948806059475,0.00505723144523285));
#3329=CARTESIAN_POINT('',(-0.0279687303242305,-0.00223922568681199,0.00498838855745714));
#3330=CARTESIAN_POINT('',(-0.0277549053400724,-0.00227759080437517,0.00488561618241244));
#3331=CARTESIAN_POINT('',(-0.0276479007071562,-0.00229619392682216,0.00485163334137084));
#3332=CARTESIAN_POINT('',(-0.0273317321508015,-0.00234779010287581,0.00478793322580666));
#3333=CARTESIAN_POINT('',(-0.0271026191832167,-0.00239130529210901,0.00478159147370136));
#3334=CARTESIAN_POINT('',(-0.026851692450046,-0.00241696581611489,0.00479928030537299));
#3335=CARTESIAN_POINT('',(-0.02824282007629,-0.00201308539089744,0.00508529422503723));
#3336=CARTESIAN_POINT('',(-0.0281257245672609,-0.00201737274641026,0.00496985448422622));
#3337=CARTESIAN_POINT('',(-0.0280070956809238,-0.00202540021311745,0.00488561633368017));
#3338=CARTESIAN_POINT('',(-0.0277754661006101,-0.0020459608943554,0.00476339255040403));
#3339=CARTESIAN_POINT('',(-0.0276623517553961,-0.00205846364776252,0.00472515851051297));
#3340=CARTESIAN_POINT('',(-0.0273366815173381,-0.00209975248466173,0.00465449726852185));
#3341=CARTESIAN_POINT('',(-0.0271055752635874,-0.00214640309391448,0.00465150258868627));
#3342=CARTESIAN_POINT('',(-0.0268516924500458,-0.00218077399022991,0.00466734654703307));
#3343=CARTESIAN_POINT('',(-0.0282686011161924,-0.00191414487711656,0.00505951318513487));
#3344=CARTESIAN_POINT('',(-0.0281480631069907,-0.00191405321311156,0.00493893589556427));
#3345=CARTESIAN_POINT('',(-0.0280256989049067,-0.00191839560351049,0.00485163365709495));
#3346=CARTESIAN_POINT('',(-0.0277879687070078,-0.00193284761838928,0.00472515886855488));
#3347=CARTESIAN_POINT('',(-0.0276724320202802,-0.00194292881248707,0.00468561245744482));
#3348=CARTESIAN_POINT('',(-0.0273402981841354,-0.00197855668948236,0.00461046027434466));
#3349=CARTESIAN_POINT('',(-0.0271076052519865,-0.002021861982304,0.00460519354111354));
#3350=CARTESIAN_POINT('',(-0.026851692450046,-0.00205442380600746,0.0046166840761902));
#3351=CARTESIAN_POINT('',(-0.0283272475965838,-0.00160098841283799,0.00500086670474353));
#3352=CARTESIAN_POINT('',(-0.0282043920541915,-0.00160091007517103,0.00487799225639862));
#3353=CARTESIAN_POINT('',(-0.0280772953429921,-0.00160222561395207,0.00478793353252016));
#3354=CARTESIAN_POINT('',(-0.0278292569839952,-0.00160717359294245,0.00465449662715191));
#3355=CARTESIAN_POINT('',(-0.0277080569481023,-0.00161078978721922,0.00461045819562516));
#3356=CARTESIAN_POINT('',(-0.0273547083213429,-0.0016251987339451,0.00451776386366458));
#3357=CARTESIAN_POINT('',(-0.0271142305541434,-0.00164552188195738,0.00450111480748501));
#3358=CARTESIAN_POINT('',(-0.0268516924500461,-0.00166490082777414,0.00450283253762972));
#3359=CARTESIAN_POINT('',(-0.0283516924500467,-0.00137218811081427,0.0049764218512807));
#3360=CARTESIAN_POINT('',(-0.0282413728605965,-0.00137218746961585,0.00486610226183053));
#3361=CARTESIAN_POINT('',(-0.0281208106502028,-0.00137311243296755,0.00478159204618019));
#3362=CARTESIAN_POINT('',(-0.0278759070615334,-0.00137606648434127,0.00465150234285554));
#3363=CARTESIAN_POINT('',(-0.0277513600594991,-0.00137809557236336,0.00460519164266228));
#3364=CARTESIAN_POINT('',(-0.0273750319602742,-0.00138471839679005,0.00450111668125764));
#3365=CARTESIAN_POINT('',(-0.0271193612048616,-0.00138984769355543,0.00447642185128087));
#3366=CARTESIAN_POINT('',(-0.0268516924500462,-0.00139270273308162,0.00447642185128088));
#3367=CARTESIAN_POINT('',(-0.0283516924500465,-0.00112218811081434,0.00497642185128088));
#3368=CARTESIAN_POINT('',(-0.0282560407400617,-0.00112218811081441,0.00488077014129606));
#3369=CARTESIAN_POINT('',(-0.028146471267481,-0.00112218811081439,0.00479928099524449));
#3370=CARTESIAN_POINT('',(-0.0279102784455786,-0.00112218811081429,0.00466734654324629));
#3371=CARTESIAN_POINT('',(-0.0277839226243948,-0.00112218811081428,0.00461668237032126));
#3372=CARTESIAN_POINT('',(-0.0273944122596207,-0.00112218811081408,0.00450283479511501));
#3373=CARTESIAN_POINT('',(-0.0271222176177128,-0.00112218811081408,0.00447642185128088));
#3374=CARTESIAN_POINT('',(-0.0268516924500462,-0.00112218811081408,0.00447642185128088));
#3375=CARTESIAN_POINT('',(-0.0268516924500462,-0.00112218811081408,0.00447642185128089));
#3376=CARTESIAN_POINT('',(-0.0275183591167067,-0.00112218811081417,0.00447642185128711));
#3377=CARTESIAN_POINT('',(-0.0280183591167037,-0.00112218811081426,0.00464308851795692));
#3378=CARTESIAN_POINT('',(-0.0283516924500371,-0.00112218811081434,0.00497642185129031));
#3379=CARTESIAN_POINT('',(-0.0268516924500459,-0.00262218811081355,0.00497642185128089));
#3380=CARTESIAN_POINT('',(-0.026851692450046,-0.0022888547774803,0.00464308851794764));
#3381=CARTESIAN_POINT('',(-0.0268516924500461,-0.00178885477748048,0.00447642185128098));
#3382=CARTESIAN_POINT('',(-0.0268516924500462,-0.00112218811081408,0.00447642185128089));
#3383=CARTESIAN_POINT('',(-0.0268516924500458,-0.00262218811081355,0.00497642185128089));
#3384=CARTESIAN_POINT('',(-0.0281016924500466,-0.00237218811081375,0.00522642185128064));
#3385=CARTESIAN_POINT('',(-0.0280183591167132,-0.00241385477748038,0.00518475518461401));
#3386=CARTESIAN_POINT('',(-0.027929944680312,-0.00245069473731748,0.00514791522477692));
#3387=CARTESIAN_POINT('',(-0.0277425897301299,-0.00251331573705692,0.00508529422503748));
#3388=CARTESIAN_POINT('',(-0.0276436492163488,-0.00253909677695927,0.00505951318513514));
#3389=CARTESIAN_POINT('',(-0.0273304927520699,-0.00259774325735062,0.00500086670474379));
#3390=CARTESIAN_POINT('',(-0.027101692450046,-0.00262218811081354,0.00497642185128088));
#3391=CARTESIAN_POINT('',(-0.0268516924500458,-0.00262218811081355,0.00497642185128089));
#3392=CARTESIAN_POINT('',(-0.0268516924500462,-0.00312218811081344,0.0494764218512809));
#3393=CARTESIAN_POINT('',(-0.0268516924500462,-0.00312218811081354,0.0064764218512809));
#3394=CARTESIAN_POINT('',(-0.0281850257833798,-0.00312218811081357,0.0494764218512809));
#3395=CARTESIAN_POINT('',(-0.0281850257833798,-0.00312218811081367,0.0064764218512809));
#3396=CARTESIAN_POINT('',(-0.0288516924500466,-0.00245552144414688,0.049476421851281));
#3397=CARTESIAN_POINT('',(-0.0288516924500466,-0.00245552144414698,0.00647642185128097));
#3398=CARTESIAN_POINT('',(-0.0288516924500466,-0.0011221881108134,0.0494764218512809));
#3399=CARTESIAN_POINT('',(-0.0288516924500466,-0.0011221881108135,0.00647642185128089));
#3400=CARTESIAN_POINT('',(-0.0283516924500466,-0.00262218811081355,0.00647642185128094));
#3401=CARTESIAN_POINT('',(-0.0280183591167132,-0.00295552144414694,0.00647642185128094));
#3402=CARTESIAN_POINT('',(-0.027518359116713,-0.0031221881108136,0.00647642185128092));
#3403=CARTESIAN_POINT('',(-0.0268516924500462,-0.00312218811081354,0.00647642185128093));
#3404=CARTESIAN_POINT('',(-0.0281016924500466,-0.00237218811081375,0.00522642185128064));
#3405=CARTESIAN_POINT('',(-0.0281433591167132,-0.00241385477748039,0.00530975518461398));
#3406=CARTESIAN_POINT('',(-0.0281801990765503,-0.0024506947373175,0.00539816962101514));
#3407=CARTESIAN_POINT('',(-0.0282428200762898,-0.00251331573705694,0.00558552457119725));
#3408=CARTESIAN_POINT('',(-0.0282686011161922,-0.0025390967769593,0.0056844650849782));
#3409=CARTESIAN_POINT('',(-0.0283272475965836,-0.00259774325735065,0.00599762154925699));
#3410=CARTESIAN_POINT('',(-0.0283516924500465,-0.00262218811081356,0.00622642185128086));
#3411=CARTESIAN_POINT('',(-0.0283516924500465,-0.00262218811081354,0.00647642185128094));
#3412=CARTESIAN_POINT('',(-0.0280183591167132,-0.00241385477748038,0.00518475518461401));
#3413=CARTESIAN_POINT('',(-0.0280477740630162,-0.00248493639044998,0.00528034023831106));
#3414=CARTESIAN_POINT('',(-0.0280755719224797,-0.002541378516786,0.00537912174120029));
#3415=CARTESIAN_POINT('',(-0.0281257245675756,-0.00262875547755172,0.00558123665463621));
#3416=CARTESIAN_POINT('',(-0.0281480631072753,-0.00265967406624404,0.00568455594748539));
#3417=CARTESIAN_POINT('',(-0.0282043920543538,-0.00272061770553286,0.0059976986045271));
#3418=CARTESIAN_POINT('',(-0.0282413728605964,-0.00273250770026374,0.00622642121008241));
#3419=CARTESIAN_POINT('',(-0.0282560407400617,-0.00271783982079835,0.00647642185128094));
#3420=CARTESIAN_POINT('',(-0.027929944680312,-0.00245069473731748,0.00514791522477692));
#3421=CARTESIAN_POINT('',(-0.0279489923998274,-0.00254137851686135,0.00525254237892278));
#3422=CARTESIAN_POINT('',(-0.0279687300260445,-0.00261022140463706,0.00535938397709693));
#3423=CARTESIAN_POINT('',(-0.0280070951436078,-0.00271299377968179,0.005573208961255));
#3424=CARTESIAN_POINT('',(-0.0280256982660548,-0.00274697662072341,0.00568021359417111));
#3425=CARTESIAN_POINT('',(-0.0280772944421086,-0.00281067673628769,0.00599638215052569));
#3426=CARTESIAN_POINT('',(-0.028120809631342,-0.00281701848839307,0.00622549511811041));
#3427=CARTESIAN_POINT('',(-0.0281464701553479,-0.00279932965672143,0.00647642185128094));
#3428=CARTESIAN_POINT('',(-0.0277425897301299,-0.00251331573705692,0.00508529422503748));
#3429=CARTESIAN_POINT('',(-0.0277468770856426,-0.00262875547786789,0.0052023897340667));
#3430=CARTESIAN_POINT('',(-0.0277549045523496,-0.00271299362841395,0.00532101862040377));
#3431=CARTESIAN_POINT('',(-0.0277754652335878,-0.00283521741169013,0.00555264820071736));
#3432=CARTESIAN_POINT('',(-0.0277879679869949,-0.00287345145158122,0.00566576254593132));
#3433=CARTESIAN_POINT('',(-0.0278292568238943,-0.00294411269357246,0.00599143278398908));
#3434=CARTESIAN_POINT('',(-0.0278759074331472,-0.00294710737340815,0.00622253903773952));
#3435=CARTESIAN_POINT('',(-0.0279102783294627,-0.00293126341506136,0.00647642185128094));
#3436=CARTESIAN_POINT('',(-0.0276436492163488,-0.00253909677695927,0.00505951318513514));
#3437=CARTESIAN_POINT('',(-0.0276435575523438,-0.00265967406652984,0.00518005119433691));
#3438=CARTESIAN_POINT('',(-0.0276478999427426,-0.00274697630499917,0.00530241539642099));
#3439=CARTESIAN_POINT('',(-0.0276623519576216,-0.00287345109353928,0.0055401455943197));
#3440=CARTESIAN_POINT('',(-0.0276724331517194,-0.00291299750464936,0.0056556822810473));
#3441=CARTESIAN_POINT('',(-0.0277080610287148,-0.00298814968774965,0.00598781611719188));
#3442=CARTESIAN_POINT('',(-0.0277513663215367,-0.00299341642098087,0.00622050904934061));
#3443=CARTESIAN_POINT('',(-0.0277839281452401,-0.00298192588590422,0.00647642185128093));
#3444=CARTESIAN_POINT('',(-0.0273304927520699,-0.00259774325735062,0.00500086670474379));
#3445=CARTESIAN_POINT('',(-0.027330414414403,-0.00272061770569553,0.00512372224713609));
#3446=CARTESIAN_POINT('',(-0.0273317299531836,-0.00281067642957402,0.00525081895833551));
#3447=CARTESIAN_POINT('',(-0.0273366779321745,-0.0029441133349423,0.00549885731733228));
#3448=CARTESIAN_POINT('',(-0.0273402941264512,-0.00298815176646908,0.0056200573532252));
#3449=CARTESIAN_POINT('',(-0.0273547030731772,-0.00308084609842975,0.00597340597998445));
#3450=CARTESIAN_POINT('',(-0.0273750262211898,-0.0030974951546094,0.00621388374718371));
#3451=CARTESIAN_POINT('',(-0.0273944051670065,-0.00309577742446471,0.00647642185128093));
#3452=CARTESIAN_POINT('',(-0.027101692450046,-0.00262218811081354,0.00497642185128088));
#3453=CARTESIAN_POINT('',(-0.0271016918088476,-0.00273250770026371,0.00508674144073106));
#3454=CARTESIAN_POINT('',(-0.0271026167721989,-0.00281701791591409,0.00520730365112475));
#3455=CARTESIAN_POINT('',(-0.0271055708235733,-0.00294710761923877,0.0054522072397941));
#3456=CARTESIAN_POINT('',(-0.0271075999115952,-0.00299341831943204,0.00557675424182836));
#3457=CARTESIAN_POINT('',(-0.0271142227360219,-0.00309749328083673,0.00595308234105304));
#3458=CARTESIAN_POINT('',(-0.0271193520327875,-0.00312218811081354,0.00620875309646553));
#3459=CARTESIAN_POINT('',(-0.0271222070723137,-0.00312218811081354,0.00647642185128093));
#3460=CARTESIAN_POINT('',(-0.0268516924500458,-0.00262218811081355,0.00497642185128089));
#3461=CARTESIAN_POINT('',(-0.0268516924500459,-0.00271783982079835,0.0050720735612657));
#3462=CARTESIAN_POINT('',(-0.0268516924500456,-0.00279932896684993,0.00518164303384639));
#3463=CARTESIAN_POINT('',(-0.0268516924500462,-0.00293126341884814,0.00541783585574876));
#3464=CARTESIAN_POINT('',(-0.026851692450046,-0.00298192759177316,0.00554419167693258));
#3465=CARTESIAN_POINT('',(-0.0268516924500459,-0.00309577516697942,0.00593370204170652));
#3466=CARTESIAN_POINT('',(-0.0268516924500462,-0.00312218811081354,0.00620589668361433));
#3467=CARTESIAN_POINT('',(-0.0268516924500462,-0.00312218811081354,0.00647642185128093));
#3468=CARTESIAN_POINT('',(-0.0268516924500462,-0.00312218811081354,0.00647642185128093));
#3469=CARTESIAN_POINT('',(-0.0268516924500461,-0.00312218811081355,0.00580975518461424));
#3470=CARTESIAN_POINT('',(-0.026851692450046,-0.00295552144414688,0.00530975518461423));
#3471=CARTESIAN_POINT('',(-0.0268516924500459,-0.00262218811081355,0.00497642185128089));
#3472=CARTESIAN_POINT('',(-0.0268516924500463,0.0877381928563117,0.00647642185128023));
#3473=CARTESIAN_POINT('',(-0.0268516924500463,0.0877381928563117,0.0494764218512807));
#3474=CARTESIAN_POINT('',(-0.0281850257833798,0.0877381928563118,0.00647642185128089));
#3475=CARTESIAN_POINT('',(-0.0281850257833798,0.0877381928563118,0.0494764218512814));
#3476=CARTESIAN_POINT('',(-0.0288516924500466,0.087071526189645,0.00647642185128092));
#3477=CARTESIAN_POINT('',(-0.0288516924500466,0.087071526189645,0.0494764218512814));
#3478=CARTESIAN_POINT('',(-0.0288516924500466,0.0857381928563116,0.00647642185128026));
#3479=CARTESIAN_POINT('',(-0.0288516924500466,0.0857381928563116,0.0494764218512808));
#3480=CARTESIAN_POINT('',(-0.0288516924500466,0.0857381928563116,0.00647642185128073));
#3481=CARTESIAN_POINT('',(-0.0288516924500466,-0.00112218811081514,0.00647642185128094));
#3482=CARTESIAN_POINT('',(-0.028851692450034,0.0857381928563116,0.0051430885179598));
#3483=CARTESIAN_POINT('',(-0.028851692450034,-0.00112218811081514,0.00514308851796001));
#3484=CARTESIAN_POINT('',(-0.0281850257833672,0.0857381928563116,0.00447642185129313));
#3485=CARTESIAN_POINT('',(-0.0281850257833672,-0.00112218811081516,0.00447642185129333));
#3486=CARTESIAN_POINT('',(-0.0268516924500462,0.0857381928563116,0.00447642185128069));
#3487=CARTESIAN_POINT('',(-0.0268516924500462,-0.00112218811081514,0.00447642185128089));
#3488=CARTESIAN_POINT('',(-0.0283516924500371,0.0857381928563115,0.00497642185129011));
#3489=CARTESIAN_POINT('',(-0.0280183591167038,0.0857381928563115,0.00464308851795675));
#3490=CARTESIAN_POINT('',(-0.0275183591167069,0.0857381928563115,0.00447642185128695));
#3491=CARTESIAN_POINT('',(-0.0268516924500464,0.0857381928563115,0.00447642185128069));
#3492=CARTESIAN_POINT('',(-0.0268516924500462,-0.00312218811081354,0.00647642185128093));
#3493=CARTESIAN_POINT('',(0.0837795575499535,-0.00312218811081354,0.00647642185128099));
#3494=CARTESIAN_POINT('',(-0.0268516924500462,-0.00312218811081355,0.00514308851794748));
#3495=CARTESIAN_POINT('',(0.0837795575499535,-0.00312218811081355,0.00514308851794754));
#3496=CARTESIAN_POINT('',(-0.0268516924500462,-0.00245552144414682,0.00447642185128082));
#3497=CARTESIAN_POINT('',(0.0837795575499535,-0.00245552144414682,0.00447642185128087));
#3498=CARTESIAN_POINT('',(-0.0268516924500462,-0.00112218811081332,0.00447642185128089));
#3499=CARTESIAN_POINT('',(0.0837795575499535,-0.00112218811081332,0.00447642185128094));
#3500=CARTESIAN_POINT('',(0.0666763897757764,-0.00312218811081354,0.00647642185128094));
#3501=CARTESIAN_POINT('',(0.0412930564424433,-0.00312218811081354,0.00647642185128093));
#3502=CARTESIAN_POINT('',(0.0159097231091103,-0.00312218811081354,0.00647642185128091));
#3503=CARTESIAN_POINT('',(-0.00947361022422277,-0.00312218811081354,0.0064764218512809));
#3504=CARTESIAN_POINT('',(0.0837795575499534,-0.00312218811081357,0.00647642185128094));
#3505=CARTESIAN_POINT('',(0.0837795575499532,-0.00312218811081341,0.0494764218512809));
#3506=CARTESIAN_POINT('',(0.0851128908832869,-0.00312218811081361,0.0064764218512809));
#3507=CARTESIAN_POINT('',(0.0851128908832867,-0.00312218811081346,0.0494764218512809));
#3508=CARTESIAN_POINT('',(0.0857795575499535,-0.00245552144414689,0.006476421851281));
#3509=CARTESIAN_POINT('',(0.0857795575499533,-0.00245552144414673,0.049476421851281));
#3510=CARTESIAN_POINT('',(0.0857795575499535,-0.00112218811081342,0.00647642185128095));
#3511=CARTESIAN_POINT('',(0.0857795575499533,-0.00112218811081327,0.0494764218512809));
#3512=CARTESIAN_POINT('',(0.0852795575499535,-0.00262218811081356,0.00647642185128099));
#3513=CARTESIAN_POINT('',(0.0856128908832869,-0.0022888547774802,0.006476421851281));
#3514=CARTESIAN_POINT('',(0.0857795575499535,-0.00178885477748016,0.00647642185128101));
#3515=CARTESIAN_POINT('',(0.0857795575499535,-0.00112218811081342,0.00647642185128098));
#3516=CARTESIAN_POINT('',(-0.0281016924500465,0.0869881928563117,0.00522642185128058));
#3517=CARTESIAN_POINT('',(-0.0281433591167132,0.0869048595229783,0.0051847551846139));
#3518=CARTESIAN_POINT('',(-0.0281801990765503,0.0868164450865771,0.00514791522477676));
#3519=CARTESIAN_POINT('',(-0.0282428200762899,0.0866290901363951,0.00508529422503726));
#3520=CARTESIAN_POINT('',(-0.0282686011161922,0.0865301496226141,0.0050595131851349));
#3521=CARTESIAN_POINT('',(-0.0283272475965837,0.0862169931583354,0.00500086670474352));
#3522=CARTESIAN_POINT('',(-0.0283516924500466,0.0859881928563115,0.00497642185128062));
#3523=CARTESIAN_POINT('',(-0.0283516924500465,0.0857381928563115,0.00497642185128069));
#3524=CARTESIAN_POINT('',(-0.0280183591167132,0.0870298595229783,0.00518475518461393));
#3525=CARTESIAN_POINT('',(-0.0280477740630162,0.0869342744692813,0.00511367357164426));
#3526=CARTESIAN_POINT('',(-0.0280755719224798,0.0868354929663921,0.0050572314453082));
#3527=CARTESIAN_POINT('',(-0.0281257245675758,0.0866333780529562,0.00496985448454242));
#3528=CARTESIAN_POINT('',(-0.0281480631072754,0.086530058760107,0.00493893589585009));
#3529=CARTESIAN_POINT('',(-0.0282043920543539,0.0862169161030653,0.00487799225656128));
#3530=CARTESIAN_POINT('',(-0.0282413728605964,0.0859881934975099,0.00486610226183044));
#3531=CARTESIAN_POINT('',(-0.0282560407400617,0.0857381928563114,0.00488077014129588));
#3532=CARTESIAN_POINT('',(-0.027929944680312,0.0870666994828154,0.00514791522477681));
#3533=CARTESIAN_POINT('',(-0.0279489923998274,0.0869620723286696,0.00505723144523285));
#3534=CARTESIAN_POINT('',(-0.0279687300260447,0.0868552307304955,0.00498838855745709));
#3535=CARTESIAN_POINT('',(-0.028007095143608,0.0866414057463374,0.00488561618241232));
#3536=CARTESIAN_POINT('',(-0.028025698266055,0.0865344011134214,0.00485163334137069));
#3537=CARTESIAN_POINT('',(-0.0280772944421088,0.0862182325570668,0.00478793322580643));
#3538=CARTESIAN_POINT('',(-0.028120809631342,0.085989119589482,0.0047815914737011));
#3539=CARTESIAN_POINT('',(-0.0281464701553479,0.0857381928563114,0.0047992803053728));
#3540=CARTESIAN_POINT('',(-0.0277425897301299,0.087129320482555,0.00508529422503733));
#3541=CARTESIAN_POINT('',(-0.0277468770856427,0.0870122249735258,0.00496985448422627));
#3542=CARTESIAN_POINT('',(-0.02775490455235,0.0868935960871887,0.00488561633368017));
#3543=CARTESIAN_POINT('',(-0.027775465233588,0.0866619665068752,0.00476339255040396));
#3544=CARTESIAN_POINT('',(-0.0277879679869951,0.0865488521616613,0.00472515851051287));
#3545=CARTESIAN_POINT('',(-0.0278292568238945,0.0862231819236034,0.00465449726852164));
#3546=CARTESIAN_POINT('',(-0.0278759074331473,0.0859920756698529,0.00465150258868602));
#3547=CARTESIAN_POINT('',(-0.0279102783294628,0.0857381928563115,0.00466734654703287));
#3548=CARTESIAN_POINT('',(-0.0276436492163489,0.0871551015224573,0.00505951318513498));
#3549=CARTESIAN_POINT('',(-0.0276435575523439,0.0870345635132556,0.00493893589556432));
#3550=CARTESIAN_POINT('',(-0.0276478999427429,0.0869121993111715,0.00485163365709494));
#3551=CARTESIAN_POINT('',(-0.0276623519576218,0.0866744691132728,0.00472515886855481));
#3552=CARTESIAN_POINT('',(-0.0276724331517197,0.0865589324265453,0.00468561245744473));
#3553=CARTESIAN_POINT('',(-0.0277080610287151,0.0862267985904006,0.00461046027434446));
#3554=CARTESIAN_POINT('',(-0.0277513663215368,0.0859941056582518,0.0046051935411133));
#3555=CARTESIAN_POINT('',(-0.0277839281452402,0.0857381928563115,0.00461668407619));
#3556=CARTESIAN_POINT('',(-0.0273304927520702,0.0872137480028488,0.0050008667047436));
#3557=CARTESIAN_POINT('',(-0.0273304144144031,0.0870908924604565,0.00487799225639864));
#3558=CARTESIAN_POINT('',(-0.0273317299531842,0.086963795749257,0.00478793353252011));
#3559=CARTESIAN_POINT('',(-0.0273366779321747,0.0867157573902603,0.00465449662715185));
#3560=CARTESIAN_POINT('',(-0.0273402941264515,0.0865945573543674,0.00461045819562507));
#3561=CARTESIAN_POINT('',(-0.0273547030731776,0.0862412087276079,0.00451776386366438));
#3562=CARTESIAN_POINT('',(-0.0273750262211899,0.0860007309604087,0.00450111480748478));
#3563=CARTESIAN_POINT('',(-0.0273944051670067,0.0857381928563114,0.00450283253762952));
#3564=CARTESIAN_POINT('',(-0.0271016924500462,0.0872381928563117,0.00497642185128068));
#3565=CARTESIAN_POINT('',(-0.0271016918088479,0.0871278732668615,0.00486610226183048));
#3566=CARTESIAN_POINT('',(-0.0271026167721995,0.0870073110564677,0.00478159204618008));
#3567=CARTESIAN_POINT('',(-0.0271055708235734,0.0867624074677985,0.00465150234285546));
#3568=CARTESIAN_POINT('',(-0.0271075999115955,0.0866378604657643,0.00460519164266219));
#3569=CARTESIAN_POINT('',(-0.0271142227360223,0.0862615323665393,0.00450111668125745));
#3570=CARTESIAN_POINT('',(-0.0271193520327878,0.0860058616111269,0.00447642185128067));
#3571=CARTESIAN_POINT('',(-0.0271222070723139,0.0857381928563115,0.00447642185128069));
#3572=CARTESIAN_POINT('',(-0.0268516924500462,0.0872381928563117,0.00497642185128069));
#3573=CARTESIAN_POINT('',(-0.0268516924500462,0.0871425411463269,0.00488077014129587));
#3574=CARTESIAN_POINT('',(-0.0268516924500462,0.0870329716737461,0.00479928099524426));
#3575=CARTESIAN_POINT('',(-0.0268516924500462,0.0867967788518439,0.00466734654324611));
#3576=CARTESIAN_POINT('',(-0.0268516924500463,0.0866704230306601,0.00461668237032109));
#3577=CARTESIAN_POINT('',(-0.0268516924500463,0.0862809126658859,0.00450283479511478));
#3578=CARTESIAN_POINT('',(-0.0268516924500464,0.0860087180239781,0.00447642185128069));
#3579=CARTESIAN_POINT('',(-0.0268516924500464,0.0857381928563115,0.00447642185128069));
#3580=CARTESIAN_POINT('',(-0.0268516924500464,0.0857381928563115,0.00447642185128069));
#3581=CARTESIAN_POINT('',(-0.0268516924500783,0.0864048595229783,0.00447642185128065));
#3582=CARTESIAN_POINT('',(-0.0268516924500783,0.0869048595229783,0.00464308851794734));
#3583=CARTESIAN_POINT('',(-0.0268516924500462,0.0872381928563117,0.00497642185128073));
#3584=CARTESIAN_POINT('',(0.0850295575499535,-0.00237218811081344,0.00522642185128089));
#3585=CARTESIAN_POINT('',(0.0850712242166202,-0.00241385477748012,0.00530975518461423));
#3586=CARTESIAN_POINT('',(0.0851080641764573,-0.00245069473731726,0.00539816962101538));
#3587=CARTESIAN_POINT('',(0.0851706851761968,-0.00251331573705677,0.00558552457119746));
#3588=CARTESIAN_POINT('',(0.0851964662160991,-0.00253909677695915,0.0056844650849784));
#3589=CARTESIAN_POINT('',(0.0852551126964905,-0.00259774325735058,0.00599762154925714));
#3590=CARTESIAN_POINT('',(0.0852795575499535,-0.00262218811081353,0.00622642185128096));
#3591=CARTESIAN_POINT('',(0.0852795575499535,-0.00262218811081355,0.00647642185128099));
#3592=CARTESIAN_POINT('',(0.0850712242166202,-0.00228885477748009,0.00518475518461422));
#3593=CARTESIAN_POINT('',(0.0851423058295899,-0.00231826972378309,0.00528034023831124));
#3594=CARTESIAN_POINT('',(0.0851987479559259,-0.00234606758324668,0.00537912174120045));
#3595=CARTESIAN_POINT('',(0.0852861249166916,-0.00239622022834261,0.00558123665463634));
#3596=CARTESIAN_POINT('',(0.085317043505384,-0.00241855876804233,0.00568455594748551));
#3597=CARTESIAN_POINT('',(0.0853779871446728,-0.00247488771512079,0.00599769860452721));
#3598=CARTESIAN_POINT('',(0.0853898771394036,-0.00251186852136336,0.00622642121008251));
#3599=CARTESIAN_POINT('',(0.0853752092599383,-0.00252653640082875,0.00647642185128099));
#3600=CARTESIAN_POINT('',(0.0851080641764573,-0.00220044034107894,0.00514791522477709));
#3601=CARTESIAN_POINT('',(0.0851987479560012,-0.00221948806059431,0.00525254237892291));
#3602=CARTESIAN_POINT('',(0.085267590843777,-0.00223922568681158,0.00535938397709704));
#3603=CARTESIAN_POINT('',(0.0853703632188217,-0.00227759080437483,0.00557320896125509));
#3604=CARTESIAN_POINT('',(0.0854043460598634,-0.00229619392682188,0.0056802135941712));
#3605=CARTESIAN_POINT('',(0.0854680461754276,-0.00234779010287566,0.00599638215052578));
#3606=CARTESIAN_POINT('',(0.085474387927533,-0.00239130529210897,0.00622549511811052));
#3607=CARTESIAN_POINT('',(0.0854566990958613,-0.00241696581611488,0.00647642185128099));
#3608=CARTESIAN_POINT('',(0.0851706851761968,-0.00201308539089683,0.00508529422503759));
#3609=CARTESIAN_POINT('',(0.0852861249170079,-0.00201737274640964,0.00520238973406677));
#3610=CARTESIAN_POINT('',(0.0853703630675539,-0.00202540021311685,0.00532101862040381));
#3611=CARTESIAN_POINT('',(0.0854925868508302,-0.00204596089435488,0.00555264820071739));
#3612=CARTESIAN_POINT('',(0.0855308208907213,-0.00205846364776204,0.00566576254593135));
#3613=CARTESIAN_POINT('',(0.0856014821327124,-0.00209975248466138,0.00599143278398915));
#3614=CARTESIAN_POINT('',(0.0856044768125481,-0.00214640309391426,0.00622253903773962));
#3615=CARTESIAN_POINT('',(0.0855886328542013,-0.00218077399022973,0.00647642185128099));
#3616=CARTESIAN_POINT('',(0.0851964662160992,-0.00191414487711587,0.00505951318513523));
#3617=CARTESIAN_POINT('',(0.0853170435056698,-0.00191405321311088,0.00518005119433696));
#3618=CARTESIAN_POINT('',(0.0854043457441392,-0.00191839560350982,0.00530241539642101));
#3619=CARTESIAN_POINT('',(0.0855308205326793,-0.00193284761838869,0.00554014559431972));
#3620=CARTESIAN_POINT('',(0.0855703669437894,-0.00194292881248655,0.00565568228104733));
#3621=CARTESIAN_POINT('',(0.0856455191268896,-0.00197855668948196,0.00598781611719194));
#3622=CARTESIAN_POINT('',(0.0856507858601208,-0.00202186198230375,0.0062205090493407));
#3623=CARTESIAN_POINT('',(0.0856392953250441,-0.00205442380600723,0.00647642185128099));
#3624=CARTESIAN_POINT('',(0.0852551126964906,-0.00160098841283709,0.00500086670474383));
#3625=CARTESIAN_POINT('',(0.0853779871448355,-0.00160091007517012,0.0051237222471361));
#3626=CARTESIAN_POINT('',(0.085468045868714,-0.00160222561395116,0.0052508189583355));
#3627=CARTESIAN_POINT('',(0.0856014827740823,-0.00160717359294162,0.0054988573173323));
#3628=CARTESIAN_POINT('',(0.085645521205609,-0.00161078978721845,0.00562005735322522));
#3629=CARTESIAN_POINT('',(0.0857382155375697,-0.00162519873394443,0.00597340597998451));
#3630=CARTESIAN_POINT('',(0.0857548645937493,-0.00164552188195685,0.00621388374718378));
#3631=CARTESIAN_POINT('',(0.0857531468636046,-0.00166490082777361,0.00647642185128098));
#3632=CARTESIAN_POINT('',(0.0852795575499535,-0.00137218811081324,0.00497642185128092));
#3633=CARTESIAN_POINT('',(0.0853898771394037,-0.00137218746961482,0.00508674144073109));
#3634=CARTESIAN_POINT('',(0.085474387355054,-0.00137311243296651,0.00520730365112477));
#3635=CARTESIAN_POINT('',(0.0856044770583787,-0.00137606648434032,0.00545220723979415));
#3636=CARTESIAN_POINT('',(0.085650787758572,-0.00137809557236248,0.00557675424182842));
#3637=CARTESIAN_POINT('',(0.0857548627199767,-0.00138471839678926,0.00595308234105311));
#3638=CARTESIAN_POINT('',(0.0857795575499535,-0.00138984769355478,0.00620875309646559));
#3639=CARTESIAN_POINT('',(0.0857795575499535,-0.00139270273308096,0.00647642185128098));
#3640=CARTESIAN_POINT('',(0.0852795575499535,-0.00112218811081319,0.00497642185128095));
#3641=CARTESIAN_POINT('',(0.0853752092599383,-0.00112218811081325,0.00507207356126574));
#3642=CARTESIAN_POINT('',(0.0854566984059898,-0.00112218811081324,0.00518164303384642));
#3643=CARTESIAN_POINT('',(0.0855886328579881,-0.00112218811081326,0.00541783585574881));
#3644=CARTESIAN_POINT('',(0.0856392970309131,-0.00112218811081334,0.00554419167693263));
#3645=CARTESIAN_POINT('',(0.0857531446061193,-0.00112218811081326,0.00593370204170658));
#3646=CARTESIAN_POINT('',(0.0857795575499535,-0.00112218811081342,0.00620589668361438));
#3647=CARTESIAN_POINT('',(0.0857795575499535,-0.00112218811081342,0.00647642185128098));
#3648=CARTESIAN_POINT('',(0.0857795575499535,-0.00112218811081342,0.00647642185128098));
#3649=CARTESIAN_POINT('',(0.0857795575499535,-0.00112218811083845,0.0058097551846159));
#3650=CARTESIAN_POINT('',(0.085612890883286,-0.00112218811083836,0.00530975518461669));
#3651=CARTESIAN_POINT('',(0.0852795575499511,-0.0011221881108132,0.00497642185128335));
#3652=CARTESIAN_POINT('',(0.0837795575500495,0.0877381928563117,0.00647642185128079));
#3653=CARTESIAN_POINT('',(-0.0268516924500464,0.0877381928563117,0.00647642185128073));
#3654=CARTESIAN_POINT('',(0.0837795575499217,0.0877381928563116,0.00514308851794735));
#3655=CARTESIAN_POINT('',(-0.0268516924501743,0.0877381928563116,0.0051430885179473));
#3656=CARTESIAN_POINT('',(0.0837795575499216,0.0870715261896449,0.00447642185128068));
#3657=CARTESIAN_POINT('',(-0.0268516924501744,0.0870715261896449,0.00447642185128062));
#3658=CARTESIAN_POINT('',(0.0837795575500495,0.0857381928563115,0.00447642185128075));
#3659=CARTESIAN_POINT('',(-0.0268516924500464,0.0857381928563115,0.00447642185128069));
#3660=CARTESIAN_POINT('',(0.0857795575499535,-0.00112218811081343,0.00647642185128098));
#3661=CARTESIAN_POINT('',(0.0857795575499535,0.0857381928563868,0.00647642185128077));
#3662=CARTESIAN_POINT('',(0.0857795575499535,-0.00112218811091382,0.0051430885179539));
#3663=CARTESIAN_POINT('',(0.0857795575499535,0.0857381928562864,0.00514308851795369));
#3664=CARTESIAN_POINT('',(0.0851128908832867,-0.00112218811091382,0.00447642185128721));
#3665=CARTESIAN_POINT('',(0.0851128908832867,0.0857381928562864,0.00447642185128701));
#3666=CARTESIAN_POINT('',(0.0837795575499534,-0.00112218811081343,0.00447642185128095));
#3667=CARTESIAN_POINT('',(0.0837795575499534,0.0857381928563868,0.00447642185128074));
#3668=CARTESIAN_POINT('',(0.0852795575499511,0.0857381928563115,0.00497642185128315));
#3669=CARTESIAN_POINT('',(0.085612890883286,0.0857381928562864,0.00530975518461648));
#3670=CARTESIAN_POINT('',(0.0857795575499535,0.0857381928562865,0.00580975518461569));
#3671=CARTESIAN_POINT('',(0.0857795575499535,0.0857381928563116,0.00647642185128076));
#3672=CARTESIAN_POINT('',(0.0850295575499536,0.0869881928563116,0.00522642185128072));
#3673=CARTESIAN_POINT('',(0.0850712242166202,0.0869048595229783,0.00518475518461405));
#3674=CARTESIAN_POINT('',(0.0851080641764574,0.0868164450865772,0.00514791522477691));
#3675=CARTESIAN_POINT('',(0.0851706851761968,0.086629090136395,0.00508529422503741));
#3676=CARTESIAN_POINT('',(0.0851964662160992,0.0865301496226141,0.00505951318513505));
#3677=CARTESIAN_POINT('',(0.0852551126964906,0.0862169931583354,0.00500086670474365));
#3678=CARTESIAN_POINT('',(0.0852795575499535,0.0859881928563115,0.00497642185128073));
#3679=CARTESIAN_POINT('',(0.0852795575499535,0.0857381928563115,0.00497642185128075));
#3680=CARTESIAN_POINT('',(0.0850712242166202,0.0870298595229783,0.00530975518461406));
#3681=CARTESIAN_POINT('',(0.0851423058295899,0.0869342744692813,0.00528034023831106));
#3682=CARTESIAN_POINT('',(0.0851987479559259,0.086835492966392,0.00525254237884748));
#3683=CARTESIAN_POINT('',(0.0852861249166917,0.0866333780529561,0.00520238973375156));
#3684=CARTESIAN_POINT('',(0.085317043505384,0.086530058760107,0.00518005119405185));
#3685=CARTESIAN_POINT('',(0.0853779871446728,0.0862169161030653,0.00512372224697343));
#3686=CARTESIAN_POINT('',(0.0853898771394037,0.08598819349751,0.00508674144073091));
#3687=CARTESIAN_POINT('',(0.0853752092599383,0.0857381928563116,0.00507207356126557));
#3688=CARTESIAN_POINT('',(0.0851080641764573,0.0870666994828154,0.0053981696210152));
#3689=CARTESIAN_POINT('',(0.0851987479560013,0.0869620723286696,0.00537912190149983));
#3690=CARTESIAN_POINT('',(0.0852675908437771,0.0868552307304955,0.00535938427528255));
#3691=CARTESIAN_POINT('',(0.0853703632188218,0.0866414057463374,0.00532101915771932));
#3692=CARTESIAN_POINT('',(0.0854043460598634,0.0865344011134213,0.00530241603527229));
#3693=CARTESIAN_POINT('',(0.0854680461754277,0.0862182325570667,0.00525081985921855));
#3694=CARTESIAN_POINT('',(0.085474387927533,0.085989119589482,0.00520730466998531));
#3695=CARTESIAN_POINT('',(0.0854566990958614,0.0857381928563115,0.00518164414597946));
#3696=CARTESIAN_POINT('',(0.0851706851761968,0.087129320482555,0.00558552457119729));
#3697=CARTESIAN_POINT('',(0.0852861249170079,0.0870122249735257,0.00558123721568446));
#3698=CARTESIAN_POINT('',(0.085370363067554,0.0868935960871887,0.00557320974897723));
#3699=CARTESIAN_POINT('',(0.0854925868508302,0.0866619665068751,0.00555264906773921));
#3700=CARTESIAN_POINT('',(0.0855308208907213,0.0865488521616611,0.00554014631433205));
#3701=CARTESIAN_POINT('',(0.0856014821327124,0.0862231819236033,0.00549885747743271));
#3702=CARTESIAN_POINT('',(0.0856044768125481,0.0859920756698529,0.00545220686817991));
#3703=CARTESIAN_POINT('',(0.0855886328542013,0.0857381928563116,0.00541783597186451));
#3704=CARTESIAN_POINT('',(0.0851964662160992,0.0871551015224573,0.00568446508497822));
#3705=CARTESIAN_POINT('',(0.0853170435056698,0.0870345635132555,0.00568455674898323));
#3706=CARTESIAN_POINT('',(0.0854043457441392,0.0869121993111715,0.00568021435858426));
#3707=CARTESIAN_POINT('',(0.0855308205326793,0.0866744691132728,0.0056657623437054));
#3708=CARTESIAN_POINT('',(0.0855703669437894,0.0865589324265451,0.00565568114960757));
#3709=CARTESIAN_POINT('',(0.0856455191268896,0.0862267985904006,0.00562005327261215));
#3710=CARTESIAN_POINT('',(0.0856507858601208,0.0859941056582518,0.00557674797979047));
#3711=CARTESIAN_POINT('',(0.0856392953250442,0.0857381928563116,0.00554418615608704));
#3712=CARTESIAN_POINT('',(0.0852551126964906,0.0872137480028487,0.00599762154925696));
#3713=CARTESIAN_POINT('',(0.0853779871448356,0.0870908924604564,0.00599769988692394));
#3714=CARTESIAN_POINT('',(0.085468045868714,0.086963795749257,0.00599638434814287));
#3715=CARTESIAN_POINT('',(0.0856014827740824,0.0867157573902602,0.00599143636915239));
#3716=CARTESIAN_POINT('',(0.0856455212056091,0.0865945573543673,0.0059878201748756));
#3717=CARTESIAN_POINT('',(0.0857382155375697,0.0862412087276081,0.00597341122814954));
#3718=CARTESIAN_POINT('',(0.0857548645937493,0.0860007309604087,0.00595308808013726));
#3719=CARTESIAN_POINT('',(0.0857531468636046,0.0857381928563116,0.00593370913432054));
#3720=CARTESIAN_POINT('',(0.0852795575499536,0.0872381928563116,0.00622642185128078));
#3721=CARTESIAN_POINT('',(0.0853898771394038,0.0871278732668614,0.00622642249247923));
#3722=CARTESIAN_POINT('',(0.085474387355054,0.0870073110564678,0.00622549752912751));
#3723=CARTESIAN_POINT('',(0.0856044770583788,0.0867624074677983,0.00622254347775369));
#3724=CARTESIAN_POINT('',(0.085650787758572,0.0866378604657641,0.0062205143897316));
#3725=CARTESIAN_POINT('',(0.0857548627199766,0.0862615323665396,0.00621389156530474));
#3726=CARTESIAN_POINT('',(0.0857795575499535,0.086005861611127,0.00620876226853938));
#3727=CARTESIAN_POINT('',(0.0857795575499535,0.0857381928563116,0.00620590722901322));
#3728=CARTESIAN_POINT('',(0.0852795575499536,0.0872381928563116,0.0064764218512808));
#3729=CARTESIAN_POINT('',(0.0853752092599384,0.0871425411463268,0.00647642185128079));
#3730=CARTESIAN_POINT('',(0.0854566984059899,0.0870329716737462,0.00647642185128079));
#3731=CARTESIAN_POINT('',(0.0855886328579882,0.0867967788518436,0.00647642185128078));
#3732=CARTESIAN_POINT('',(0.0856392970309131,0.0866704230306599,0.00647642185128078));
#3733=CARTESIAN_POINT('',(0.0857531446061193,0.0862809126658862,0.00647642185128077));
#3734=CARTESIAN_POINT('',(0.0857795575499535,0.0860087180239782,0.00647642185128076));
#3735=CARTESIAN_POINT('',(0.0857795575499535,0.0857381928563116,0.00647642185128076));
#3736=CARTESIAN_POINT('',(0.0857795575499535,0.0857381928563116,0.00647642185128076));
#3737=CARTESIAN_POINT('',(0.0857795575499535,0.0864048595229783,0.00647642185128075));
#3738=CARTESIAN_POINT('',(0.0856128908832869,0.0869048595229783,0.00647642185128078));
#3739=CARTESIAN_POINT('',(0.0852795575499536,0.0872381928563116,0.0064764218512808));
#3740=CARTESIAN_POINT('',(0.0837795575499534,0.0877381928563117,0.0494764218512808));
#3741=CARTESIAN_POINT('',(0.0837795575499534,0.0877381928563117,0.00647642185128075));
#3742=CARTESIAN_POINT('',(0.0851128908832868,0.0877381928563117,0.0494764218512809));
#3743=CARTESIAN_POINT('',(0.0851128908832868,0.0877381928563117,0.00647642185128077));
#3744=CARTESIAN_POINT('',(0.0857795575499536,0.0870715261896451,0.0494764218512808));
#3745=CARTESIAN_POINT('',(0.0857795575499536,0.0870715261896451,0.00647642185128073));
#3746=CARTESIAN_POINT('',(0.0857795575499535,0.0857381928563116,0.0494764218512809));
#3747=CARTESIAN_POINT('',(0.0857795575499535,0.0857381928563116,0.00647642185128078));
#3748=CARTESIAN_POINT('',(-0.0094736102242244,-0.00312218811081352,0.0063264218512809));
#3749=CARTESIAN_POINT('',(-0.00947361022422441,-0.00312218811081352,0.031626421851281));
#3750=CARTESIAN_POINT('',(-0.00880694355755771,-0.00312218811081352,0.00632642185128089));
#3751=CARTESIAN_POINT('',(-0.00880694355755772,-0.00312218811081352,0.0316264218512809));
#3752=CARTESIAN_POINT('',(-0.00847361022422437,-0.00278885477748018,0.0063264218512809));
#3753=CARTESIAN_POINT('',(-0.00847361022422438,-0.00278885477748018,0.031626421851281));
#3754=CARTESIAN_POINT('',(-0.00847361022422438,-0.00212218811081349,0.0063264218512809));
#3755=CARTESIAN_POINT('',(-0.00847361022422439,-0.00212218811081349,0.031626421851281));
#3756=CARTESIAN_POINT('',(-0.00947361022422327,-0.00312218811081352,0.0064764218512809));
#3757=CARTESIAN_POINT('',(-0.00880694355750215,-0.00312218811081315,0.00714308851794756));
#3758=CARTESIAN_POINT('',(-0.00847361022422439,-0.00278885477742463,0.0074764218512809));
#3759=CARTESIAN_POINT('',(-0.00847361022422438,-0.00212218811081354,0.0074764218512809));
#3760=CARTESIAN_POINT('',(-0.00847361022422439,-0.00212218811081349,0.0304764218512809));
#3761=CARTESIAN_POINT('',(-0.00847361022422439,-0.00278885477745839,0.0304764218512809));
#3762=CARTESIAN_POINT('',(-0.00880694355753592,-0.00312218811081352,0.0308097551846142));
#3763=CARTESIAN_POINT('',(-0.00947361022422439,-0.00312218811081352,0.0314764218512809));
#3764=CARTESIAN_POINT('',(-0.0099305102242244,-0.00312218811081348,0.0314764218512809));
#3765=CARTESIAN_POINT('',(0.0671332897757756,-0.00312218811081348,0.0314764218512809));
#3766=CARTESIAN_POINT('',(-0.00993051022422439,-0.00312218811081349,0.0308097551846143));
#3767=CARTESIAN_POINT('',(0.0671332897757756,-0.00312218811081349,0.0308097551846143));
#3768=CARTESIAN_POINT('',(-0.00993051022422437,-0.00278885477748015,0.0304764218512809));
#3769=CARTESIAN_POINT('',(0.0671332897757756,-0.00278885477748015,0.0304764218512809));
#3770=CARTESIAN_POINT('',(-0.0099305102242244,-0.00212218811081345,0.0304764218512809));
#3771=CARTESIAN_POINT('',(0.0671332897757756,-0.00212218811081345,0.0304764218512809));
#3772=CARTESIAN_POINT('',(0.0656763897757756,-0.00212218811081349,0.0304764218512809));
#3773=CARTESIAN_POINT('',(0.0656763897757756,-0.00278885477747792,0.0304764218512809));
#3774=CARTESIAN_POINT('',(0.0660097231091089,-0.00312218811081348,0.030809755184612));
#3775=CARTESIAN_POINT('',(0.0666763897757756,-0.00312218811081349,0.0314764218512809));
#3776=CARTESIAN_POINT('',(0.0671332897757764,-0.00312218811081353,0.00647642185128094));
#3777=CARTESIAN_POINT('',(-0.00993051022422327,-0.00312218811081353,0.0064764218512809));
#3778=CARTESIAN_POINT('',(0.0671332897757764,-0.00312218811081354,0.00714308851794761));
#3779=CARTESIAN_POINT('',(-0.00993051022422324,-0.00312218811081354,0.00714308851794758));
#3780=CARTESIAN_POINT('',(0.0671332897757764,-0.0027888547774802,0.00747642185128095));
#3781=CARTESIAN_POINT('',(-0.00993051022422325,-0.0027888547774802,0.00747642185128091));
#3782=CARTESIAN_POINT('',(0.0671332897757764,-0.0021221881108135,0.00747642185128094));
#3783=CARTESIAN_POINT('',(-0.00993051022422328,-0.0021221881108135,0.0074764218512809));
#3784=CARTESIAN_POINT('',(0.0666763897757756,-0.00312218811081354,0.00647642185128097));
#3785=CARTESIAN_POINT('',(0.0660097231091089,-0.00312218811081352,0.00714308851777338));
#3786=CARTESIAN_POINT('',(0.0656763897757756,-0.00278885477765443,0.00747642185128093));
#3787=CARTESIAN_POINT('',(0.0656763897757756,-0.00212218811081354,0.00747642185128094));
#3788=CARTESIAN_POINT('',(0.0666763897757756,-0.00312218811081351,0.031626421851281));
#3789=CARTESIAN_POINT('',(0.0666763897757756,-0.00312218811081351,0.00632642185128098));
#3790=CARTESIAN_POINT('',(0.066009723109109,-0.00312218811081352,0.031626421851281));
#3791=CARTESIAN_POINT('',(0.066009723109109,-0.00312218811081352,0.00632642185128098));
#3792=CARTESIAN_POINT('',(0.0656763897757756,-0.00278885477748018,0.0316264218512809));
#3793=CARTESIAN_POINT('',(0.0656763897757756,-0.00278885477748018,0.00632642185128096));
#3794=CARTESIAN_POINT('',(0.0656763897757756,-0.00212218811081348,0.0316264218512809));
#3795=CARTESIAN_POINT('',(0.0656763897757756,-0.00212218811081348,0.00632642185128097));
#3796=CARTESIAN_POINT('',(0.0837795575499535,0.0712381928563118,0.0404764218512808));
#3797=CARTESIAN_POINT('',(0.0837795575499535,0.0687381928563118,0.0404764218512808));
#3798=CARTESIAN_POINT('',(0.0837795575499535,0.0687381928563118,0.0404764218512808));
#3799=CARTESIAN_POINT('',(0.0837795575499535,0.0712381928563118,0.0404764218512808));
#3800=CARTESIAN_POINT('',(0.0837795575499535,0.0737381928563118,0.0404764218512808));
#3801=CARTESIAN_POINT('',(0.0837795575499535,0.0737381928563118,0.0404764218512808));
#3802=CARTESIAN_POINT('',(0.0837795575499535,0.0712381928563118,0.0279764218512808));
#3803=CARTESIAN_POINT('',(0.0837795575499535,0.0737381928563117,0.0154764218512808));
#3804=CARTESIAN_POINT('',(0.0837795575499535,0.0737381928563117,0.0154764218512808));
#3805=CARTESIAN_POINT('',(0.0837795575499535,0.0712381928563118,0.0279764218512808));
#3806=CARTESIAN_POINT('',(0.0837795575499535,0.0737381928563118,0.0279764218512808));
#3807=CARTESIAN_POINT('',(0.0837795575499535,0.0737381928563118,0.0279764218512808));
#3808=CARTESIAN_POINT('',(0.0837795575499535,0.0423080023727491,0.0279764218512809));
#3809=CARTESIAN_POINT('',(0.0837795575499534,0.0337381928563118,0.0404764218512808));
#3810=CARTESIAN_POINT('',(0.0837795575499534,0.0287381928563118,0.0404764218512809));
#3811=CARTESIAN_POINT('',(0.0837795575499534,0.0287381928563118,0.0404764218512809));
#3812=CARTESIAN_POINT('',(0.0837795575499534,0.0337381928563118,0.0404764218512808));
#3813=CARTESIAN_POINT('',(0.0837795575499534,0.0387381928563118,0.0404764218512808));
#3814=CARTESIAN_POINT('',(0.0837795575499534,0.0387381928563118,0.0404764218512808));
#3815=CARTESIAN_POINT('',(0.0837795575499535,0.0312381928563118,0.0279764218512809));
#3816=CARTESIAN_POINT('',(0.0837795575499535,0.0337381928563117,0.0154764218512809));
#3817=CARTESIAN_POINT('',(0.0837795575499535,0.0337381928563117,0.0154764218512809));
#3818=CARTESIAN_POINT('',(0.0837795575499535,0.0312381928563118,0.0279764218512809));
#3819=CARTESIAN_POINT('',(0.0837795575499535,0.0362381928563118,0.0279764218512809));
#3820=CARTESIAN_POINT('',(0.0837795575499535,0.0362381928563118,0.0279764218512809));
#3821=CARTESIAN_POINT('',(0.0837795575499535,0.0423080023727491,0.0279764218512809));
#3822=CARTESIAN_POINT('',(0.0837795575499535,0.0537381928563118,0.0404764218512808));
#3823=CARTESIAN_POINT('',(0.0837795575499535,0.0487381928563118,0.0404764218512808));
#3824=CARTESIAN_POINT('',(0.0837795575499535,0.0487381928563118,0.0404764218512808));
#3825=CARTESIAN_POINT('',(0.0837795575499535,0.0537381928563118,0.0404764218512808));
#3826=CARTESIAN_POINT('',(0.0837795575499535,0.0587381928563118,0.0404764218512808));
#3827=CARTESIAN_POINT('',(0.0837795575499535,0.0587381928563118,0.0404764218512808));
#3828=CARTESIAN_POINT('',(0.0837795575499535,0.0512381928563118,0.0279764218512809));
#3829=CARTESIAN_POINT('',(0.0837795575499535,0.0537381928563117,0.0154764218512808));
#3830=CARTESIAN_POINT('',(0.0837795575499535,0.0537381928563117,0.0154764218512808));
#3831=CARTESIAN_POINT('',(0.0837795575499535,0.0512381928563118,0.0279764218512809));
#3832=CARTESIAN_POINT('',(0.0837795575499535,0.0562381928563118,0.0279764218512808));
#3833=CARTESIAN_POINT('',(0.0837795575499535,0.0562381928563118,0.0279764218512808));
#3834=CARTESIAN_POINT('',(0.0837795575499535,0.0423080023727491,0.0279764218512809));
#3835=CARTESIAN_POINT('',(0.0837795575499535,0.0637381928563117,0.0154764218512808));
#3836=CARTESIAN_POINT('',(0.0837795575499535,0.0687381928563117,0.0154764218512808));
#3837=CARTESIAN_POINT('',(0.0837795575499535,0.0687381928563117,0.0154764218512808));
#3838=CARTESIAN_POINT('',(0.0837795575499535,0.0637381928563117,0.0154764218512808));
#3839=CARTESIAN_POINT('',(0.0837795575499535,0.0587381928563117,0.0154764218512808));
#3840=CARTESIAN_POINT('',(0.0837795575499535,0.0587381928563117,0.0154764218512808));
#3841=CARTESIAN_POINT('',(0.0837795575499535,0.0662381928563118,0.0279764218512808));
#3842=CARTESIAN_POINT('',(0.0837795575499535,0.0637381928563118,0.0404764218512808));
#3843=CARTESIAN_POINT('',(0.0837795575499535,0.0637381928563118,0.0404764218512808));
#3844=CARTESIAN_POINT('',(0.0837795575499535,0.0662381928563118,0.0279764218512808));
#3845=CARTESIAN_POINT('',(0.0837795575499535,0.0612381928563118,0.0279764218512808));
#3846=CARTESIAN_POINT('',(0.0837795575499535,0.0612381928563118,0.0279764218512808));
#3847=CARTESIAN_POINT('',(0.0837795575499535,0.0423080023727491,0.0279764218512809));
#3848=CARTESIAN_POINT('',(0.0837795575499535,0.0437381928563117,0.0154764218512809));
#3849=CARTESIAN_POINT('',(0.0837795575499535,0.0487381928563117,0.0154764218512809));
#3850=CARTESIAN_POINT('',(0.0837795575499535,0.0487381928563117,0.0154764218512809));
#3851=CARTESIAN_POINT('',(0.0837795575499535,0.0437381928563117,0.0154764218512809));
#3852=CARTESIAN_POINT('',(0.0837795575499535,0.0387381928563117,0.0154764218512809));
#3853=CARTESIAN_POINT('',(0.0837795575499535,0.0387381928563117,0.0154764218512809));
#3854=CARTESIAN_POINT('',(0.0837795575499535,0.0462381928563118,0.0279764218512809));
#3855=CARTESIAN_POINT('',(0.0837795575499535,0.0437381928563118,0.0404764218512808));
#3856=CARTESIAN_POINT('',(0.0837795575499535,0.0437381928563118,0.0404764218512808));
#3857=CARTESIAN_POINT('',(0.0837795575499535,0.0462381928563118,0.0279764218512809));
#3858=CARTESIAN_POINT('',(0.0837795575499535,0.0412381928563117,0.0279764218512809));
#3859=CARTESIAN_POINT('',(0.0837795575499535,0.0412381928563117,0.0279764218512809));
#3860=CARTESIAN_POINT('',(0.0837795575499535,0.0423080023727491,0.0279764218512809));
#3861=CARTESIAN_POINT('',(0.0837795575499535,0.0237381928563117,0.0279764218512809));
#3862=CARTESIAN_POINT('',(0.0837795575499535,0.0237381928563117,0.0154764218512809));
#3863=CARTESIAN_POINT('',(0.0837795575499535,0.0237381928563117,0.0154764218512809));
#3864=CARTESIAN_POINT('',(0.0837795575499535,0.0237381928563117,0.0279764218512809));
#3865=CARTESIAN_POINT('',(0.0837795575499534,0.0237381928563118,0.0404764218512809));
#3866=CARTESIAN_POINT('',(0.0837795575499534,0.0237381928563118,0.0404764218512809));
#3867=CARTESIAN_POINT('',(0.0837795575499535,0.0262381928563118,0.0154764218512809));
#3868=CARTESIAN_POINT('',(0.0837795575499535,0.0287381928563117,0.0154764218512809));
#3869=CARTESIAN_POINT('',(0.0837795575499535,0.0287381928563117,0.0154764218512809));
#3870=CARTESIAN_POINT('',(0.0837795575499535,0.0262381928563118,0.0154764218512809));
#3871=CARTESIAN_POINT('',(0.0837795575499535,0.0262381928563118,0.0279764218512809));
#3872=CARTESIAN_POINT('',(0.0837795575499535,0.0262381928563118,0.0279764218512809));
#3873=CARTESIAN_POINT('',(0.0837795575499535,0.0423080023727491,0.0279764218512809));
#3874=CARTESIAN_POINT('',(-0.0208516924500466,0.0712381928563118,0.0404764218512807));
#3875=CARTESIAN_POINT('',(-0.0208516924500466,0.0737381928563118,0.0404764218512807));
#3876=CARTESIAN_POINT('',(-0.0208516924500466,0.0687381928563118,0.0404764218512807));
#3877=CARTESIAN_POINT('',(-0.0208516924500466,0.0737381928563118,0.0279764218512807));
#3878=CARTESIAN_POINT('',(-0.0208516924500466,0.0737381928563118,0.0154764218512807));
#3879=CARTESIAN_POINT('',(-0.0208516924500466,0.0737381928563118,0.0154764218512807));
#3880=CARTESIAN_POINT('',(-0.0208516924500466,0.0737381928563118,0.0279764218512807));
#3881=CARTESIAN_POINT('',(-0.0208516924500466,0.0712381928563118,0.0279764218512807));
#3882=CARTESIAN_POINT('',(-0.0208516924500466,0.0712381928563118,0.0279764218512807));
#3883=CARTESIAN_POINT('',(-0.0208516924500466,0.0423080023727486,0.0279764218512808));
#3884=CARTESIAN_POINT('',(-0.0208516924500466,0.0462381928563117,0.0279764218512808));
#3885=CARTESIAN_POINT('',(-0.0208516924500466,0.0487381928563117,0.0154764218512807));
#3886=CARTESIAN_POINT('',(-0.0208516924500466,0.0437381928563118,0.0404764218512808));
#3887=CARTESIAN_POINT('',(-0.0208516924500466,0.0437381928563117,0.0154764218512808));
#3888=CARTESIAN_POINT('',(-0.0208516924500466,0.0387381928563117,0.0154764218512808));
#3889=CARTESIAN_POINT('',(-0.0208516924500466,0.0412381928563117,0.0279764218512808));
#3890=CARTESIAN_POINT('',(-0.0208516924500466,0.0362381928563117,0.0279764218512808));
#3891=CARTESIAN_POINT('',(-0.0208516924500466,0.0337381928563117,0.0154764218512808));
#3892=CARTESIAN_POINT('',(-0.0208516924500466,0.0387381928563118,0.0404764218512808));
#3893=CARTESIAN_POINT('',(-0.0208516924500466,0.0312381928563118,0.0279764218512808));
#3894=CARTESIAN_POINT('',(-0.0208516924500466,0.0287381928563118,0.0404764218512808));
#3895=CARTESIAN_POINT('',(-0.0208516924500466,0.0337381928563118,0.0404764218512808));
#3896=CARTESIAN_POINT('',(-0.0208516924500466,0.0262381928563118,0.0279764218512809));
#3897=CARTESIAN_POINT('',(-0.0208516924500466,0.0287381928563117,0.0154764218512808));
#3898=CARTESIAN_POINT('',(-0.0208516924500466,0.0237381928563118,0.0404764218512808));
#3899=CARTESIAN_POINT('',(-0.0208516924500466,0.0262381928563117,0.0154764218512809));
#3900=CARTESIAN_POINT('',(-0.0208516924500466,0.0237381928563117,0.0154764218512809));
#3901=CARTESIAN_POINT('',(-0.0208516924500466,0.0237381928563117,0.0279764218512809));
#3902=CARTESIAN_POINT('',(-0.0208516924500466,0.0662381928563118,0.0279764218512807));
#3903=CARTESIAN_POINT('',(-0.0208516924500466,0.0687381928563117,0.0154764218512807));
#3904=CARTESIAN_POINT('',(-0.0208516924500466,0.0637381928563118,0.0404764218512808));
#3905=CARTESIAN_POINT('',(-0.0208516924500466,0.0637381928563117,0.0154764218512807));
#3906=CARTESIAN_POINT('',(-0.0208516924500466,0.0587381928563117,0.0154764218512807));
#3907=CARTESIAN_POINT('',(-0.0208516924500466,0.0612381928563117,0.0279764218512808));
#3908=CARTESIAN_POINT('',(-0.0208516924500466,0.0512381928563117,0.0279764218512808));
#3909=CARTESIAN_POINT('',(-0.0208516924500466,0.0487381928563118,0.0404764218512808));
#3910=CARTESIAN_POINT('',(-0.0208516924500466,0.0537381928563117,0.0154764218512807));
#3911=CARTESIAN_POINT('',(-0.0208516924500466,0.0537381928563118,0.0404764218512808));
#3912=CARTESIAN_POINT('',(-0.0208516924500466,0.0587381928563118,0.0404764218512808));
#3913=CARTESIAN_POINT('',(-0.0208516924500466,0.0562381928563118,0.0279764218512808));
#3914=MECHANICAL_DESIGN_GEOMETRIC_PRESENTATION_REPRESENTATION('',(#1841),
#3915);
#3915=(
GEOMETRIC_REPRESENTATION_CONTEXT(3)
GLOBAL_UNCERTAINTY_ASSIGNED_CONTEXT((#3916))
GLOBAL_UNIT_ASSIGNED_CONTEXT((#3919,#3918,#3917))
REPRESENTATION_CONTEXT('Part 1','TOP_LEVEL_ASSEMBLY_PART')
);
#3916=UNCERTAINTY_MEASURE_WITH_UNIT(LENGTH_MEASURE(2.00000000212052E-5),
#3919,'DISTANCE_ACCURACY_VALUE','Maximum Tolerance applied to model');
#3917=(
NAMED_UNIT(*)
SI_UNIT($,.STERADIAN.)
SOLID_ANGLE_UNIT()
);
#3918=(
NAMED_UNIT(*)
PLANE_ANGLE_UNIT()
SI_UNIT($,.RADIAN.)
);
#3919=(
LENGTH_UNIT()
NAMED_UNIT(*)
SI_UNIT($,.METRE.)
);
#3920=PRODUCT_DEFINITION_SHAPE('','',#3921);
#3921=PRODUCT_DEFINITION('','',#3923,#3922);
#3922=PRODUCT_DEFINITION_CONTEXT('',#3929,'design');
#3923=PRODUCT_DEFINITION_FORMATION_WITH_SPECIFIED_SOURCE('','',#3925,
 .NOT_KNOWN.);
#3924=PRODUCT_RELATED_PRODUCT_CATEGORY('','',(#3925));
#3925=PRODUCT('Part 1','Part 1','Part 1',(#3927));
#3926=PRODUCT_CATEGORY('','');
#3927=PRODUCT_CONTEXT('',#3929,'mechanical');
#3928=APPLICATION_PROTOCOL_DEFINITION('international standard',
'ap242_managed_model_based_3d_engineering',2020,#3929);
#3929=APPLICATION_CONTEXT('managed model based 3d engineering');
ENDSEC;
END-ISO-10303-21;
