ISO-10303-21;
HEADER;
/* Generated by software containing ST-Developer
 * from STEP Tools, Inc. (www.steptools.com) 
 */
/* OPTION: using custom renumber hook */

FILE_DESCRIPTION(
/* description */ ('STEP AP242 Edition 2',
'CAx-IF Rec.Pracs.---Representation and Presentation of Product Manufa
cturing Information (PMI)---4.0---2014-10-13',
'CAx-IF Rec.Pracs.---3D Tessellated Geometry---0.4---2014-09-14','2;1',
'CAx-IF Rec.Pracs.---User Defined Attributes---1.5---2016-08-15'),
/* implementation_level */ '2;1');

FILE_NAME(
/* name */ 'Part Studio 2 - Part 2',
/* time_stamp */ '2026-09-17T18:46:23Z',
/* author */ (''),
/* organization */ (''),
/* preprocessor_version */ 'ST-DEVELOPER v20',
/* originating_system */ 'ONSHAPE BY PTC INC, 1.220',
/* authorisation */ '  ');

FILE_SCHEMA (('AP242_MANAGED_MODEL_BASED_3D_ENGINEERING_MIM_LF { 1 0 10303 442 3 1 4 }'));
ENDSEC;

DATA;
#10=SHAPE_REPRESENTATION_RELATIONSHIP('','',#1252,#11);
#11=ADVANCED_BREP_SHAPE_REPRESENTATION('',(#1250),#2910);
#12=B_SPLINE_SURFACE_WITH_KNOTS('',3,3,((#1808,#1809,#1810,#1811,#1812,
#1813,#1814,#1815),(#1816,#1817,#1818,#1819,#1820,#1821,#1822,#1823),(#1824,
#1825,#1826,#1827,#1828,#1829,#1830,#1831),(#1832,#1833,#1834,#1835,#1836,
#1837,#1838,#1839),(#1840,#1841,#1842,#1843,#1844,#1845,#1846,#1847),(#1848,
#1849,#1850,#1851,#1852,#1853,#1854,#1855),(#1856,#1857,#1858,#1859,#1860,
#1861,#1862,#1863),(#1864,#1865,#1866,#1867,#1868,#1869,#1870,#1871)),
 .UNSPECIFIED.,.F.,.F.,.F.,(4,2,2,4),(4,2,2,4),(0.,0.25,0.5,1.),(0.,0.25,
0.5,1.),.UNSPECIFIED.);
#13=B_SPLINE_SURFACE_WITH_KNOTS('',3,3,((#1899,#1900,#1901,#1902,#1903,
#1904,#1905,#1906),(#1907,#1908,#1909,#1910,#1911,#1912,#1913,#1914),(#1915,
#1916,#1917,#1918,#1919,#1920,#1921,#1922),(#1923,#1924,#1925,#1926,#1927,
#1928,#1929,#1930),(#1931,#1932,#1933,#1934,#1935,#1936,#1937,#1938),(#1939,
#1940,#1941,#1942,#1943,#1944,#1945,#1946),(#1947,#1948,#1949,#1950,#1951,
#1952,#1953,#1954),(#1955,#1956,#1957,#1958,#1959,#1960,#1961,#1962)),
 .UNSPECIFIED.,.F.,.F.,.F.,(4,2,2,4),(4,2,2,4),(0.,0.25,0.5,1.),(0.,0.25,
0.5,1.),.UNSPECIFIED.);
#14=B_SPLINE_SURFACE_WITH_KNOTS('',3,3,((#1980,#1981,#1982,#1983,#1984,
#1985,#1986,#1987),(#1988,#1989,#1990,#1991,#1992,#1993,#1994,#1995),(#1996,
#1997,#1998,#1999,#2000,#2001,#2002,#2003),(#2004,#2005,#2006,#2007,#2008,
#2009,#2010,#2011),(#2012,#2013,#2014,#2015,#2016,#2017,#2018,#2019),(#2020,
#2021,#2022,#2023,#2024,#2025,#2026,#2027),(#2028,#2029,#2030,#2031,#2032,
#2033,#2034,#2035),(#2036,#2037,#2038,#2039,#2040,#2041,#2042,#2043)),
 .UNSPECIFIED.,.F.,.F.,.F.,(4,2,2,4),(4,2,2,4),(0.,0.25,0.5,1.),(0.,0.25,
0.5,1.),.UNSPECIFIED.);
#15=B_SPLINE_SURFACE_WITH_KNOTS('',3,3,((#2071,#2072,#2073,#2074,#2075,
#2076,#2077,#2078),(#2079,#2080,#2081,#2082,#2083,#2084,#2085,#2086),(#2087,
#2088,#2089,#2090,#2091,#2092,#2093,#2094),(#2095,#2096,#2097,#2098,#2099,
#2100,#2101,#2102),(#2103,#2104,#2105,#2106,#2107,#2108,#2109,#2110),(#2111,
#2112,#2113,#2114,#2115,#2116,#2117,#2118),(#2119,#2120,#2121,#2122,#2123,
#2124,#2125,#2126),(#2127,#2128,#2129,#2130,#2131,#2132,#2133,#2134)),
 .UNSPECIFIED.,.F.,.F.,.F.,(4,2,2,4),(4,2,2,4),(0.,0.25,0.5,1.),(0.,0.25,
0.5,1.),.UNSPECIFIED.);
#16=B_SPLINE_SURFACE_WITH_KNOTS('',3,3,((#2152,#2153,#2154,#2155,#2156,
#2157,#2158,#2159),(#2160,#2161,#2162,#2163,#2164,#2165,#2166,#2167),(#2168,
#2169,#2170,#2171,#2172,#2173,#2174,#2175),(#2176,#2177,#2178,#2179,#2180,
#2181,#2182,#2183),(#2184,#2185,#2186,#2187,#2188,#2189,#2190,#2191),(#2192,
#2193,#2194,#2195,#2196,#2197,#2198,#2199),(#2200,#2201,#2202,#2203,#2204,
#2205,#2206,#2207),(#2208,#2209,#2210,#2211,#2212,#2213,#2214,#2215)),
 .UNSPECIFIED.,.F.,.F.,.F.,(4,2,2,4),(4,2,2,4),(0.,0.25,0.5,1.),(0.,0.25,
0.5,1.),.UNSPECIFIED.);
#17=B_SPLINE_SURFACE_WITH_KNOTS('',3,3,((#2243,#2244,#2245,#2246,#2247,
#2248,#2249,#2250),(#2251,#2252,#2253,#2254,#2255,#2256,#2257,#2258),(#2259,
#2260,#2261,#2262,#2263,#2264,#2265,#2266),(#2267,#2268,#2269,#2270,#2271,
#2272,#2273,#2274),(#2275,#2276,#2277,#2278,#2279,#2280,#2281,#2282),(#2283,
#2284,#2285,#2286,#2287,#2288,#2289,#2290),(#2291,#2292,#2293,#2294,#2295,
#2296,#2297,#2298),(#2299,#2300,#2301,#2302,#2303,#2304,#2305,#2306)),
 .UNSPECIFIED.,.F.,.F.,.F.,(4,2,2,4),(4,2,2,4),(0.,0.25,0.5,1.),(0.,0.25,
0.5,1.),.UNSPECIFIED.);
#18=B_SPLINE_SURFACE_WITH_KNOTS('',3,3,((#2324,#2325,#2326,#2327,#2328,
#2329,#2330,#2331),(#2332,#2333,#2334,#2335,#2336,#2337,#2338,#2339),(#2340,
#2341,#2342,#2343,#2344,#2345,#2346,#2347),(#2348,#2349,#2350,#2351,#2352,
#2353,#2354,#2355),(#2356,#2357,#2358,#2359,#2360,#2361,#2362,#2363),(#2364,
#2365,#2366,#2367,#2368,#2369,#2370,#2371),(#2372,#2373,#2374,#2375,#2376,
#2377,#2378,#2379),(#2380,#2381,#2382,#2383,#2384,#2385,#2386,#2387)),
 .UNSPECIFIED.,.F.,.F.,.F.,(4,2,2,4),(4,2,2,4),(0.,0.25,0.5,1.),(0.,0.25,
0.5,1.),.UNSPECIFIED.);
#19=B_SPLINE_SURFACE_WITH_KNOTS('',3,3,((#2415,#2416,#2417,#2418,#2419,
#2420,#2421,#2422),(#2423,#2424,#2425,#2426,#2427,#2428,#2429,#2430),(#2431,
#2432,#2433,#2434,#2435,#2436,#2437,#2438),(#2439,#2440,#2441,#2442,#2443,
#2444,#2445,#2446),(#2447,#2448,#2449,#2450,#2451,#2452,#2453,#2454),(#2455,
#2456,#2457,#2458,#2459,#2460,#2461,#2462),(#2463,#2464,#2465,#2466,#2467,
#2468,#2469,#2470),(#2471,#2472,#2473,#2474,#2475,#2476,#2477,#2478)),
 .UNSPECIFIED.,.F.,.F.,.F.,(4,2,2,4),(4,2,2,4),(0.,0.25,0.5,1.),(0.,0.25,
0.5,1.),.UNSPECIFIED.);
#20=B_SPLINE_SURFACE_WITH_KNOTS('',3,1,((#2496,#2497),(#2498,#2499),(#2500,
#2501),(#2502,#2503)),.SURF_OF_LINEAR_EXTRUSION.,.F.,.F.,.F.,(4,4),(2,2),
(-8.54618177969664E-14,1.00000000000005),(0.,1.),
 .PIECEWISE_BEZIER_KNOTS.);
#21=B_SPLINE_SURFACE_WITH_KNOTS('',3,1,((#2504,#2505),(#2506,#2507),(#2508,
#2509),(#2510,#2511)),.SURF_OF_LINEAR_EXTRUSION.,.F.,.F.,.F.,(4,4),(2,2),
(-6.01387826483231E-15,1.00000000000002),(0.,1.),
 .PIECEWISE_BEZIER_KNOTS.);
#22=B_SPLINE_SURFACE_WITH_KNOTS('',3,1,((#2516,#2517),(#2518,#2519),(#2520,
#2521),(#2522,#2523)),.SURF_OF_LINEAR_EXTRUSION.,.F.,.F.,.F.,(4,4),(2,2),
(-4.16375759350112E-14,1.),(0.,1.),.PIECEWISE_BEZIER_KNOTS.);
#23=B_SPLINE_SURFACE_WITH_KNOTS('',3,3,((#2528,#2529,#2530,#2531,#2532,
#2533,#2534,#2535),(#2536,#2537,#2538,#2539,#2540,#2541,#2542,#2543),(#2544,
#2545,#2546,#2547,#2548,#2549,#2550,#2551),(#2552,#2553,#2554,#2555,#2556,
#2557,#2558,#2559),(#2560,#2561,#2562,#2563,#2564,#2565,#2566,#2567),(#2568,
#2569,#2570,#2571,#2572,#2573,#2574,#2575),(#2576,#2577,#2578,#2579,#2580,
#2581,#2582,#2583),(#2584,#2585,#2586,#2587,#2588,#2589,#2590,#2591)),
 .UNSPECIFIED.,.F.,.F.,.F.,(4,2,2,4),(4,2,2,4),(0.,0.25,0.5,1.),(0.,0.25,
0.5,1.),.UNSPECIFIED.);
#24=B_SPLINE_SURFACE_WITH_KNOTS('',3,3,((#2596,#2597,#2598,#2599,#2600,
#2601,#2602,#2603),(#2604,#2605,#2606,#2607,#2608,#2609,#2610,#2611),(#2612,
#2613,#2614,#2615,#2616,#2617,#2618,#2619),(#2620,#2621,#2622,#2623,#2624,
#2625,#2626,#2627),(#2628,#2629,#2630,#2631,#2632,#2633,#2634,#2635),(#2636,
#2637,#2638,#2639,#2640,#2641,#2642,#2643),(#2644,#2645,#2646,#2647,#2648,
#2649,#2650,#2651),(#2652,#2653,#2654,#2655,#2656,#2657,#2658,#2659)),
 .UNSPECIFIED.,.F.,.F.,.F.,(4,2,2,4),(4,2,2,4),(0.,0.25,0.5,1.),(0.,0.25,
0.5,1.),.UNSPECIFIED.);
#25=B_SPLINE_SURFACE_WITH_KNOTS('',3,1,((#2664,#2665),(#2666,#2667),(#2668,
#2669),(#2670,#2671)),.SURF_OF_LINEAR_EXTRUSION.,.F.,.F.,.F.,(4,4),(2,2),
(-1.16594535264549E-14,0.99999999999999),(0.,1.),
 .PIECEWISE_BEZIER_KNOTS.);
#26=B_SPLINE_SURFACE_WITH_KNOTS('',3,1,((#2672,#2673),(#2674,#2675),(#2676,
#2677),(#2678,#2679)),.SURF_OF_LINEAR_EXTRUSION.,.F.,.F.,.F.,(4,4),(2,2),
(-9.72020975503971E-15,1.0000000000001),(0.,1.),
 .PIECEWISE_BEZIER_KNOTS.);
#27=B_SPLINE_SURFACE_WITH_KNOTS('',3,1,((#2684,#2685),(#2686,#2687),(#2688,
#2689),(#2690,#2691)),.SURF_OF_LINEAR_EXTRUSION.,.F.,.F.,.F.,(4,4),(2,2),
(-7.61193512678339E-15,1.00000000000013),(0.,1.),
 .PIECEWISE_BEZIER_KNOTS.);
#28=B_SPLINE_SURFACE_WITH_KNOTS('',3,1,((#2692,#2693),(#2694,#2695),(#2696,
#2697),(#2698,#2699)),.SURF_OF_LINEAR_EXTRUSION.,.F.,.F.,.F.,(4,4),(2,2),
(-1.21435051738135E-13,1.00000000000015),(0.,1.),
 .PIECEWISE_BEZIER_KNOTS.);
#29=B_SPLINE_SURFACE_WITH_KNOTS('',3,3,((#2704,#2705,#2706,#2707,#2708,
#2709,#2710,#2711),(#2712,#2713,#2714,#2715,#2716,#2717,#2718,#2719),(#2720,
#2721,#2722,#2723,#2724,#2725,#2726,#2727),(#2728,#2729,#2730,#2731,#2732,
#2733,#2734,#2735),(#2736,#2737,#2738,#2739,#2740,#2741,#2742,#2743),(#2744,
#2745,#2746,#2747,#2748,#2749,#2750,#2751),(#2752,#2753,#2754,#2755,#2756,
#2757,#2758,#2759),(#2760,#2761,#2762,#2763,#2764,#2765,#2766,#2767)),
 .UNSPECIFIED.,.F.,.F.,.F.,(4,2,2,4),(4,2,2,4),(0.,0.25,0.5,1.),(0.,0.25,
0.5,1.),.UNSPECIFIED.);
#30=B_SPLINE_SURFACE_WITH_KNOTS('',3,3,((#2772,#2773,#2774,#2775,#2776,
#2777,#2778,#2779),(#2780,#2781,#2782,#2783,#2784,#2785,#2786,#2787),(#2788,
#2789,#2790,#2791,#2792,#2793,#2794,#2795),(#2796,#2797,#2798,#2799,#2800,
#2801,#2802,#2803),(#2804,#2805,#2806,#2807,#2808,#2809,#2810,#2811),(#2812,
#2813,#2814,#2815,#2816,#2817,#2818,#2819),(#2820,#2821,#2822,#2823,#2824,
#2825,#2826,#2827),(#2828,#2829,#2830,#2831,#2832,#2833,#2834,#2835)),
 .UNSPECIFIED.,.F.,.F.,.F.,(4,2,2,4),(4,2,2,4),(0.,0.25,0.5,1.),(0.,0.25,
0.5,1.),.UNSPECIFIED.);
#31=B_SPLINE_SURFACE_WITH_KNOTS('',3,1,((#2840,#2841),(#2842,#2843),(#2844,
#2845),(#2846,#2847)),.SURF_OF_LINEAR_EXTRUSION.,.F.,.F.,.F.,(4,4),(2,2),
(5.76063026498493E-15,1.00000000000004),(0.,1.),
 .PIECEWISE_BEZIER_KNOTS.);
#32=CIRCLE('',#1277,0.0016);
#33=CIRCLE('',#1278,0.0016);
#34=CIRCLE('',#1280,0.0016);
#35=CIRCLE('',#1281,0.0016);
#36=CIRCLE('',#1283,0.0016);
#37=CIRCLE('',#1284,0.0016);
#38=CIRCLE('',#1286,0.0016);
#39=CIRCLE('',#1287,0.0016);
#40=CYLINDRICAL_SURFACE('',#1276,0.0016);
#41=CYLINDRICAL_SURFACE('',#1279,0.0016);
#42=CYLINDRICAL_SURFACE('',#1282,0.0016);
#43=CYLINDRICAL_SURFACE('',#1285,0.0016);
#44=B_SPLINE_CURVE_WITH_KNOTS('',3,(#1631,#1632,#1633,#1634),
 .UNSPECIFIED.,.F.,.F.,(4,4),(0.,1.),.UNSPECIFIED.);
#45=B_SPLINE_CURVE_WITH_KNOTS('',3,(#1637,#1638,#1639,#1640),
 .UNSPECIFIED.,.F.,.F.,(4,4),(0.,1.),.UNSPECIFIED.);
#46=B_SPLINE_CURVE_WITH_KNOTS('',3,(#1644,#1645,#1646,#1647),
 .UNSPECIFIED.,.F.,.F.,(4,4),(0.,1.),.UNSPECIFIED.);
#47=B_SPLINE_CURVE_WITH_KNOTS('',3,(#1652,#1653,#1654,#1655),
 .UNSPECIFIED.,.F.,.F.,(4,4),(0.,1.),.UNSPECIFIED.);
#48=B_SPLINE_CURVE_WITH_KNOTS('',3,(#1657,#1658,#1659,#1660),
 .UNSPECIFIED.,.F.,.F.,(4,4),(0.,1.),.UNSPECIFIED.);
#49=B_SPLINE_CURVE_WITH_KNOTS('',3,(#1662,#1663,#1664,#1665),
 .UNSPECIFIED.,.F.,.F.,(4,4),(0.,1.),.UNSPECIFIED.);
#50=B_SPLINE_CURVE_WITH_KNOTS('',3,(#1670,#1671,#1672,#1673),
 .UNSPECIFIED.,.F.,.F.,(4,4),(0.,1.),.UNSPECIFIED.);
#51=B_SPLINE_CURVE_WITH_KNOTS('',3,(#1675,#1676,#1677,#1678),
 .UNSPECIFIED.,.F.,.F.,(4,4),(0.,1.),.UNSPECIFIED.);
#52=B_SPLINE_CURVE_WITH_KNOTS('',3,(#1680,#1681,#1682,#1683),
 .UNSPECIFIED.,.F.,.F.,(4,4),(0.,1.),.UNSPECIFIED.);
#53=B_SPLINE_CURVE_WITH_KNOTS('',3,(#1720,#1721,#1722,#1723),
 .UNSPECIFIED.,.F.,.F.,(4,4),(0.,1.),.UNSPECIFIED.);
#54=B_SPLINE_CURVE_WITH_KNOTS('',3,(#1726,#1727,#1728,#1729),
 .UNSPECIFIED.,.F.,.F.,(4,4),(0.,1.),.UNSPECIFIED.);
#55=B_SPLINE_CURVE_WITH_KNOTS('',3,(#1733,#1734,#1735,#1736),
 .UNSPECIFIED.,.F.,.F.,(4,4),(0.,1.),.UNSPECIFIED.);
#56=B_SPLINE_CURVE_WITH_KNOTS('',3,(#1771,#1772,#1773,#1774),
 .UNSPECIFIED.,.F.,.F.,(4,4),(0.,1.),.UNSPECIFIED.);
#57=B_SPLINE_CURVE_WITH_KNOTS('',3,(#1777,#1778,#1779,#1780),
 .UNSPECIFIED.,.F.,.F.,(4,4),(0.,1.),.UNSPECIFIED.);
#58=B_SPLINE_CURVE_WITH_KNOTS('',3,(#1782,#1783,#1784,#1785),
 .UNSPECIFIED.,.F.,.F.,(4,4),(0.,1.),.UNSPECIFIED.);
#59=B_SPLINE_CURVE_WITH_KNOTS('',3,(#1787,#1788,#1789,#1790),
 .UNSPECIFIED.,.F.,.F.,(4,4),(0.,1.),.UNSPECIFIED.);
#60=B_SPLINE_CURVE_WITH_KNOTS('',3,(#1792,#1793,#1794,#1795),
 .UNSPECIFIED.,.F.,.F.,(4,4),(0.,1.),.UNSPECIFIED.);
#61=B_SPLINE_CURVE_WITH_KNOTS('',3,(#1796,#1797,#1798,#1799),
 .UNSPECIFIED.,.F.,.F.,(4,4),(0.,1.),.UNSPECIFIED.);
#62=B_SPLINE_CURVE_WITH_KNOTS('',3,(#1800,#1801,#1802,#1803),
 .UNSPECIFIED.,.F.,.F.,(4,4),(0.,1.),.UNSPECIFIED.);
#63=B_SPLINE_CURVE_WITH_KNOTS('',3,(#1804,#1805,#1806,#1807),
 .UNSPECIFIED.,.F.,.F.,(4,4),(0.,1.),.UNSPECIFIED.);
#64=B_SPLINE_CURVE_WITH_KNOTS('',3,(#1872,#1873,#1874,#1875,#1876,#1877,
#1878,#1879),.UNSPECIFIED.,.F.,.F.,(4,2,2,4),(0.,0.25,0.5,1.),
 .UNSPECIFIED.);
#65=B_SPLINE_CURVE_WITH_KNOTS('',3,(#1882,#1883,#1884,#1885),
 .UNSPECIFIED.,.F.,.F.,(4,4),(0.,1.),.UNSPECIFIED.);
#66=B_SPLINE_CURVE_WITH_KNOTS('',3,(#1886,#1887,#1888,#1889),
 .UNSPECIFIED.,.F.,.F.,(4,4),(0.,1.),.UNSPECIFIED.);
#67=B_SPLINE_CURVE_WITH_KNOTS('',3,(#1891,#1892,#1893,#1894,#1895,#1896,
#1897,#1898),.UNSPECIFIED.,.F.,.F.,(4,2,2,4),(0.,0.25,0.5,1.),
 .UNSPECIFIED.);
#68=B_SPLINE_CURVE_WITH_KNOTS('',3,(#1963,#1964,#1965,#1966),
 .UNSPECIFIED.,.F.,.F.,(4,4),(0.,1.),.UNSPECIFIED.);
#69=B_SPLINE_CURVE_WITH_KNOTS('',3,(#1967,#1968,#1969,#1970),
 .UNSPECIFIED.,.F.,.F.,(4,4),(0.,1.),.UNSPECIFIED.);
#70=B_SPLINE_CURVE_WITH_KNOTS('',3,(#1972,#1973,#1974,#1975,#1976,#1977,
#1978,#1979),.UNSPECIFIED.,.F.,.F.,(4,2,2,4),(0.,0.25,0.5,1.),
 .UNSPECIFIED.);
#71=B_SPLINE_CURVE_WITH_KNOTS('',3,(#2044,#2045,#2046,#2047,#2048,#2049,
#2050,#2051),.UNSPECIFIED.,.F.,.F.,(4,2,2,4),(0.,0.25,0.5,1.),
 .UNSPECIFIED.);
#72=B_SPLINE_CURVE_WITH_KNOTS('',3,(#2054,#2055,#2056,#2057),
 .UNSPECIFIED.,.F.,.F.,(4,4),(0.,1.),.UNSPECIFIED.);
#73=B_SPLINE_CURVE_WITH_KNOTS('',3,(#2058,#2059,#2060,#2061),
 .UNSPECIFIED.,.F.,.F.,(4,4),(0.,1.),.UNSPECIFIED.);
#74=B_SPLINE_CURVE_WITH_KNOTS('',3,(#2063,#2064,#2065,#2066,#2067,#2068,
#2069,#2070),.UNSPECIFIED.,.F.,.F.,(4,2,2,4),(0.,0.25,0.5,1.),
 .UNSPECIFIED.);
#75=B_SPLINE_CURVE_WITH_KNOTS('',3,(#2135,#2136,#2137,#2138),
 .UNSPECIFIED.,.F.,.F.,(4,4),(0.,1.),.UNSPECIFIED.);
#76=B_SPLINE_CURVE_WITH_KNOTS('',3,(#2139,#2140,#2141,#2142),
 .UNSPECIFIED.,.F.,.F.,(4,4),(0.,1.),.UNSPECIFIED.);
#77=B_SPLINE_CURVE_WITH_KNOTS('',3,(#2144,#2145,#2146,#2147,#2148,#2149,
#2150,#2151),.UNSPECIFIED.,.F.,.F.,(4,2,2,4),(0.,0.25,0.5,1.),
 .UNSPECIFIED.);
#78=B_SPLINE_CURVE_WITH_KNOTS('',3,(#2216,#2217,#2218,#2219,#2220,#2221,
#2222,#2223),.UNSPECIFIED.,.F.,.F.,(4,2,2,4),(0.,0.25,0.5,1.),
 .UNSPECIFIED.);
#79=B_SPLINE_CURVE_WITH_KNOTS('',3,(#2226,#2227,#2228,#2229),
 .UNSPECIFIED.,.F.,.F.,(4,4),(0.,1.),.UNSPECIFIED.);
#80=B_SPLINE_CURVE_WITH_KNOTS('',3,(#2230,#2231,#2232,#2233),
 .UNSPECIFIED.,.F.,.F.,(4,4),(0.,1.),.UNSPECIFIED.);
#81=B_SPLINE_CURVE_WITH_KNOTS('',3,(#2235,#2236,#2237,#2238,#2239,#2240,
#2241,#2242),.UNSPECIFIED.,.F.,.F.,(4,2,2,4),(0.,0.25,0.5,1.),
 .UNSPECIFIED.);
#82=B_SPLINE_CURVE_WITH_KNOTS('',3,(#2307,#2308,#2309,#2310),
 .UNSPECIFIED.,.F.,.F.,(4,4),(0.,1.),.UNSPECIFIED.);
#83=B_SPLINE_CURVE_WITH_KNOTS('',3,(#2311,#2312,#2313,#2314),
 .UNSPECIFIED.,.F.,.F.,(4,4),(0.,1.),.UNSPECIFIED.);
#84=B_SPLINE_CURVE_WITH_KNOTS('',3,(#2316,#2317,#2318,#2319,#2320,#2321,
#2322,#2323),.UNSPECIFIED.,.F.,.F.,(4,2,2,4),(0.,0.25,0.5,1.),
 .UNSPECIFIED.);
#85=B_SPLINE_CURVE_WITH_KNOTS('',3,(#2388,#2389,#2390,#2391,#2392,#2393,
#2394,#2395),.UNSPECIFIED.,.F.,.F.,(4,2,2,4),(0.,0.25,0.5,1.),
 .UNSPECIFIED.);
#86=B_SPLINE_CURVE_WITH_KNOTS('',3,(#2398,#2399,#2400,#2401),
 .UNSPECIFIED.,.F.,.F.,(4,4),(0.,1.),.UNSPECIFIED.);
#87=B_SPLINE_CURVE_WITH_KNOTS('',3,(#2402,#2403,#2404,#2405),
 .UNSPECIFIED.,.F.,.F.,(4,4),(0.,1.),.UNSPECIFIED.);
#88=B_SPLINE_CURVE_WITH_KNOTS('',3,(#2407,#2408,#2409,#2410,#2411,#2412,
#2413,#2414),.UNSPECIFIED.,.F.,.F.,(4,2,2,4),(0.,0.25,0.5,1.),
 .UNSPECIFIED.);
#89=B_SPLINE_CURVE_WITH_KNOTS('',3,(#2479,#2480,#2481,#2482),
 .UNSPECIFIED.,.F.,.F.,(4,4),(0.,1.),.UNSPECIFIED.);
#90=B_SPLINE_CURVE_WITH_KNOTS('',3,(#2483,#2484,#2485,#2486),
 .UNSPECIFIED.,.F.,.F.,(4,4),(0.,1.),.UNSPECIFIED.);
#91=B_SPLINE_CURVE_WITH_KNOTS('',3,(#2488,#2489,#2490,#2491,#2492,#2493,
#2494,#2495),.UNSPECIFIED.,.F.,.F.,(4,2,2,4),(0.,0.25,0.5,1.),
 .UNSPECIFIED.);
#92=B_SPLINE_CURVE_WITH_KNOTS('',3,(#2512,#2513,#2514,#2515),
 .UNSPECIFIED.,.F.,.F.,(4,4),(0.,1.),.UNSPECIFIED.);
#93=B_SPLINE_CURVE_WITH_KNOTS('',3,(#2524,#2525,#2526,#2527),
 .UNSPECIFIED.,.F.,.F.,(4,4),(0.,1.),.UNSPECIFIED.);
#94=B_SPLINE_CURVE_WITH_KNOTS('',3,(#2592,#2593,#2594,#2595),
 .UNSPECIFIED.,.F.,.F.,(4,4),(0.,1.),.UNSPECIFIED.);
#95=B_SPLINE_CURVE_WITH_KNOTS('',3,(#2660,#2661,#2662,#2663),
 .UNSPECIFIED.,.F.,.F.,(4,4),(0.,1.),.UNSPECIFIED.);
#96=B_SPLINE_CURVE_WITH_KNOTS('',3,(#2680,#2681,#2682,#2683),
 .UNSPECIFIED.,.F.,.F.,(4,4),(0.,1.),.UNSPECIFIED.);
#97=B_SPLINE_CURVE_WITH_KNOTS('',3,(#2700,#2701,#2702,#2703),
 .UNSPECIFIED.,.F.,.F.,(4,4),(0.,1.),.UNSPECIFIED.);
#98=B_SPLINE_CURVE_WITH_KNOTS('',3,(#2768,#2769,#2770,#2771),
 .UNSPECIFIED.,.F.,.F.,(4,4),(0.,1.),.UNSPECIFIED.);
#99=B_SPLINE_CURVE_WITH_KNOTS('',3,(#2836,#2837,#2838,#2839),
 .UNSPECIFIED.,.F.,.F.,(4,4),(0.,1.),.UNSPECIFIED.);
#100=ORIENTED_EDGE('',*,*,#446,.F.);
#101=ORIENTED_EDGE('',*,*,#447,.F.);
#102=ORIENTED_EDGE('',*,*,#448,.T.);
#103=ORIENTED_EDGE('',*,*,#449,.T.);
#104=ORIENTED_EDGE('',*,*,#450,.T.);
#105=ORIENTED_EDGE('',*,*,#451,.F.);
#106=ORIENTED_EDGE('',*,*,#452,.F.);
#107=ORIENTED_EDGE('',*,*,#447,.T.);
#108=ORIENTED_EDGE('',*,*,#453,.T.);
#109=ORIENTED_EDGE('',*,*,#454,.F.);
#110=ORIENTED_EDGE('',*,*,#455,.F.);
#111=ORIENTED_EDGE('',*,*,#451,.T.);
#112=ORIENTED_EDGE('',*,*,#456,.F.);
#113=ORIENTED_EDGE('',*,*,#457,.F.);
#114=ORIENTED_EDGE('',*,*,#458,.T.);
#115=ORIENTED_EDGE('',*,*,#459,.T.);
#116=ORIENTED_EDGE('',*,*,#460,.T.);
#117=ORIENTED_EDGE('',*,*,#461,.F.);
#118=ORIENTED_EDGE('',*,*,#462,.F.);
#119=ORIENTED_EDGE('',*,*,#457,.T.);
#120=ORIENTED_EDGE('',*,*,#463,.F.);
#121=ORIENTED_EDGE('',*,*,#464,.F.);
#122=ORIENTED_EDGE('',*,*,#465,.T.);
#123=ORIENTED_EDGE('',*,*,#466,.T.);
#124=ORIENTED_EDGE('',*,*,#467,.F.);
#125=ORIENTED_EDGE('',*,*,#468,.F.);
#126=ORIENTED_EDGE('',*,*,#469,.T.);
#127=ORIENTED_EDGE('',*,*,#464,.T.);
#128=ORIENTED_EDGE('',*,*,#470,.F.);
#129=ORIENTED_EDGE('',*,*,#471,.F.);
#130=ORIENTED_EDGE('',*,*,#472,.T.);
#131=ORIENTED_EDGE('',*,*,#473,.T.);
#132=ORIENTED_EDGE('',*,*,#474,.T.);
#133=ORIENTED_EDGE('',*,*,#475,.F.);
#134=ORIENTED_EDGE('',*,*,#476,.F.);
#135=ORIENTED_EDGE('',*,*,#471,.T.);
#136=ORIENTED_EDGE('',*,*,#477,.T.);
#137=ORIENTED_EDGE('',*,*,#478,.F.);
#138=ORIENTED_EDGE('',*,*,#479,.F.);
#139=ORIENTED_EDGE('',*,*,#475,.T.);
#140=ORIENTED_EDGE('',*,*,#480,.F.);
#141=ORIENTED_EDGE('',*,*,#481,.F.);
#142=ORIENTED_EDGE('',*,*,#482,.T.);
#143=ORIENTED_EDGE('',*,*,#483,.T.);
#144=ORIENTED_EDGE('',*,*,#484,.T.);
#145=ORIENTED_EDGE('',*,*,#485,.F.);
#146=ORIENTED_EDGE('',*,*,#486,.F.);
#147=ORIENTED_EDGE('',*,*,#481,.T.);
#148=ORIENTED_EDGE('',*,*,#487,.F.);
#149=ORIENTED_EDGE('',*,*,#488,.F.);
#150=ORIENTED_EDGE('',*,*,#489,.T.);
#151=ORIENTED_EDGE('',*,*,#490,.T.);
#152=ORIENTED_EDGE('',*,*,#491,.T.);
#153=ORIENTED_EDGE('',*,*,#492,.F.);
#154=ORIENTED_EDGE('',*,*,#493,.F.);
#155=ORIENTED_EDGE('',*,*,#488,.T.);
#156=ORIENTED_EDGE('',*,*,#494,.T.);
#157=ORIENTED_EDGE('',*,*,#495,.T.);
#158=ORIENTED_EDGE('',*,*,#496,.F.);
#159=ORIENTED_EDGE('',*,*,#497,.T.);
#160=ORIENTED_EDGE('',*,*,#498,.T.);
#161=ORIENTED_EDGE('',*,*,#499,.T.);
#162=ORIENTED_EDGE('',*,*,#500,.T.);
#163=ORIENTED_EDGE('',*,*,#501,.T.);
#164=ORIENTED_EDGE('',*,*,#502,.T.);
#165=ORIENTED_EDGE('',*,*,#503,.T.);
#166=ORIENTED_EDGE('',*,*,#504,.T.);
#167=ORIENTED_EDGE('',*,*,#505,.T.);
#168=ORIENTED_EDGE('',*,*,#506,.F.);
#169=ORIENTED_EDGE('',*,*,#459,.F.);
#170=ORIENTED_EDGE('',*,*,#507,.T.);
#171=ORIENTED_EDGE('',*,*,#461,.T.);
#172=ORIENTED_EDGE('',*,*,#508,.F.);
#173=ORIENTED_EDGE('',*,*,#466,.F.);
#174=ORIENTED_EDGE('',*,*,#509,.T.);
#175=ORIENTED_EDGE('',*,*,#468,.T.);
#176=ORIENTED_EDGE('',*,*,#510,.T.);
#177=ORIENTED_EDGE('',*,*,#473,.F.);
#178=ORIENTED_EDGE('',*,*,#511,.F.);
#179=ORIENTED_EDGE('',*,*,#478,.T.);
#180=ORIENTED_EDGE('',*,*,#512,.F.);
#181=ORIENTED_EDGE('',*,*,#483,.F.);
#182=ORIENTED_EDGE('',*,*,#513,.T.);
#183=ORIENTED_EDGE('',*,*,#485,.T.);
#184=ORIENTED_EDGE('',*,*,#514,.F.);
#185=ORIENTED_EDGE('',*,*,#490,.F.);
#186=ORIENTED_EDGE('',*,*,#515,.T.);
#187=ORIENTED_EDGE('',*,*,#492,.T.);
#188=ORIENTED_EDGE('',*,*,#516,.T.);
#189=ORIENTED_EDGE('',*,*,#517,.F.);
#190=ORIENTED_EDGE('',*,*,#518,.T.);
#191=ORIENTED_EDGE('',*,*,#519,.F.);
#192=ORIENTED_EDGE('',*,*,#520,.T.);
#193=ORIENTED_EDGE('',*,*,#521,.F.);
#194=ORIENTED_EDGE('',*,*,#522,.T.);
#195=ORIENTED_EDGE('',*,*,#523,.F.);
#196=ORIENTED_EDGE('',*,*,#524,.T.);
#197=ORIENTED_EDGE('',*,*,#525,.T.);
#198=ORIENTED_EDGE('',*,*,#526,.F.);
#199=ORIENTED_EDGE('',*,*,#527,.T.);
#200=ORIENTED_EDGE('',*,*,#528,.F.);
#201=ORIENTED_EDGE('',*,*,#449,.F.);
#202=ORIENTED_EDGE('',*,*,#529,.T.);
#203=ORIENTED_EDGE('',*,*,#454,.T.);
#204=ORIENTED_EDGE('',*,*,#530,.F.);
#205=ORIENTED_EDGE('',*,*,#531,.F.);
#206=ORIENTED_EDGE('',*,*,#532,.F.);
#207=ORIENTED_EDGE('',*,*,#533,.F.);
#208=ORIENTED_EDGE('',*,*,#534,.F.);
#209=ORIENTED_EDGE('',*,*,#535,.F.);
#210=ORIENTED_EDGE('',*,*,#536,.F.);
#211=ORIENTED_EDGE('',*,*,#537,.T.);
#212=ORIENTED_EDGE('',*,*,#538,.T.);
#213=ORIENTED_EDGE('',*,*,#539,.T.);
#214=ORIENTED_EDGE('',*,*,#540,.T.);
#215=ORIENTED_EDGE('',*,*,#541,.T.);
#216=ORIENTED_EDGE('',*,*,#542,.T.);
#217=ORIENTED_EDGE('',*,*,#543,.T.);
#218=ORIENTED_EDGE('',*,*,#544,.F.);
#219=ORIENTED_EDGE('',*,*,#545,.T.);
#220=ORIENTED_EDGE('',*,*,#546,.T.);
#221=ORIENTED_EDGE('',*,*,#547,.T.);
#222=ORIENTED_EDGE('',*,*,#548,.T.);
#223=ORIENTED_EDGE('',*,*,#522,.F.);
#224=ORIENTED_EDGE('',*,*,#520,.F.);
#225=ORIENTED_EDGE('',*,*,#518,.F.);
#226=ORIENTED_EDGE('',*,*,#516,.F.);
#227=ORIENTED_EDGE('',*,*,#489,.F.);
#228=ORIENTED_EDGE('',*,*,#493,.T.);
#229=ORIENTED_EDGE('',*,*,#515,.F.);
#230=ORIENTED_EDGE('',*,*,#482,.F.);
#231=ORIENTED_EDGE('',*,*,#486,.T.);
#232=ORIENTED_EDGE('',*,*,#513,.F.);
#233=ORIENTED_EDGE('',*,*,#472,.F.);
#234=ORIENTED_EDGE('',*,*,#476,.T.);
#235=ORIENTED_EDGE('',*,*,#479,.T.);
#236=ORIENTED_EDGE('',*,*,#511,.T.);
#237=ORIENTED_EDGE('',*,*,#465,.F.);
#238=ORIENTED_EDGE('',*,*,#469,.F.);
#239=ORIENTED_EDGE('',*,*,#509,.F.);
#240=ORIENTED_EDGE('',*,*,#458,.F.);
#241=ORIENTED_EDGE('',*,*,#462,.T.);
#242=ORIENTED_EDGE('',*,*,#507,.F.);
#243=ORIENTED_EDGE('',*,*,#448,.F.);
#244=ORIENTED_EDGE('',*,*,#452,.T.);
#245=ORIENTED_EDGE('',*,*,#455,.T.);
#246=ORIENTED_EDGE('',*,*,#529,.F.);
#247=ORIENTED_EDGE('',*,*,#526,.T.);
#248=ORIENTED_EDGE('',*,*,#549,.T.);
#249=ORIENTED_EDGE('',*,*,#502,.F.);
#250=ORIENTED_EDGE('',*,*,#550,.T.);
#251=ORIENTED_EDGE('',*,*,#498,.F.);
#252=ORIENTED_EDGE('',*,*,#551,.T.);
#253=ORIENTED_EDGE('',*,*,#496,.T.);
#254=ORIENTED_EDGE('',*,*,#552,.T.);
#255=ORIENTED_EDGE('',*,*,#523,.T.);
#256=ORIENTED_EDGE('',*,*,#521,.T.);
#257=ORIENTED_EDGE('',*,*,#519,.T.);
#258=ORIENTED_EDGE('',*,*,#517,.T.);
#259=ORIENTED_EDGE('',*,*,#487,.T.);
#260=ORIENTED_EDGE('',*,*,#514,.T.);
#261=ORIENTED_EDGE('',*,*,#491,.F.);
#262=ORIENTED_EDGE('',*,*,#480,.T.);
#263=ORIENTED_EDGE('',*,*,#512,.T.);
#264=ORIENTED_EDGE('',*,*,#484,.F.);
#265=ORIENTED_EDGE('',*,*,#470,.T.);
#266=ORIENTED_EDGE('',*,*,#510,.F.);
#267=ORIENTED_EDGE('',*,*,#477,.F.);
#268=ORIENTED_EDGE('',*,*,#474,.F.);
#269=ORIENTED_EDGE('',*,*,#463,.T.);
#270=ORIENTED_EDGE('',*,*,#508,.T.);
#271=ORIENTED_EDGE('',*,*,#467,.T.);
#272=ORIENTED_EDGE('',*,*,#456,.T.);
#273=ORIENTED_EDGE('',*,*,#506,.T.);
#274=ORIENTED_EDGE('',*,*,#460,.F.);
#275=ORIENTED_EDGE('',*,*,#446,.T.);
#276=ORIENTED_EDGE('',*,*,#528,.T.);
#277=ORIENTED_EDGE('',*,*,#453,.F.);
#278=ORIENTED_EDGE('',*,*,#450,.F.);
#279=ORIENTED_EDGE('',*,*,#553,.F.);
#280=ORIENTED_EDGE('',*,*,#554,.T.);
#281=ORIENTED_EDGE('',*,*,#555,.T.);
#282=ORIENTED_EDGE('',*,*,#556,.T.);
#283=ORIENTED_EDGE('',*,*,#556,.F.);
#284=ORIENTED_EDGE('',*,*,#557,.T.);
#285=ORIENTED_EDGE('',*,*,#558,.F.);
#286=ORIENTED_EDGE('',*,*,#559,.T.);
#287=ORIENTED_EDGE('',*,*,#560,.F.);
#288=ORIENTED_EDGE('',*,*,#561,.T.);
#289=ORIENTED_EDGE('',*,*,#562,.T.);
#290=ORIENTED_EDGE('',*,*,#563,.T.);
#291=ORIENTED_EDGE('',*,*,#563,.F.);
#292=ORIENTED_EDGE('',*,*,#564,.T.);
#293=ORIENTED_EDGE('',*,*,#565,.F.);
#294=ORIENTED_EDGE('',*,*,#566,.T.);
#295=ORIENTED_EDGE('',*,*,#567,.F.);
#296=ORIENTED_EDGE('',*,*,#568,.T.);
#297=ORIENTED_EDGE('',*,*,#569,.T.);
#298=ORIENTED_EDGE('',*,*,#570,.T.);
#299=ORIENTED_EDGE('',*,*,#570,.F.);
#300=ORIENTED_EDGE('',*,*,#571,.T.);
#301=ORIENTED_EDGE('',*,*,#572,.F.);
#302=ORIENTED_EDGE('',*,*,#573,.T.);
#303=ORIENTED_EDGE('',*,*,#574,.F.);
#304=ORIENTED_EDGE('',*,*,#575,.T.);
#305=ORIENTED_EDGE('',*,*,#576,.T.);
#306=ORIENTED_EDGE('',*,*,#577,.T.);
#307=ORIENTED_EDGE('',*,*,#577,.F.);
#308=ORIENTED_EDGE('',*,*,#578,.T.);
#309=ORIENTED_EDGE('',*,*,#579,.F.);
#310=ORIENTED_EDGE('',*,*,#580,.T.);
#311=ORIENTED_EDGE('',*,*,#551,.F.);
#312=ORIENTED_EDGE('',*,*,#501,.F.);
#313=ORIENTED_EDGE('',*,*,#578,.F.);
#314=ORIENTED_EDGE('',*,*,#576,.F.);
#315=ORIENTED_EDGE('',*,*,#497,.F.);
#316=ORIENTED_EDGE('',*,*,#569,.F.);
#317=ORIENTED_EDGE('',*,*,#494,.F.);
#318=ORIENTED_EDGE('',*,*,#575,.F.);
#319=ORIENTED_EDGE('',*,*,#581,.F.);
#320=ORIENTED_EDGE('',*,*,#547,.F.);
#321=ORIENTED_EDGE('',*,*,#571,.F.);
#322=ORIENTED_EDGE('',*,*,#552,.F.);
#323=ORIENTED_EDGE('',*,*,#495,.F.);
#324=ORIENTED_EDGE('',*,*,#568,.F.);
#325=ORIENTED_EDGE('',*,*,#582,.F.);
#326=ORIENTED_EDGE('',*,*,#527,.F.);
#327=ORIENTED_EDGE('',*,*,#581,.T.);
#328=ORIENTED_EDGE('',*,*,#574,.T.);
#329=ORIENTED_EDGE('',*,*,#580,.F.);
#330=ORIENTED_EDGE('',*,*,#583,.F.);
#331=ORIENTED_EDGE('',*,*,#582,.T.);
#332=ORIENTED_EDGE('',*,*,#567,.T.);
#333=ORIENTED_EDGE('',*,*,#573,.F.);
#334=ORIENTED_EDGE('',*,*,#584,.F.);
#335=ORIENTED_EDGE('',*,*,#550,.F.);
#336=ORIENTED_EDGE('',*,*,#505,.F.);
#337=ORIENTED_EDGE('',*,*,#564,.F.);
#338=ORIENTED_EDGE('',*,*,#562,.F.);
#339=ORIENTED_EDGE('',*,*,#499,.F.);
#340=ORIENTED_EDGE('',*,*,#579,.T.);
#341=ORIENTED_EDGE('',*,*,#500,.F.);
#342=ORIENTED_EDGE('',*,*,#561,.F.);
#343=ORIENTED_EDGE('',*,*,#585,.F.);
#344=ORIENTED_EDGE('',*,*,#548,.F.);
#345=ORIENTED_EDGE('',*,*,#583,.T.);
#346=ORIENTED_EDGE('',*,*,#572,.T.);
#347=ORIENTED_EDGE('',*,*,#546,.F.);
#348=ORIENTED_EDGE('',*,*,#557,.F.);
#349=ORIENTED_EDGE('',*,*,#555,.F.);
#350=ORIENTED_EDGE('',*,*,#524,.F.);
#351=ORIENTED_EDGE('',*,*,#584,.T.);
#352=ORIENTED_EDGE('',*,*,#549,.F.);
#353=ORIENTED_EDGE('',*,*,#525,.F.);
#354=ORIENTED_EDGE('',*,*,#554,.F.);
#355=ORIENTED_EDGE('',*,*,#586,.F.);
#356=ORIENTED_EDGE('',*,*,#503,.F.);
#357=ORIENTED_EDGE('',*,*,#585,.T.);
#358=ORIENTED_EDGE('',*,*,#560,.T.);
#359=ORIENTED_EDGE('',*,*,#566,.F.);
#360=ORIENTED_EDGE('',*,*,#587,.F.);
#361=ORIENTED_EDGE('',*,*,#586,.T.);
#362=ORIENTED_EDGE('',*,*,#553,.T.);
#363=ORIENTED_EDGE('',*,*,#559,.F.);
#364=ORIENTED_EDGE('',*,*,#588,.F.);
#365=ORIENTED_EDGE('',*,*,#565,.T.);
#366=ORIENTED_EDGE('',*,*,#504,.F.);
#367=ORIENTED_EDGE('',*,*,#588,.T.);
#368=ORIENTED_EDGE('',*,*,#558,.T.);
#369=ORIENTED_EDGE('',*,*,#545,.F.);
#370=ORIENTED_EDGE('',*,*,#587,.T.);
#371=ORIENTED_EDGE('',*,*,#530,.T.);
#372=ORIENTED_EDGE('',*,*,#589,.F.);
#373=ORIENTED_EDGE('',*,*,#590,.F.);
#374=ORIENTED_EDGE('',*,*,#591,.T.);
#375=ORIENTED_EDGE('',*,*,#544,.T.);
#376=ORIENTED_EDGE('',*,*,#592,.F.);
#377=ORIENTED_EDGE('',*,*,#593,.F.);
#378=ORIENTED_EDGE('',*,*,#589,.T.);
#379=ORIENTED_EDGE('',*,*,#543,.F.);
#380=ORIENTED_EDGE('',*,*,#594,.F.);
#381=ORIENTED_EDGE('',*,*,#595,.T.);
#382=ORIENTED_EDGE('',*,*,#592,.T.);
#383=ORIENTED_EDGE('',*,*,#542,.F.);
#384=ORIENTED_EDGE('',*,*,#596,.F.);
#385=ORIENTED_EDGE('',*,*,#597,.T.);
#386=ORIENTED_EDGE('',*,*,#594,.T.);
#387=ORIENTED_EDGE('',*,*,#541,.F.);
#388=ORIENTED_EDGE('',*,*,#598,.F.);
#389=ORIENTED_EDGE('',*,*,#599,.T.);
#390=ORIENTED_EDGE('',*,*,#596,.T.);
#391=ORIENTED_EDGE('',*,*,#540,.F.);
#392=ORIENTED_EDGE('',*,*,#600,.F.);
#393=ORIENTED_EDGE('',*,*,#601,.T.);
#394=ORIENTED_EDGE('',*,*,#598,.T.);
#395=ORIENTED_EDGE('',*,*,#539,.F.);
#396=ORIENTED_EDGE('',*,*,#602,.F.);
#397=ORIENTED_EDGE('',*,*,#603,.T.);
#398=ORIENTED_EDGE('',*,*,#600,.T.);
#399=ORIENTED_EDGE('',*,*,#538,.F.);
#400=ORIENTED_EDGE('',*,*,#604,.F.);
#401=ORIENTED_EDGE('',*,*,#605,.T.);
#402=ORIENTED_EDGE('',*,*,#602,.T.);
#403=ORIENTED_EDGE('',*,*,#537,.F.);
#404=ORIENTED_EDGE('',*,*,#606,.F.);
#405=ORIENTED_EDGE('',*,*,#607,.T.);
#406=ORIENTED_EDGE('',*,*,#604,.T.);
#407=ORIENTED_EDGE('',*,*,#536,.T.);
#408=ORIENTED_EDGE('',*,*,#608,.F.);
#409=ORIENTED_EDGE('',*,*,#609,.F.);
#410=ORIENTED_EDGE('',*,*,#606,.T.);
#411=ORIENTED_EDGE('',*,*,#535,.T.);
#412=ORIENTED_EDGE('',*,*,#610,.F.);
#413=ORIENTED_EDGE('',*,*,#611,.F.);
#414=ORIENTED_EDGE('',*,*,#608,.T.);
#415=ORIENTED_EDGE('',*,*,#534,.T.);
#416=ORIENTED_EDGE('',*,*,#612,.F.);
#417=ORIENTED_EDGE('',*,*,#613,.F.);
#418=ORIENTED_EDGE('',*,*,#610,.T.);
#419=ORIENTED_EDGE('',*,*,#533,.T.);
#420=ORIENTED_EDGE('',*,*,#614,.F.);
#421=ORIENTED_EDGE('',*,*,#615,.F.);
#422=ORIENTED_EDGE('',*,*,#612,.T.);
#423=ORIENTED_EDGE('',*,*,#532,.T.);
#424=ORIENTED_EDGE('',*,*,#616,.F.);
#425=ORIENTED_EDGE('',*,*,#617,.F.);
#426=ORIENTED_EDGE('',*,*,#614,.T.);
#427=ORIENTED_EDGE('',*,*,#531,.T.);
#428=ORIENTED_EDGE('',*,*,#591,.F.);
#429=ORIENTED_EDGE('',*,*,#618,.F.);
#430=ORIENTED_EDGE('',*,*,#616,.T.);
#431=ORIENTED_EDGE('',*,*,#590,.T.);
#432=ORIENTED_EDGE('',*,*,#593,.T.);
#433=ORIENTED_EDGE('',*,*,#595,.F.);
#434=ORIENTED_EDGE('',*,*,#597,.F.);
#435=ORIENTED_EDGE('',*,*,#599,.F.);
#436=ORIENTED_EDGE('',*,*,#601,.F.);
#437=ORIENTED_EDGE('',*,*,#603,.F.);
#438=ORIENTED_EDGE('',*,*,#605,.F.);
#439=ORIENTED_EDGE('',*,*,#607,.F.);
#440=ORIENTED_EDGE('',*,*,#609,.T.);
#441=ORIENTED_EDGE('',*,*,#611,.T.);
#442=ORIENTED_EDGE('',*,*,#613,.T.);
#443=ORIENTED_EDGE('',*,*,#615,.T.);
#444=ORIENTED_EDGE('',*,*,#617,.T.);
#445=ORIENTED_EDGE('',*,*,#618,.T.);
#446=EDGE_CURVE('',#619,#620,#733,.T.);
#447=EDGE_CURVE('',#621,#619,#734,.T.);
#448=EDGE_CURVE('',#621,#622,#735,.T.);
#449=EDGE_CURVE('',#622,#620,#736,.T.);
#450=EDGE_CURVE('',#619,#623,#737,.T.);
#451=EDGE_CURVE('',#624,#623,#738,.T.);
#452=EDGE_CURVE('',#621,#624,#739,.T.);
#453=EDGE_CURVE('',#623,#625,#740,.T.);
#454=EDGE_CURVE('',#626,#625,#741,.T.);
#455=EDGE_CURVE('',#624,#626,#742,.T.);
#456=EDGE_CURVE('',#627,#628,#743,.T.);
#457=EDGE_CURVE('',#629,#627,#744,.T.);
#458=EDGE_CURVE('',#629,#630,#745,.T.);
#459=EDGE_CURVE('',#630,#628,#746,.T.);
#460=EDGE_CURVE('',#627,#631,#747,.T.);
#461=EDGE_CURVE('',#632,#631,#748,.T.);
#462=EDGE_CURVE('',#629,#632,#749,.T.);
#463=EDGE_CURVE('',#633,#634,#750,.T.);
#464=EDGE_CURVE('',#635,#633,#751,.T.);
#465=EDGE_CURVE('',#635,#636,#752,.T.);
#466=EDGE_CURVE('',#636,#634,#753,.T.);
#467=EDGE_CURVE('',#637,#633,#754,.T.);
#468=EDGE_CURVE('',#638,#637,#755,.T.);
#469=EDGE_CURVE('',#638,#635,#756,.T.);
#470=EDGE_CURVE('',#639,#640,#757,.T.);
#471=EDGE_CURVE('',#641,#639,#758,.T.);
#472=EDGE_CURVE('',#641,#642,#759,.T.);
#473=EDGE_CURVE('',#642,#640,#760,.T.);
#474=EDGE_CURVE('',#639,#643,#761,.T.);
#475=EDGE_CURVE('',#644,#643,#762,.T.);
#476=EDGE_CURVE('',#641,#644,#763,.T.);
#477=EDGE_CURVE('',#643,#645,#764,.T.);
#478=EDGE_CURVE('',#646,#645,#765,.T.);
#479=EDGE_CURVE('',#644,#646,#766,.T.);
#480=EDGE_CURVE('',#647,#648,#767,.T.);
#481=EDGE_CURVE('',#649,#647,#768,.T.);
#482=EDGE_CURVE('',#649,#650,#769,.T.);
#483=EDGE_CURVE('',#650,#648,#770,.T.);
#484=EDGE_CURVE('',#647,#651,#771,.T.);
#485=EDGE_CURVE('',#652,#651,#772,.T.);
#486=EDGE_CURVE('',#649,#652,#773,.T.);
#487=EDGE_CURVE('',#653,#654,#774,.T.);
#488=EDGE_CURVE('',#655,#653,#775,.T.);
#489=EDGE_CURVE('',#655,#656,#776,.T.);
#490=EDGE_CURVE('',#656,#654,#777,.T.);
#491=EDGE_CURVE('',#653,#657,#778,.T.);
#492=EDGE_CURVE('',#658,#657,#779,.T.);
#493=EDGE_CURVE('',#655,#658,#780,.T.);
#494=EDGE_CURVE('',#659,#660,#44,.T.);
#495=EDGE_CURVE('',#660,#661,#45,.T.);
#496=EDGE_CURVE('',#662,#661,#781,.T.);
#497=EDGE_CURVE('',#662,#659,#46,.T.);
#498=EDGE_CURVE('',#663,#664,#782,.T.);
#499=EDGE_CURVE('',#664,#665,#47,.T.);
#500=EDGE_CURVE('',#665,#666,#48,.T.);
#501=EDGE_CURVE('',#666,#663,#49,.T.);
#502=EDGE_CURVE('',#667,#668,#783,.T.);
#503=EDGE_CURVE('',#668,#669,#50,.T.);
#504=EDGE_CURVE('',#669,#670,#51,.T.);
#505=EDGE_CURVE('',#670,#667,#52,.T.);
#506=EDGE_CURVE('',#628,#631,#784,.T.);
#507=EDGE_CURVE('',#630,#632,#785,.T.);
#508=EDGE_CURVE('',#634,#637,#786,.T.);
#509=EDGE_CURVE('',#636,#638,#787,.T.);
#510=EDGE_CURVE('',#645,#640,#788,.T.);
#511=EDGE_CURVE('',#646,#642,#789,.T.);
#512=EDGE_CURVE('',#648,#651,#790,.T.);
#513=EDGE_CURVE('',#650,#652,#791,.T.);
#514=EDGE_CURVE('',#654,#657,#792,.T.);
#515=EDGE_CURVE('',#656,#658,#793,.T.);
#516=EDGE_CURVE('',#671,#671,#32,.T.);
#517=EDGE_CURVE('',#672,#672,#33,.T.);
#518=EDGE_CURVE('',#673,#673,#34,.T.);
#519=EDGE_CURVE('',#674,#674,#35,.T.);
#520=EDGE_CURVE('',#675,#675,#36,.T.);
#521=EDGE_CURVE('',#676,#676,#37,.T.);
#522=EDGE_CURVE('',#677,#677,#38,.T.);
#523=EDGE_CURVE('',#678,#678,#39,.T.);
#524=EDGE_CURVE('',#679,#680,#53,.T.);
#525=EDGE_CURVE('',#680,#681,#54,.T.);
#526=EDGE_CURVE('',#682,#681,#794,.T.);
#527=EDGE_CURVE('',#682,#679,#55,.T.);
#528=EDGE_CURVE('',#620,#625,#795,.T.);
#529=EDGE_CURVE('',#622,#626,#796,.T.);
#530=EDGE_CURVE('',#683,#684,#797,.T.);
#531=EDGE_CURVE('',#685,#683,#798,.T.);
#532=EDGE_CURVE('',#686,#685,#799,.T.);
#533=EDGE_CURVE('',#687,#686,#800,.T.);
#534=EDGE_CURVE('',#688,#687,#801,.T.);
#535=EDGE_CURVE('',#689,#688,#802,.T.);
#536=EDGE_CURVE('',#690,#689,#803,.T.);
#537=EDGE_CURVE('',#690,#691,#804,.T.);
#538=EDGE_CURVE('',#691,#692,#805,.T.);
#539=EDGE_CURVE('',#692,#693,#806,.T.);
#540=EDGE_CURVE('',#693,#694,#807,.T.);
#541=EDGE_CURVE('',#694,#695,#808,.T.);
#542=EDGE_CURVE('',#695,#696,#809,.T.);
#543=EDGE_CURVE('',#696,#697,#810,.T.);
#544=EDGE_CURVE('',#684,#697,#811,.T.);
#545=EDGE_CURVE('',#698,#699,#56,.T.);
#546=EDGE_CURVE('',#699,#700,#57,.T.);
#547=EDGE_CURVE('',#700,#701,#58,.T.);
#548=EDGE_CURVE('',#701,#698,#59,.T.);
#549=EDGE_CURVE('',#681,#668,#60,.T.);
#550=EDGE_CURVE('',#667,#664,#61,.T.);
#551=EDGE_CURVE('',#663,#662,#62,.T.);
#552=EDGE_CURVE('',#661,#682,#63,.T.);
#553=EDGE_CURVE('',#702,#703,#64,.F.);
#554=EDGE_CURVE('',#702,#680,#65,.F.);
#555=EDGE_CURVE('',#680,#704,#66,.F.);
#556=EDGE_CURVE('',#704,#703,#67,.F.);
#557=EDGE_CURVE('',#704,#699,#68,.F.);
#558=EDGE_CURVE('',#705,#699,#69,.T.);
#559=EDGE_CURVE('',#705,#703,#70,.F.);
#560=EDGE_CURVE('',#706,#707,#71,.F.);
#561=EDGE_CURVE('',#706,#665,#72,.F.);
#562=EDGE_CURVE('',#665,#708,#73,.F.);
#563=EDGE_CURVE('',#708,#707,#74,.F.);
#564=EDGE_CURVE('',#708,#670,#75,.F.);
#565=EDGE_CURVE('',#709,#670,#76,.T.);
#566=EDGE_CURVE('',#709,#707,#77,.F.);
#567=EDGE_CURVE('',#710,#711,#78,.F.);
#568=EDGE_CURVE('',#710,#660,#79,.F.);
#569=EDGE_CURVE('',#660,#712,#80,.F.);
#570=EDGE_CURVE('',#712,#711,#81,.F.);
#571=EDGE_CURVE('',#712,#700,#82,.F.);
#572=EDGE_CURVE('',#713,#700,#83,.T.);
#573=EDGE_CURVE('',#713,#711,#84,.F.);
#574=EDGE_CURVE('',#714,#715,#85,.F.);
#575=EDGE_CURVE('',#714,#659,#86,.F.);
#576=EDGE_CURVE('',#659,#716,#87,.F.);
#577=EDGE_CURVE('',#716,#715,#88,.F.);
#578=EDGE_CURVE('',#716,#666,#89,.F.);
#579=EDGE_CURVE('',#717,#666,#90,.T.);
#580=EDGE_CURVE('',#717,#715,#91,.F.);
#581=EDGE_CURVE('',#701,#714,#92,.F.);
#582=EDGE_CURVE('',#679,#710,#93,.F.);
#583=EDGE_CURVE('',#701,#717,#94,.T.);
#584=EDGE_CURVE('',#679,#713,#95,.T.);
#585=EDGE_CURVE('',#698,#706,#96,.F.);
#586=EDGE_CURVE('',#669,#702,#97,.F.);
#587=EDGE_CURVE('',#698,#709,#98,.T.);
#588=EDGE_CURVE('',#669,#705,#99,.T.);
#589=EDGE_CURVE('',#718,#684,#812,.T.);
#590=EDGE_CURVE('',#719,#718,#813,.T.);
#591=EDGE_CURVE('',#719,#683,#814,.T.);
#592=EDGE_CURVE('',#720,#697,#815,.T.);
#593=EDGE_CURVE('',#718,#720,#816,.T.);
#594=EDGE_CURVE('',#721,#696,#817,.T.);
#595=EDGE_CURVE('',#721,#720,#818,.T.);
#596=EDGE_CURVE('',#722,#695,#819,.T.);
#597=EDGE_CURVE('',#722,#721,#820,.T.);
#598=EDGE_CURVE('',#723,#694,#821,.T.);
#599=EDGE_CURVE('',#723,#722,#822,.T.);
#600=EDGE_CURVE('',#724,#693,#823,.T.);
#601=EDGE_CURVE('',#724,#723,#824,.T.);
#602=EDGE_CURVE('',#725,#692,#825,.T.);
#603=EDGE_CURVE('',#725,#724,#826,.T.);
#604=EDGE_CURVE('',#726,#691,#827,.T.);
#605=EDGE_CURVE('',#726,#725,#828,.T.);
#606=EDGE_CURVE('',#727,#690,#829,.T.);
#607=EDGE_CURVE('',#727,#726,#830,.T.);
#608=EDGE_CURVE('',#728,#689,#831,.T.);
#609=EDGE_CURVE('',#727,#728,#832,.T.);
#610=EDGE_CURVE('',#729,#688,#833,.T.);
#611=EDGE_CURVE('',#728,#729,#834,.T.);
#612=EDGE_CURVE('',#730,#687,#835,.T.);
#613=EDGE_CURVE('',#729,#730,#836,.T.);
#614=EDGE_CURVE('',#731,#686,#837,.T.);
#615=EDGE_CURVE('',#730,#731,#838,.T.);
#616=EDGE_CURVE('',#732,#685,#839,.T.);
#617=EDGE_CURVE('',#731,#732,#840,.T.);
#618=EDGE_CURVE('',#732,#719,#841,.T.);
#619=VERTEX_POINT('',#1530);
#620=VERTEX_POINT('',#1531);
#621=VERTEX_POINT('',#1533);
#622=VERTEX_POINT('',#1535);
#623=VERTEX_POINT('',#1539);
#624=VERTEX_POINT('',#1541);
#625=VERTEX_POINT('',#1545);
#626=VERTEX_POINT('',#1547);
#627=VERTEX_POINT('',#1551);
#628=VERTEX_POINT('',#1552);
#629=VERTEX_POINT('',#1554);
#630=VERTEX_POINT('',#1556);
#631=VERTEX_POINT('',#1560);
#632=VERTEX_POINT('',#1562);
#633=VERTEX_POINT('',#1566);
#634=VERTEX_POINT('',#1567);
#635=VERTEX_POINT('',#1569);
#636=VERTEX_POINT('',#1571);
#637=VERTEX_POINT('',#1575);
#638=VERTEX_POINT('',#1577);
#639=VERTEX_POINT('',#1581);
#640=VERTEX_POINT('',#1582);
#641=VERTEX_POINT('',#1584);
#642=VERTEX_POINT('',#1586);
#643=VERTEX_POINT('',#1590);
#644=VERTEX_POINT('',#1592);
#645=VERTEX_POINT('',#1596);
#646=VERTEX_POINT('',#1598);
#647=VERTEX_POINT('',#1602);
#648=VERTEX_POINT('',#1603);
#649=VERTEX_POINT('',#1605);
#650=VERTEX_POINT('',#1607);
#651=VERTEX_POINT('',#1611);
#652=VERTEX_POINT('',#1613);
#653=VERTEX_POINT('',#1617);
#654=VERTEX_POINT('',#1618);
#655=VERTEX_POINT('',#1620);
#656=VERTEX_POINT('',#1622);
#657=VERTEX_POINT('',#1626);
#658=VERTEX_POINT('',#1628);
#659=VERTEX_POINT('',#1635);
#660=VERTEX_POINT('',#1636);
#661=VERTEX_POINT('',#1641);
#662=VERTEX_POINT('',#1643);
#663=VERTEX_POINT('',#1650);
#664=VERTEX_POINT('',#1651);
#665=VERTEX_POINT('',#1656);
#666=VERTEX_POINT('',#1661);
#667=VERTEX_POINT('',#1668);
#668=VERTEX_POINT('',#1669);
#669=VERTEX_POINT('',#1674);
#670=VERTEX_POINT('',#1679);
#671=VERTEX_POINT('',#1701);
#672=VERTEX_POINT('',#1703);
#673=VERTEX_POINT('',#1706);
#674=VERTEX_POINT('',#1708);
#675=VERTEX_POINT('',#1711);
#676=VERTEX_POINT('',#1713);
#677=VERTEX_POINT('',#1716);
#678=VERTEX_POINT('',#1718);
#679=VERTEX_POINT('',#1724);
#680=VERTEX_POINT('',#1725);
#681=VERTEX_POINT('',#1730);
#682=VERTEX_POINT('',#1732);
#683=VERTEX_POINT('',#1742);
#684=VERTEX_POINT('',#1743);
#685=VERTEX_POINT('',#1745);
#686=VERTEX_POINT('',#1747);
#687=VERTEX_POINT('',#1749);
#688=VERTEX_POINT('',#1751);
#689=VERTEX_POINT('',#1753);
#690=VERTEX_POINT('',#1755);
#691=VERTEX_POINT('',#1757);
#692=VERTEX_POINT('',#1759);
#693=VERTEX_POINT('',#1761);
#694=VERTEX_POINT('',#1763);
#695=VERTEX_POINT('',#1765);
#696=VERTEX_POINT('',#1767);
#697=VERTEX_POINT('',#1769);
#698=VERTEX_POINT('',#1775);
#699=VERTEX_POINT('',#1776);
#700=VERTEX_POINT('',#1781);
#701=VERTEX_POINT('',#1786);
#702=VERTEX_POINT('',#1880);
#703=VERTEX_POINT('',#1881);
#704=VERTEX_POINT('',#1890);
#705=VERTEX_POINT('',#1971);
#706=VERTEX_POINT('',#2052);
#707=VERTEX_POINT('',#2053);
#708=VERTEX_POINT('',#2062);
#709=VERTEX_POINT('',#2143);
#710=VERTEX_POINT('',#2224);
#711=VERTEX_POINT('',#2225);
#712=VERTEX_POINT('',#2234);
#713=VERTEX_POINT('',#2315);
#714=VERTEX_POINT('',#2396);
#715=VERTEX_POINT('',#2397);
#716=VERTEX_POINT('',#2406);
#717=VERTEX_POINT('',#2487);
#718=VERTEX_POINT('',#2850);
#719=VERTEX_POINT('',#2852);
#720=VERTEX_POINT('',#2856);
#721=VERTEX_POINT('',#2860);
#722=VERTEX_POINT('',#2864);
#723=VERTEX_POINT('',#2868);
#724=VERTEX_POINT('',#2872);
#725=VERTEX_POINT('',#2876);
#726=VERTEX_POINT('',#2880);
#727=VERTEX_POINT('',#2884);
#728=VERTEX_POINT('',#2888);
#729=VERTEX_POINT('',#2892);
#730=VERTEX_POINT('',#2896);
#731=VERTEX_POINT('',#2900);
#732=VERTEX_POINT('',#2904);
#733=LINE('',#1529,#842);
#734=LINE('',#1532,#843);
#735=LINE('',#1534,#844);
#736=LINE('',#1536,#845);
#737=LINE('',#1538,#846);
#738=LINE('',#1540,#847);
#739=LINE('',#1542,#848);
#740=LINE('',#1544,#849);
#741=LINE('',#1546,#850);
#742=LINE('',#1548,#851);
#743=LINE('',#1550,#852);
#744=LINE('',#1553,#853);
#745=LINE('',#1555,#854);
#746=LINE('',#1557,#855);
#747=LINE('',#1559,#856);
#748=LINE('',#1561,#857);
#749=LINE('',#1563,#858);
#750=LINE('',#1565,#859);
#751=LINE('',#1568,#860);
#752=LINE('',#1570,#861);
#753=LINE('',#1572,#862);
#754=LINE('',#1574,#863);
#755=LINE('',#1576,#864);
#756=LINE('',#1578,#865);
#757=LINE('',#1580,#866);
#758=LINE('',#1583,#867);
#759=LINE('',#1585,#868);
#760=LINE('',#1587,#869);
#761=LINE('',#1589,#870);
#762=LINE('',#1591,#871);
#763=LINE('',#1593,#872);
#764=LINE('',#1595,#873);
#765=LINE('',#1597,#874);
#766=LINE('',#1599,#875);
#767=LINE('',#1601,#876);
#768=LINE('',#1604,#877);
#769=LINE('',#1606,#878);
#770=LINE('',#1608,#879);
#771=LINE('',#1610,#880);
#772=LINE('',#1612,#881);
#773=LINE('',#1614,#882);
#774=LINE('',#1616,#883);
#775=LINE('',#1619,#884);
#776=LINE('',#1621,#885);
#777=LINE('',#1623,#886);
#778=LINE('',#1625,#887);
#779=LINE('',#1627,#888);
#780=LINE('',#1629,#889);
#781=LINE('',#1642,#890);
#782=LINE('',#1649,#891);
#783=LINE('',#1667,#892);
#784=LINE('',#1685,#893);
#785=LINE('',#1686,#894);
#786=LINE('',#1688,#895);
#787=LINE('',#1689,#896);
#788=LINE('',#1691,#897);
#789=LINE('',#1692,#898);
#790=LINE('',#1694,#899);
#791=LINE('',#1695,#900);
#792=LINE('',#1697,#901);
#793=LINE('',#1698,#902);
#794=LINE('',#1731,#903);
#795=LINE('',#1738,#904);
#796=LINE('',#1739,#905);
#797=LINE('',#1741,#906);
#798=LINE('',#1744,#907);
#799=LINE('',#1746,#908);
#800=LINE('',#1748,#909);
#801=LINE('',#1750,#910);
#802=LINE('',#1752,#911);
#803=LINE('',#1754,#912);
#804=LINE('',#1756,#913);
#805=LINE('',#1758,#914);
#806=LINE('',#1760,#915);
#807=LINE('',#1762,#916);
#808=LINE('',#1764,#917);
#809=LINE('',#1766,#918);
#810=LINE('',#1768,#919);
#811=LINE('',#1770,#920);
#812=LINE('',#2849,#921);
#813=LINE('',#2851,#922);
#814=LINE('',#2853,#923);
#815=LINE('',#2855,#924);
#816=LINE('',#2857,#925);
#817=LINE('',#2859,#926);
#818=LINE('',#2861,#927);
#819=LINE('',#2863,#928);
#820=LINE('',#2865,#929);
#821=LINE('',#2867,#930);
#822=LINE('',#2869,#931);
#823=LINE('',#2871,#932);
#824=LINE('',#2873,#933);
#825=LINE('',#2875,#934);
#826=LINE('',#2877,#935);
#827=LINE('',#2879,#936);
#828=LINE('',#2881,#937);
#829=LINE('',#2883,#938);
#830=LINE('',#2885,#939);
#831=LINE('',#2887,#940);
#832=LINE('',#2889,#941);
#833=LINE('',#2891,#942);
#834=LINE('',#2893,#943);
#835=LINE('',#2895,#944);
#836=LINE('',#2897,#945);
#837=LINE('',#2899,#946);
#838=LINE('',#2901,#947);
#839=LINE('',#2903,#948);
#840=LINE('',#2905,#949);
#841=LINE('',#2907,#950);
#842=VECTOR('',#1312,1.);
#843=VECTOR('',#1313,1.);
#844=VECTOR('',#1314,1.);
#845=VECTOR('',#1315,1.);
#846=VECTOR('',#1318,1.);
#847=VECTOR('',#1319,1.);
#848=VECTOR('',#1320,1.);
#849=VECTOR('',#1323,1.);
#850=VECTOR('',#1324,1.);
#851=VECTOR('',#1325,1.);
#852=VECTOR('',#1328,1.);
#853=VECTOR('',#1329,1.);
#854=VECTOR('',#1330,1.);
#855=VECTOR('',#1331,1.);
#856=VECTOR('',#1334,1.);
#857=VECTOR('',#1335,1.);
#858=VECTOR('',#1336,1.);
#859=VECTOR('',#1339,1.);
#860=VECTOR('',#1340,1.);
#861=VECTOR('',#1341,1.);
#862=VECTOR('',#1342,1.);
#863=VECTOR('',#1345,1.);
#864=VECTOR('',#1346,1.);
#865=VECTOR('',#1347,1.);
#866=VECTOR('',#1350,1.);
#867=VECTOR('',#1351,1.);
#868=VECTOR('',#1352,1.);
#869=VECTOR('',#1353,1.);
#870=VECTOR('',#1356,1.);
#871=VECTOR('',#1357,1.);
#872=VECTOR('',#1358,1.);
#873=VECTOR('',#1361,1.);
#874=VECTOR('',#1362,1.);
#875=VECTOR('',#1363,1.);
#876=VECTOR('',#1366,1.);
#877=VECTOR('',#1367,1.);
#878=VECTOR('',#1368,1.);
#879=VECTOR('',#1369,1.);
#880=VECTOR('',#1372,1.);
#881=VECTOR('',#1373,1.);
#882=VECTOR('',#1374,1.);
#883=VECTOR('',#1377,1.);
#884=VECTOR('',#1378,1.);
#885=VECTOR('',#1379,1.);
#886=VECTOR('',#1380,1.);
#887=VECTOR('',#1383,1.);
#888=VECTOR('',#1384,1.);
#889=VECTOR('',#1385,1.);
#890=VECTOR('',#1388,1.);
#891=VECTOR('',#1391,1.);
#892=VECTOR('',#1394,1.);
#893=VECTOR('',#1397,1.);
#894=VECTOR('',#1398,1.);
#895=VECTOR('',#1401,1.);
#896=VECTOR('',#1402,1.);
#897=VECTOR('',#1405,1.);
#898=VECTOR('',#1406,1.);
#899=VECTOR('',#1409,1.);
#900=VECTOR('',#1410,1.);
#901=VECTOR('',#1413,1.);
#902=VECTOR('',#1414,1.);
#903=VECTOR('',#1441,1.);
#904=VECTOR('',#1444,1.);
#905=VECTOR('',#1445,1.);
#906=VECTOR('',#1448,1.);
#907=VECTOR('',#1449,1.);
#908=VECTOR('',#1450,1.);
#909=VECTOR('',#1451,1.);
#910=VECTOR('',#1452,1.);
#911=VECTOR('',#1453,1.);
#912=VECTOR('',#1454,1.);
#913=VECTOR('',#1455,1.);
#914=VECTOR('',#1456,1.);
#915=VECTOR('',#1457,1.);
#916=VECTOR('',#1458,1.);
#917=VECTOR('',#1459,1.);
#918=VECTOR('',#1460,1.);
#919=VECTOR('',#1461,1.);
#920=VECTOR('',#1462,1.);
#921=VECTOR('',#1467,1.);
#922=VECTOR('',#1468,1.);
#923=VECTOR('',#1469,1.);
#924=VECTOR('',#1472,1.);
#925=VECTOR('',#1473,1.);
#926=VECTOR('',#1476,1.);
#927=VECTOR('',#1477,1.);
#928=VECTOR('',#1480,1.);
#929=VECTOR('',#1481,1.);
#930=VECTOR('',#1484,1.);
#931=VECTOR('',#1485,1.);
#932=VECTOR('',#1488,1.);
#933=VECTOR('',#1489,1.);
#934=VECTOR('',#1492,1.);
#935=VECTOR('',#1493,1.);
#936=VECTOR('',#1496,1.);
#937=VECTOR('',#1497,1.);
#938=VECTOR('',#1500,1.);
#939=VECTOR('',#1501,1.);
#940=VECTOR('',#1504,1.);
#941=VECTOR('',#1505,1.);
#942=VECTOR('',#1508,1.);
#943=VECTOR('',#1509,1.);
#944=VECTOR('',#1512,1.);
#945=VECTOR('',#1513,1.);
#946=VECTOR('',#1516,1.);
#947=VECTOR('',#1517,1.);
#948=VECTOR('',#1520,1.);
#949=VECTOR('',#1521,1.);
#950=VECTOR('',#1524,1.);
#951=EDGE_LOOP('',(#100,#101,#102,#103));
#952=EDGE_LOOP('',(#104,#105,#106,#107));
#953=EDGE_LOOP('',(#108,#109,#110,#111));
#954=EDGE_LOOP('',(#112,#113,#114,#115));
#955=EDGE_LOOP('',(#116,#117,#118,#119));
#956=EDGE_LOOP('',(#120,#121,#122,#123));
#957=EDGE_LOOP('',(#124,#125,#126,#127));
#958=EDGE_LOOP('',(#128,#129,#130,#131));
#959=EDGE_LOOP('',(#132,#133,#134,#135));
#960=EDGE_LOOP('',(#136,#137,#138,#139));
#961=EDGE_LOOP('',(#140,#141,#142,#143));
#962=EDGE_LOOP('',(#144,#145,#146,#147));
#963=EDGE_LOOP('',(#148,#149,#150,#151));
#964=EDGE_LOOP('',(#152,#153,#154,#155));
#965=EDGE_LOOP('',(#156,#157,#158,#159));
#966=EDGE_LOOP('',(#160,#161,#162,#163));
#967=EDGE_LOOP('',(#164,#165,#166,#167));
#968=EDGE_LOOP('',(#168,#169,#170,#171));
#969=EDGE_LOOP('',(#172,#173,#174,#175));
#970=EDGE_LOOP('',(#176,#177,#178,#179));
#971=EDGE_LOOP('',(#180,#181,#182,#183));
#972=EDGE_LOOP('',(#184,#185,#186,#187));
#973=EDGE_LOOP('',(#188));
#974=EDGE_LOOP('',(#189));
#975=EDGE_LOOP('',(#190));
#976=EDGE_LOOP('',(#191));
#977=EDGE_LOOP('',(#192));
#978=EDGE_LOOP('',(#193));
#979=EDGE_LOOP('',(#194));
#980=EDGE_LOOP('',(#195));
#981=EDGE_LOOP('',(#196,#197,#198,#199));
#982=EDGE_LOOP('',(#200,#201,#202,#203));
#983=EDGE_LOOP('',(#204,#205,#206,#207,#208,#209,#210,#211,#212,#213,#214,
#215,#216,#217,#218));
#984=EDGE_LOOP('',(#219,#220,#221,#222));
#985=EDGE_LOOP('',(#223));
#986=EDGE_LOOP('',(#224));
#987=EDGE_LOOP('',(#225));
#988=EDGE_LOOP('',(#226));
#989=EDGE_LOOP('',(#227,#228,#229));
#990=EDGE_LOOP('',(#230,#231,#232));
#991=EDGE_LOOP('',(#233,#234,#235,#236));
#992=EDGE_LOOP('',(#237,#238,#239));
#993=EDGE_LOOP('',(#240,#241,#242));
#994=EDGE_LOOP('',(#243,#244,#245,#246));
#995=EDGE_LOOP('',(#247,#248,#249,#250,#251,#252,#253,#254));
#996=EDGE_LOOP('',(#255));
#997=EDGE_LOOP('',(#256));
#998=EDGE_LOOP('',(#257));
#999=EDGE_LOOP('',(#258));
#1000=EDGE_LOOP('',(#259,#260,#261));
#1001=EDGE_LOOP('',(#262,#263,#264));
#1002=EDGE_LOOP('',(#265,#266,#267,#268));
#1003=EDGE_LOOP('',(#269,#270,#271));
#1004=EDGE_LOOP('',(#272,#273,#274));
#1005=EDGE_LOOP('',(#275,#276,#277,#278));
#1006=EDGE_LOOP('',(#279,#280,#281,#282));
#1007=EDGE_LOOP('',(#283,#284,#285,#286));
#1008=EDGE_LOOP('',(#287,#288,#289,#290));
#1009=EDGE_LOOP('',(#291,#292,#293,#294));
#1010=EDGE_LOOP('',(#295,#296,#297,#298));
#1011=EDGE_LOOP('',(#299,#300,#301,#302));
#1012=EDGE_LOOP('',(#303,#304,#305,#306));
#1013=EDGE_LOOP('',(#307,#308,#309,#310));
#1014=EDGE_LOOP('',(#311,#312,#313,#314,#315));
#1015=EDGE_LOOP('',(#316,#317,#318,#319,#320,#321));
#1016=EDGE_LOOP('',(#322,#323,#324,#325,#326));
#1017=EDGE_LOOP('',(#327,#328,#329,#330));
#1018=EDGE_LOOP('',(#331,#332,#333,#334));
#1019=EDGE_LOOP('',(#335,#336,#337,#338,#339));
#1020=EDGE_LOOP('',(#340,#341,#342,#343,#344,#345));
#1021=EDGE_LOOP('',(#346,#347,#348,#349,#350,#351));
#1022=EDGE_LOOP('',(#352,#353,#354,#355,#356));
#1023=EDGE_LOOP('',(#357,#358,#359,#360));
#1024=EDGE_LOOP('',(#361,#362,#363,#364));
#1025=EDGE_LOOP('',(#365,#366,#367,#368,#369,#370));
#1026=EDGE_LOOP('',(#371,#372,#373,#374));
#1027=EDGE_LOOP('',(#375,#376,#377,#378));
#1028=EDGE_LOOP('',(#379,#380,#381,#382));
#1029=EDGE_LOOP('',(#383,#384,#385,#386));
#1030=EDGE_LOOP('',(#387,#388,#389,#390));
#1031=EDGE_LOOP('',(#391,#392,#393,#394));
#1032=EDGE_LOOP('',(#395,#396,#397,#398));
#1033=EDGE_LOOP('',(#399,#400,#401,#402));
#1034=EDGE_LOOP('',(#403,#404,#405,#406));
#1035=EDGE_LOOP('',(#407,#408,#409,#410));
#1036=EDGE_LOOP('',(#411,#412,#413,#414));
#1037=EDGE_LOOP('',(#415,#416,#417,#418));
#1038=EDGE_LOOP('',(#419,#420,#421,#422));
#1039=EDGE_LOOP('',(#423,#424,#425,#426));
#1040=EDGE_LOOP('',(#427,#428,#429,#430));
#1041=EDGE_LOOP('',(#431,#432,#433,#434,#435,#436,#437,#438,#439,#440,#441,
#442,#443,#444,#445));
#1042=FACE_BOUND('',#951,.T.);
#1043=FACE_BOUND('',#952,.T.);
#1044=FACE_BOUND('',#953,.T.);
#1045=FACE_BOUND('',#954,.T.);
#1046=FACE_BOUND('',#955,.T.);
#1047=FACE_BOUND('',#956,.T.);
#1048=FACE_BOUND('',#957,.T.);
#1049=FACE_BOUND('',#958,.T.);
#1050=FACE_BOUND('',#959,.T.);
#1051=FACE_BOUND('',#960,.T.);
#1052=FACE_BOUND('',#961,.T.);
#1053=FACE_BOUND('',#962,.T.);
#1054=FACE_BOUND('',#963,.T.);
#1055=FACE_BOUND('',#964,.T.);
#1056=FACE_BOUND('',#965,.T.);
#1057=FACE_BOUND('',#966,.T.);
#1058=FACE_BOUND('',#967,.T.);
#1059=FACE_BOUND('',#968,.T.);
#1060=FACE_BOUND('',#969,.T.);
#1061=FACE_BOUND('',#970,.T.);
#1062=FACE_BOUND('',#971,.T.);
#1063=FACE_BOUND('',#972,.T.);
#1064=FACE_BOUND('',#973,.T.);
#1065=FACE_BOUND('',#974,.T.);
#1066=FACE_BOUND('',#975,.T.);
#1067=FACE_BOUND('',#976,.T.);
#1068=FACE_BOUND('',#977,.T.);
#1069=FACE_BOUND('',#978,.T.);
#1070=FACE_BOUND('',#979,.T.);
#1071=FACE_BOUND('',#980,.T.);
#1072=FACE_BOUND('',#981,.T.);
#1073=FACE_BOUND('',#982,.T.);
#1074=FACE_BOUND('',#983,.T.);
#1075=FACE_BOUND('',#984,.T.);
#1076=FACE_BOUND('',#985,.T.);
#1077=FACE_BOUND('',#986,.T.);
#1078=FACE_BOUND('',#987,.T.);
#1079=FACE_BOUND('',#988,.T.);
#1080=FACE_BOUND('',#989,.T.);
#1081=FACE_BOUND('',#990,.T.);
#1082=FACE_BOUND('',#991,.T.);
#1083=FACE_BOUND('',#992,.T.);
#1084=FACE_BOUND('',#993,.T.);
#1085=FACE_BOUND('',#994,.T.);
#1086=FACE_BOUND('',#995,.T.);
#1087=FACE_BOUND('',#996,.T.);
#1088=FACE_BOUND('',#997,.T.);
#1089=FACE_BOUND('',#998,.T.);
#1090=FACE_BOUND('',#999,.T.);
#1091=FACE_BOUND('',#1000,.T.);
#1092=FACE_BOUND('',#1001,.T.);
#1093=FACE_BOUND('',#1002,.T.);
#1094=FACE_BOUND('',#1003,.T.);
#1095=FACE_BOUND('',#1004,.T.);
#1096=FACE_BOUND('',#1005,.T.);
#1097=FACE_BOUND('',#1006,.T.);
#1098=FACE_BOUND('',#1007,.T.);
#1099=FACE_BOUND('',#1008,.T.);
#1100=FACE_BOUND('',#1009,.T.);
#1101=FACE_BOUND('',#1010,.T.);
#1102=FACE_BOUND('',#1011,.T.);
#1103=FACE_BOUND('',#1012,.T.);
#1104=FACE_BOUND('',#1013,.T.);
#1105=FACE_BOUND('',#1014,.T.);
#1106=FACE_BOUND('',#1015,.T.);
#1107=FACE_BOUND('',#1016,.T.);
#1108=FACE_BOUND('',#1017,.T.);
#1109=FACE_BOUND('',#1018,.T.);
#1110=FACE_BOUND('',#1019,.T.);
#1111=FACE_BOUND('',#1020,.T.);
#1112=FACE_BOUND('',#1021,.T.);
#1113=FACE_BOUND('',#1022,.T.);
#1114=FACE_BOUND('',#1023,.T.);
#1115=FACE_BOUND('',#1024,.T.);
#1116=FACE_BOUND('',#1025,.T.);
#1117=FACE_BOUND('',#1026,.T.);
#1118=FACE_BOUND('',#1027,.T.);
#1119=FACE_BOUND('',#1028,.T.);
#1120=FACE_BOUND('',#1029,.T.);
#1121=FACE_BOUND('',#1030,.T.);
#1122=FACE_BOUND('',#1031,.T.);
#1123=FACE_BOUND('',#1032,.T.);
#1124=FACE_BOUND('',#1033,.T.);
#1125=FACE_BOUND('',#1034,.T.);
#1126=FACE_BOUND('',#1035,.T.);
#1127=FACE_BOUND('',#1036,.T.);
#1128=FACE_BOUND('',#1037,.T.);
#1129=FACE_BOUND('',#1038,.T.);
#1130=FACE_BOUND('',#1039,.T.);
#1131=FACE_BOUND('',#1040,.T.);
#1132=FACE_BOUND('',#1041,.T.);
#1133=PLANE('',#1254);
#1134=PLANE('',#1255);
#1135=PLANE('',#1256);
#1136=PLANE('',#1257);
#1137=PLANE('',#1258);
#1138=PLANE('',#1259);
#1139=PLANE('',#1260);
#1140=PLANE('',#1261);
#1141=PLANE('',#1262);
#1142=PLANE('',#1263);
#1143=PLANE('',#1264);
#1144=PLANE('',#1265);
#1145=PLANE('',#1266);
#1146=PLANE('',#1267);
#1147=PLANE('',#1268);
#1148=PLANE('',#1269);
#1149=PLANE('',#1270);
#1150=PLANE('',#1271);
#1151=PLANE('',#1272);
#1152=PLANE('',#1273);
#1153=PLANE('',#1274);
#1154=PLANE('',#1275);
#1155=PLANE('',#1288);
#1156=PLANE('',#1289);
#1157=PLANE('',#1290);
#1158=PLANE('',#1291);
#1159=PLANE('',#1292);
#1160=PLANE('',#1293);
#1161=PLANE('',#1294);
#1162=PLANE('',#1295);
#1163=PLANE('',#1296);
#1164=PLANE('',#1297);
#1165=PLANE('',#1298);
#1166=PLANE('',#1299);
#1167=PLANE('',#1300);
#1168=PLANE('',#1301);
#1169=PLANE('',#1302);
#1170=PLANE('',#1303);
#1171=PLANE('',#1304);
#1172=PLANE('',#1305);
#1173=PLANE('',#1306);
#1174=PLANE('',#1307);
#1175=ADVANCED_FACE('',(#1042),#1133,.T.);
#1176=ADVANCED_FACE('',(#1043),#1134,.F.);
#1177=ADVANCED_FACE('',(#1044),#1135,.F.);
#1178=ADVANCED_FACE('',(#1045),#1136,.T.);
#1179=ADVANCED_FACE('',(#1046),#1137,.F.);
#1180=ADVANCED_FACE('',(#1047),#1138,.T.);
#1181=ADVANCED_FACE('',(#1048),#1139,.T.);
#1182=ADVANCED_FACE('',(#1049),#1140,.T.);
#1183=ADVANCED_FACE('',(#1050),#1141,.F.);
#1184=ADVANCED_FACE('',(#1051),#1142,.F.);
#1185=ADVANCED_FACE('',(#1052),#1143,.T.);
#1186=ADVANCED_FACE('',(#1053),#1144,.F.);
#1187=ADVANCED_FACE('',(#1054),#1145,.T.);
#1188=ADVANCED_FACE('',(#1055),#1146,.F.);
#1189=ADVANCED_FACE('',(#1056),#1147,.T.);
#1190=ADVANCED_FACE('',(#1057),#1148,.F.);
#1191=ADVANCED_FACE('',(#1058),#1149,.F.);
#1192=ADVANCED_FACE('',(#1059),#1150,.T.);
#1193=ADVANCED_FACE('',(#1060),#1151,.T.);
#1194=ADVANCED_FACE('',(#1061),#1152,.F.);
#1195=ADVANCED_FACE('',(#1062),#1153,.T.);
#1196=ADVANCED_FACE('',(#1063),#1154,.T.);
#1197=ADVANCED_FACE('',(#1064,#1065),#40,.F.);
#1198=ADVANCED_FACE('',(#1066,#1067),#41,.F.);
#1199=ADVANCED_FACE('',(#1068,#1069),#42,.F.);
#1200=ADVANCED_FACE('',(#1070,#1071),#43,.F.);
#1201=ADVANCED_FACE('',(#1072),#1155,.T.);
#1202=ADVANCED_FACE('',(#1073),#1156,.T.);
#1203=ADVANCED_FACE('',(#1074,#1075,#1076,#1077,#1078,#1079,#1080,#1081,
#1082,#1083,#1084,#1085),#1157,.T.);
#1204=ADVANCED_FACE('',(#1086,#1087,#1088,#1089,#1090,#1091,#1092,#1093,
#1094,#1095,#1096),#1158,.F.);
#1205=ADVANCED_FACE('',(#1097),#12,.T.);
#1206=ADVANCED_FACE('',(#1098),#13,.T.);
#1207=ADVANCED_FACE('',(#1099),#14,.T.);
#1208=ADVANCED_FACE('',(#1100),#15,.T.);
#1209=ADVANCED_FACE('',(#1101),#16,.T.);
#1210=ADVANCED_FACE('',(#1102),#17,.T.);
#1211=ADVANCED_FACE('',(#1103),#18,.T.);
#1212=ADVANCED_FACE('',(#1104),#19,.T.);
#1213=ADVANCED_FACE('',(#1105),#20,.T.);
#1214=ADVANCED_FACE('',(#1106),#21,.T.);
#1215=ADVANCED_FACE('',(#1107),#22,.T.);
#1216=ADVANCED_FACE('',(#1108),#23,.T.);
#1217=ADVANCED_FACE('',(#1109),#24,.T.);
#1218=ADVANCED_FACE('',(#1110),#25,.T.);
#1219=ADVANCED_FACE('',(#1111),#26,.T.);
#1220=ADVANCED_FACE('',(#1112),#27,.T.);
#1221=ADVANCED_FACE('',(#1113),#28,.T.);
#1222=ADVANCED_FACE('',(#1114),#29,.T.);
#1223=ADVANCED_FACE('',(#1115),#30,.T.);
#1224=ADVANCED_FACE('',(#1116),#31,.T.);
#1225=ADVANCED_FACE('',(#1117),#1159,.F.);
#1226=ADVANCED_FACE('',(#1118),#1160,.F.);
#1227=ADVANCED_FACE('',(#1119),#1161,.T.);
#1228=ADVANCED_FACE('',(#1120),#1162,.T.);
#1229=ADVANCED_FACE('',(#1121),#1163,.T.);
#1230=ADVANCED_FACE('',(#1122),#1164,.T.);
#1231=ADVANCED_FACE('',(#1123),#1165,.T.);
#1232=ADVANCED_FACE('',(#1124),#1166,.T.);
#1233=ADVANCED_FACE('',(#1125),#1167,.T.);
#1234=ADVANCED_FACE('',(#1126),#1168,.F.);
#1235=ADVANCED_FACE('',(#1127),#1169,.F.);
#1236=ADVANCED_FACE('',(#1128),#1170,.F.);
#1237=ADVANCED_FACE('',(#1129),#1171,.F.);
#1238=ADVANCED_FACE('',(#1130),#1172,.F.);
#1239=ADVANCED_FACE('',(#1131),#1173,.F.);
#1240=ADVANCED_FACE('',(#1132),#1174,.T.);
#1241=CLOSED_SHELL('',(#1175,#1176,#1177,#1178,#1179,#1180,#1181,#1182,
#1183,#1184,#1185,#1186,#1187,#1188,#1189,#1190,#1191,#1192,#1193,#1194,
#1195,#1196,#1197,#1198,#1199,#1200,#1201,#1202,#1203,#1204,#1205,#1206,
#1207,#1208,#1209,#1210,#1211,#1212,#1213,#1214,#1215,#1216,#1217,#1218,
#1219,#1220,#1221,#1222,#1223,#1224,#1225,#1226,#1227,#1228,#1229,#1230,
#1231,#1232,#1233,#1234,#1235,#1236,#1237,#1238,#1239,#1240));
#1242=STYLED_ITEM('',(#1243),#1250);
#1243=PRESENTATION_STYLE_ASSIGNMENT((#1244));
#1244=SURFACE_STYLE_USAGE(.BOTH.,#1245);
#1245=SURFACE_SIDE_STYLE('',(#1246));
#1246=SURFACE_STYLE_FILL_AREA(#1247);
#1247=FILL_AREA_STYLE('',(#1248));
#1248=FILL_AREA_STYLE_COLOUR('',#1249);
#1249=COLOUR_RGB('',0.901960784313726,0.901960784313726,0.901960784313726);
#1250=MANIFOLD_SOLID_BREP('Part 2',#1241);
#1251=SHAPE_DEFINITION_REPRESENTATION(#2915,#1252);
#1252=SHAPE_REPRESENTATION('Part 2',(#1253),#2910);
#1253=AXIS2_PLACEMENT_3D('',#1527,#1308,#1309);
#1254=AXIS2_PLACEMENT_3D('',#1528,#1310,#1311);
#1255=AXIS2_PLACEMENT_3D('',#1537,#1316,#1317);
#1256=AXIS2_PLACEMENT_3D('',#1543,#1321,#1322);
#1257=AXIS2_PLACEMENT_3D('',#1549,#1326,#1327);
#1258=AXIS2_PLACEMENT_3D('',#1558,#1332,#1333);
#1259=AXIS2_PLACEMENT_3D('',#1564,#1337,#1338);
#1260=AXIS2_PLACEMENT_3D('',#1573,#1343,#1344);
#1261=AXIS2_PLACEMENT_3D('',#1579,#1348,#1349);
#1262=AXIS2_PLACEMENT_3D('',#1588,#1354,#1355);
#1263=AXIS2_PLACEMENT_3D('',#1594,#1359,#1360);
#1264=AXIS2_PLACEMENT_3D('',#1600,#1364,#1365);
#1265=AXIS2_PLACEMENT_3D('',#1609,#1370,#1371);
#1266=AXIS2_PLACEMENT_3D('',#1615,#1375,#1376);
#1267=AXIS2_PLACEMENT_3D('',#1624,#1381,#1382);
#1268=AXIS2_PLACEMENT_3D('',#1630,#1386,#1387);
#1269=AXIS2_PLACEMENT_3D('',#1648,#1389,#1390);
#1270=AXIS2_PLACEMENT_3D('',#1666,#1392,#1393);
#1271=AXIS2_PLACEMENT_3D('',#1684,#1395,#1396);
#1272=AXIS2_PLACEMENT_3D('',#1687,#1399,#1400);
#1273=AXIS2_PLACEMENT_3D('',#1690,#1403,#1404);
#1274=AXIS2_PLACEMENT_3D('',#1693,#1407,#1408);
#1275=AXIS2_PLACEMENT_3D('',#1696,#1411,#1412);
#1276=AXIS2_PLACEMENT_3D('',#1699,#1415,#1416);
#1277=AXIS2_PLACEMENT_3D('',#1700,#1417,#1418);
#1278=AXIS2_PLACEMENT_3D('',#1702,#1419,#1420);
#1279=AXIS2_PLACEMENT_3D('',#1704,#1421,#1422);
#1280=AXIS2_PLACEMENT_3D('',#1705,#1423,#1424);
#1281=AXIS2_PLACEMENT_3D('',#1707,#1425,#1426);
#1282=AXIS2_PLACEMENT_3D('',#1709,#1427,#1428);
#1283=AXIS2_PLACEMENT_3D('',#1710,#1429,#1430);
#1284=AXIS2_PLACEMENT_3D('',#1712,#1431,#1432);
#1285=AXIS2_PLACEMENT_3D('',#1714,#1433,#1434);
#1286=AXIS2_PLACEMENT_3D('',#1715,#1435,#1436);
#1287=AXIS2_PLACEMENT_3D('',#1717,#1437,#1438);
#1288=AXIS2_PLACEMENT_3D('',#1719,#1439,#1440);
#1289=AXIS2_PLACEMENT_3D('',#1737,#1442,#1443);
#1290=AXIS2_PLACEMENT_3D('',#1740,#1446,#1447);
#1291=AXIS2_PLACEMENT_3D('',#1791,#1463,#1464);
#1292=AXIS2_PLACEMENT_3D('',#2848,#1465,#1466);
#1293=AXIS2_PLACEMENT_3D('',#2854,#1470,#1471);
#1294=AXIS2_PLACEMENT_3D('',#2858,#1474,#1475);
#1295=AXIS2_PLACEMENT_3D('',#2862,#1478,#1479);
#1296=AXIS2_PLACEMENT_3D('',#2866,#1482,#1483);
#1297=AXIS2_PLACEMENT_3D('',#2870,#1486,#1487);
#1298=AXIS2_PLACEMENT_3D('',#2874,#1490,#1491);
#1299=AXIS2_PLACEMENT_3D('',#2878,#1494,#1495);
#1300=AXIS2_PLACEMENT_3D('',#2882,#1498,#1499);
#1301=AXIS2_PLACEMENT_3D('',#2886,#1502,#1503);
#1302=AXIS2_PLACEMENT_3D('',#2890,#1506,#1507);
#1303=AXIS2_PLACEMENT_3D('',#2894,#1510,#1511);
#1304=AXIS2_PLACEMENT_3D('',#2898,#1514,#1515);
#1305=AXIS2_PLACEMENT_3D('',#2902,#1518,#1519);
#1306=AXIS2_PLACEMENT_3D('',#2906,#1522,#1523);
#1307=AXIS2_PLACEMENT_3D('',#2908,#1525,#1526);
#1308=DIRECTION('',(0.,0.,1.));
#1309=DIRECTION('',(1.,0.,0.));
#1310=DIRECTION('',(-1.08813372941116E-30,-1.,2.26207941267377E-15));
#1311=DIRECTION('',(0.,-2.26207941267377E-15,-1.));
#1312=DIRECTION('',(-1.,-1.67572594329318E-31,-5.55111512312578E-16));
#1313=DIRECTION('',(5.55111512312578E-16,-2.26207941267377E-15,-1.));
#1314=DIRECTION('',(-1.,-1.67572594329318E-31,-5.55111512312578E-16));
#1315=DIRECTION('',(5.55111512312578E-16,-2.26207941267377E-15,-1.));
#1316=DIRECTION('',(1.,4.81032506336724E-16,5.55111512312577E-16));
#1317=DIRECTION('',(5.55111512312577E-16,0.,-1.));
#1318=DIRECTION('',(4.81032506336723E-16,-1.,2.26207941267377E-15));
#1319=DIRECTION('',(5.55111512312578E-16,-2.26207941267377E-15,-1.));
#1320=DIRECTION('',(4.81032506336723E-16,-1.,2.26207941267377E-15));
#1321=DIRECTION('',(3.30709848106495E-16,-1.,2.26207941267377E-15));
#1322=DIRECTION('',(0.,-2.26207941267377E-15,-1.));
#1323=DIRECTION('',(-1.,-3.30709848106497E-16,-5.55111512312577E-16));
#1324=DIRECTION('',(5.55111512312578E-16,-2.26207941267377E-15,-1.));
#1325=DIRECTION('',(-1.,-3.30709848106497E-16,-5.55111512312577E-16));
#1326=DIRECTION('',(0.402846613235417,-0.915267505270866,2.29403257346562E-15));
#1327=DIRECTION('',(0.915267505270866,0.402846613235417,0.));
#1328=DIRECTION('',(-0.915267505270866,-0.402846613235417,4.03195501243718E-16));
#1329=DIRECTION('',(5.55111512312578E-16,-2.26207941267377E-15,-1.));
#1330=DIRECTION('',(-0.915267505270866,-0.402846613235417,4.03195501243718E-16));
#1331=DIRECTION('',(5.55111512312578E-16,-2.26207941267377E-15,-1.));
#1332=DIRECTION('',(1.,3.03576608295943E-16,5.55111512312577E-16));
#1333=DIRECTION('',(5.55111512312577E-16,0.,-1.));
#1334=DIRECTION('',(3.03576608295942E-16,-1.,2.26207941267377E-15));
#1335=DIRECTION('',(5.55111512312578E-16,-2.26207941267377E-15,-1.));
#1336=DIRECTION('',(3.03576608295942E-16,-1.,2.26207941267377E-15));
#1337=DIRECTION('',(-0.402846613235417,-0.915267505270866,1.84678298805939E-15));
#1338=DIRECTION('',(0.915267505270866,-0.402846613235417,0.));
#1339=DIRECTION('',(-0.915267505270866,0.402846613235417,-1.41934655928666E-15));
#1340=DIRECTION('',(5.55111512312578E-16,-2.26207941267377E-15,-1.));
#1341=DIRECTION('',(-0.915267505270866,0.402846613235417,-1.41934655928666E-15));
#1342=DIRECTION('',(5.55111512312578E-16,-2.26207941267377E-15,-1.));
#1343=DIRECTION('',(-0.402846613235417,0.915267505270866,-2.29403257346562E-15));
#1344=DIRECTION('',(-0.915267505270866,-0.402846613235417,0.));
#1345=DIRECTION('',(0.915267505270866,0.402846613235417,-4.03195501243717E-16));
#1346=DIRECTION('',(5.55111512312578E-16,-2.26207941267377E-15,-1.));
#1347=DIRECTION('',(0.915267505270866,0.402846613235417,-4.03195501243717E-16));
#1348=DIRECTION('',(0.402846613235417,0.915267505270866,-1.84678298805939E-15));
#1349=DIRECTION('',(-0.915267505270866,0.402846613235417,0.));
#1350=DIRECTION('',(0.915267505270866,-0.402846613235417,1.41934655928666E-15));
#1351=DIRECTION('',(5.55111512312578E-16,-2.26207941267377E-15,-1.));
#1352=DIRECTION('',(0.915267505270866,-0.402846613235417,1.41934655928666E-15));
#1353=DIRECTION('',(5.55111512312578E-16,-2.26207941267377E-15,-1.));
#1354=DIRECTION('',(-0.402846613235417,0.915267505270866,-2.29403257346562E-15));
#1355=DIRECTION('',(-0.915267505270866,-0.402846613235417,0.));
#1356=DIRECTION('',(0.915267505270866,0.402846613235417,-4.03195501243717E-16));
#1357=DIRECTION('',(5.55111512312578E-16,-2.26207941267377E-15,-1.));
#1358=DIRECTION('',(0.915267505270866,0.402846613235417,-4.03195501243717E-16));
#1359=DIRECTION('',(1.,2.78950508699789E-16,5.55111512312577E-16));
#1360=DIRECTION('',(5.55111512312577E-16,0.,-1.));
#1361=DIRECTION('',(2.78950508699788E-16,-1.,2.26207941267377E-15));
#1362=DIRECTION('',(5.55111512312578E-16,-2.26207941267377E-15,-1.));
#1363=DIRECTION('',(2.78950508699788E-16,-1.,2.26207941267377E-15));
#1364=DIRECTION('',(1.,3.46944695195363E-16,5.55111512312577E-16));
#1365=DIRECTION('',(5.55111512312577E-16,0.,-1.));
#1366=DIRECTION('',(3.46944695195362E-16,-1.,2.26207941267377E-15));
#1367=DIRECTION('',(5.55111512312578E-16,-2.26207941267377E-15,-1.));
#1368=DIRECTION('',(3.46944695195362E-16,-1.,2.26207941267377E-15));
#1369=DIRECTION('',(5.55111512312578E-16,-2.26207941267377E-15,-1.));
#1370=DIRECTION('',(0.402846613235416,0.915267505270866,-1.84678298805939E-15));
#1371=DIRECTION('',(-0.915267505270866,0.402846613235416,0.));
#1372=DIRECTION('',(0.915267505270866,-0.402846613235416,1.41934655928666E-15));
#1373=DIRECTION('',(5.55111512312578E-16,-2.26207941267377E-15,-1.));
#1374=DIRECTION('',(0.915267505270866,-0.402846613235416,1.41934655928666E-15));
#1375=DIRECTION('',(-1.38171910622852E-30,-1.,2.26207941267377E-15));
#1376=DIRECTION('',(0.,-2.26207941267377E-15,-1.));
#1377=DIRECTION('',(-1.,1.26012782488043E-31,-5.55111512312578E-16));
#1378=DIRECTION('',(5.55111512312578E-16,-2.26207941267377E-15,-1.));
#1379=DIRECTION('',(-1.,1.26012782488043E-31,-5.55111512312578E-16));
#1380=DIRECTION('',(5.55111512312578E-16,-2.26207941267377E-15,-1.));
#1381=DIRECTION('',(1.,3.46944695195363E-16,5.55111512312577E-16));
#1382=DIRECTION('',(5.55111512312577E-16,0.,-1.));
#1383=DIRECTION('',(3.46944695195362E-16,-1.,2.26207941267377E-15));
#1384=DIRECTION('',(5.55111512312578E-16,-2.26207941267377E-15,-1.));
#1385=DIRECTION('',(3.46944695195362E-16,-1.,2.26207941267377E-15));
#1386=DIRECTION('',(-1.,3.43659384158648E-16,-5.55111512312578E-16));
#1387=DIRECTION('',(-5.55111512312578E-16,0.,1.));
#1388=DIRECTION('',(3.43659384158649E-16,1.,-2.26207941267377E-15));
#1389=DIRECTION('',(-2.15727627538995E-17,1.,-2.26207941267377E-15));
#1390=DIRECTION('',(0.,2.26207941267377E-15,1.));
#1391=DIRECTION('',(1.,2.15727627539007E-17,5.55111512312578E-16));
#1392=DIRECTION('',(-1.,3.05475008141021E-16,-5.55111512312578E-16));
#1393=DIRECTION('',(-5.55111512312578E-16,0.,1.));
#1394=DIRECTION('',(3.05475008141022E-16,1.,-2.26207941267377E-15));
#1395=DIRECTION('',(0.402846613235416,0.915267505270866,-1.84678298805939E-15));
#1396=DIRECTION('',(-0.915267505270866,0.402846613235416,0.));
#1397=DIRECTION('',(0.915267505270866,-0.402846613235416,1.41934655928666E-15));
#1398=DIRECTION('',(0.915267505270866,-0.402846613235416,1.41934655928666E-15));
#1399=DIRECTION('',(1.,3.46944695195363E-16,5.55111512312577E-16));
#1400=DIRECTION('',(5.55111512312577E-16,0.,-1.));
#1401=DIRECTION('',(3.46944695195362E-16,-1.,2.26207941267377E-15));
#1402=DIRECTION('',(3.46944695195362E-16,-1.,2.26207941267377E-15));
#1403=DIRECTION('',(4.03846694442278E-16,-1.,2.26207941267377E-15));
#1404=DIRECTION('',(0.,-2.26207941267377E-15,-1.));
#1405=DIRECTION('',(-1.,-4.03846694442279E-16,-5.55111512312577E-16));
#1406=DIRECTION('',(-1.,-4.03846694442279E-16,-5.55111512312577E-16));
#1407=DIRECTION('',(-0.402846613235417,0.915267505270866,-2.29403257346562E-15));
#1408=DIRECTION('',(-0.915267505270866,-0.402846613235417,0.));
#1409=DIRECTION('',(0.915267505270866,0.402846613235417,-4.03195501243718E-16));
#1410=DIRECTION('',(0.915267505270866,0.402846613235417,-4.03195501243718E-16));
#1411=DIRECTION('',(0.402846613235417,0.915267505270866,-1.84678298805939E-15));
#1412=DIRECTION('',(-0.915267505270866,0.402846613235417,0.));
#1413=DIRECTION('',(0.915267505270866,-0.402846613235417,1.41934655928666E-15));
#1414=DIRECTION('',(0.915267505270866,-0.402846613235417,1.41934655928666E-15));
#1415=DIRECTION('',(5.55111512312578E-16,-2.26207941267377E-15,-1.));
#1416=DIRECTION('',(0.,1.,-2.26207941267377E-15));
#1417=DIRECTION('',(-5.55111512312578E-16,2.26207941267377E-15,1.));
#1418=DIRECTION('',(0.,-1.,2.26207941267377E-15));
#1419=DIRECTION('',(-5.55111512312578E-16,2.26207941267377E-15,1.));
#1420=DIRECTION('',(0.,-1.,2.26207941267377E-15));
#1421=DIRECTION('',(5.55111512312578E-16,-2.26207941267377E-15,-1.));
#1422=DIRECTION('',(0.,1.,-2.26207941267377E-15));
#1423=DIRECTION('',(-5.55111512312578E-16,2.26207941267377E-15,1.));
#1424=DIRECTION('',(0.,-1.,2.26207941267377E-15));
#1425=DIRECTION('',(-5.55111512312578E-16,2.26207941267377E-15,1.));
#1426=DIRECTION('',(0.,-1.,2.26207941267377E-15));
#1427=DIRECTION('',(5.55111512312578E-16,-2.26207941267377E-15,-1.));
#1428=DIRECTION('',(0.,1.,-2.26207941267377E-15));
#1429=DIRECTION('',(-5.55111512312578E-16,2.26207941267377E-15,1.));
#1430=DIRECTION('',(0.,-1.,2.26207941267377E-15));
#1431=DIRECTION('',(-5.55111512312578E-16,2.26207941267377E-15,1.));
#1432=DIRECTION('',(0.,-1.,2.26207941267377E-15));
#1433=DIRECTION('',(5.55111512312578E-16,-2.26207941267377E-15,-1.));
#1434=DIRECTION('',(0.,1.,-2.26207941267377E-15));
#1435=DIRECTION('',(-5.55111512312578E-16,2.26207941267377E-15,1.));
#1436=DIRECTION('',(0.,-1.,2.26207941267377E-15));
#1437=DIRECTION('',(-5.55111512312578E-16,2.26207941267377E-15,1.));
#1438=DIRECTION('',(0.,-1.,2.26207941267377E-15));
#1439=DIRECTION('',(2.42129224060883E-16,1.,-2.26207941267377E-15));
#1440=DIRECTION('',(0.,2.26207941267377E-15,1.));
#1441=DIRECTION('',(1.,-2.42129224060882E-16,5.55111512312578E-16));
#1442=DIRECTION('',(1.,2.10451721522317E-16,5.55111512312577E-16));
#1443=DIRECTION('',(5.55111512312577E-16,0.,-1.));
#1444=DIRECTION('',(2.10451721522316E-16,-1.,2.26207941267377E-15));
#1445=DIRECTION('',(2.10451721522316E-16,-1.,2.26207941267377E-15));
#1446=DIRECTION('',(-5.55111512312578E-16,2.26207941267377E-15,1.));
#1447=DIRECTION('',(1.,1.25570632374048E-30,5.55111512312578E-16));
#1448=DIRECTION('',(1.,1.25570632374048E-30,5.55111512312578E-16));
#1449=DIRECTION('',(0.397033236771521,-0.917804232338645,2.2965437793407E-15));
#1450=DIRECTION('',(1.,1.25570632374048E-30,5.55111512312578E-16));
#1451=DIRECTION('',(0.397033236771521,0.917804232338645,-1.8557483383355E-15));
#1452=DIRECTION('',(1.,1.25570632374048E-30,5.55111512312578E-16));
#1453=DIRECTION('',(0.404301178544927,-0.914625910975183,2.29338868216678E-15));
#1454=DIRECTION('',(0.404301178544969,0.914625910975164,-1.84452420486305E-15));
#1455=DIRECTION('',(-1.,-1.25570632374048E-30,-5.55111512312578E-16));
#1456=DIRECTION('',(0.404301178544969,0.914625910975164,-1.84452420486305E-15));
#1457=DIRECTION('',(1.,1.25570632374048E-30,5.55111512312578E-16));
#1458=DIRECTION('',(0.404301178544927,-0.914625910975183,2.29338868216678E-15));
#1459=DIRECTION('',(1.,1.25570632374048E-30,5.55111512312578E-16));
#1460=DIRECTION('',(0.397033236771522,0.917804232338645,-1.8557483383355E-15));
#1461=DIRECTION('',(1.,1.25570632374048E-30,5.55111512312578E-16));
#1462=DIRECTION('',(-0.397033236771521,0.917804232338645,-2.2965437793407E-15));
#1463=DIRECTION('',(-5.55111512312578E-16,2.26207941267377E-15,1.));
#1464=DIRECTION('',(1.,1.25570632374048E-30,5.55111512312578E-16));
#1465=DIRECTION('',(0.,-1.,2.26207941267377E-15));
#1466=DIRECTION('',(0.,-2.26207941267377E-15,-1.));
#1467=DIRECTION('',(-5.55111512312578E-16,2.26207941267377E-15,1.));
#1468=DIRECTION('',(1.,1.25570632374048E-30,5.55111512312578E-16));
#1469=DIRECTION('',(-5.55111512312578E-16,2.26207941267377E-15,1.));
#1470=DIRECTION('',(0.917804232338645,0.397033236771521,-3.88637015627696E-16));
#1471=DIRECTION('',(-0.397033236771521,0.917804232338645,0.));
#1472=DIRECTION('',(-5.55111512312578E-16,2.26207941267377E-15,1.));
#1473=DIRECTION('',(-0.397033236771521,0.917804232338645,-2.2965437793407E-15));
#1474=DIRECTION('',(0.,-1.,2.26207941267377E-15));
#1475=DIRECTION('',(0.,-2.26207941267377E-15,-1.));
#1476=DIRECTION('',(-5.55111512312578E-16,2.26207941267377E-15,1.));
#1477=DIRECTION('',(1.,1.25570632374048E-30,5.55111512312578E-16));
#1478=DIRECTION('',(0.917804232338645,-0.397033236771522,1.40760440646848E-15));
#1479=DIRECTION('',(0.397033236771522,0.917804232338644,0.));
#1480=DIRECTION('',(-5.55111512312578E-16,2.26207941267377E-15,1.));
#1481=DIRECTION('',(0.397033236771522,0.917804232338645,-1.8557483383355E-15));
#1482=DIRECTION('',(0.,-1.,2.26207941267377E-15));
#1483=DIRECTION('',(0.,-2.26207941267377E-15,-1.));
#1484=DIRECTION('',(-5.55111512312578E-16,2.26207941267377E-15,1.));
#1485=DIRECTION('',(1.,1.25570632374048E-30,5.55111512312578E-16));
#1486=DIRECTION('',(-0.914625910975183,-0.404301178544927,4.06841999864518E-16));
#1487=DIRECTION('',(0.404301178544927,-0.914625910975183,0.));
#1488=DIRECTION('',(-5.55111512312578E-16,2.26207941267377E-15,1.));
#1489=DIRECTION('',(0.404301178544927,-0.914625910975183,2.29338868216678E-15));
#1490=DIRECTION('',(0.,-1.,2.26207941267377E-15));
#1491=DIRECTION('',(0.,-2.26207941267377E-15,-1.));
#1492=DIRECTION('',(-5.55111512312578E-16,2.26207941267377E-15,1.));
#1493=DIRECTION('',(1.,1.25570632374048E-30,5.55111512312578E-16));
#1494=DIRECTION('',(0.914625910975164,-0.404301178544969,1.42228074514801E-15));
#1495=DIRECTION('',(0.404301178544969,0.914625910975164,0.));
#1496=DIRECTION('',(-5.55111512312578E-16,2.26207941267377E-15,1.));
#1497=DIRECTION('',(0.404301178544969,0.914625910975164,-1.84452420486305E-15));
#1498=DIRECTION('',(0.,1.,-2.26207941267377E-15));
#1499=DIRECTION('',(0.,2.26207941267377E-15,1.));
#1500=DIRECTION('',(-5.55111512312578E-16,2.26207941267377E-15,1.));
#1501=DIRECTION('',(-1.,-1.25570632374048E-30,-5.55111512312578E-16));
#1502=DIRECTION('',(0.914625910975164,-0.404301178544969,1.42228074514801E-15));
#1503=DIRECTION('',(0.404301178544969,0.914625910975164,0.));
#1504=DIRECTION('',(-5.55111512312578E-16,2.26207941267377E-15,1.));
#1505=DIRECTION('',(0.404301178544969,0.914625910975164,-1.84452420486305E-15));
#1506=DIRECTION('',(-0.914625910975183,-0.404301178544927,4.06841999864518E-16));
#1507=DIRECTION('',(0.404301178544927,-0.914625910975183,0.));
#1508=DIRECTION('',(-5.55111512312578E-16,2.26207941267377E-15,1.));
#1509=DIRECTION('',(0.404301178544927,-0.914625910975183,2.29338868216678E-15));
#1510=DIRECTION('',(0.,-1.,2.26207941267377E-15));
#1511=DIRECTION('',(0.,-2.26207941267377E-15,-1.));
#1512=DIRECTION('',(-5.55111512312578E-16,2.26207941267377E-15,1.));
#1513=DIRECTION('',(1.,1.25570632374048E-30,5.55111512312578E-16));
#1514=DIRECTION('',(0.917804232338645,-0.397033236771521,1.40760440646848E-15));
#1515=DIRECTION('',(0.397033236771521,0.917804232338645,0.));
#1516=DIRECTION('',(-5.55111512312578E-16,2.26207941267377E-15,1.));
#1517=DIRECTION('',(0.397033236771521,0.917804232338645,-1.8557483383355E-15));
#1518=DIRECTION('',(0.,-1.,2.26207941267377E-15));
#1519=DIRECTION('',(0.,-2.26207941267377E-15,-1.));
#1520=DIRECTION('',(-5.55111512312578E-16,2.26207941267377E-15,1.));
#1521=DIRECTION('',(1.,1.25570632374048E-30,5.55111512312578E-16));
#1522=DIRECTION('',(-0.917804232338645,-0.397033236771521,3.88637015627695E-16));
#1523=DIRECTION('',(0.397033236771521,-0.917804232338645,0.));
#1524=DIRECTION('',(0.397033236771521,-0.917804232338645,2.2965437793407E-15));
#1525=DIRECTION('',(-5.55111512312578E-16,2.26207941267377E-15,1.));
#1526=DIRECTION('',(1.,1.25570632374048E-30,5.55111512312578E-16));
#1527=CARTESIAN_POINT('',(0.,0.,0.));
#1528=CARTESIAN_POINT('',(0.0367183075499533,0.0724094428563119,0.0544764218512808));
#1529=CARTESIAN_POINT('',(0.0367183075499533,0.0724094428563119,0.0494764218512808));
#1530=CARTESIAN_POINT('',(0.0655683075499534,0.0724094428563119,0.0494764218512808));
#1531=CARTESIAN_POINT('',(0.00786830754995337,0.0724094428563119,0.0494764218512808));
#1532=CARTESIAN_POINT('',(0.0655683075499534,0.0724094428563119,0.0544764218512808));
#1533=CARTESIAN_POINT('',(0.0655683075499534,0.0724094428563119,0.0544764218512808));
#1534=CARTESIAN_POINT('',(0.0367183075499533,0.0724094428563119,0.0544764218512808));
#1535=CARTESIAN_POINT('',(0.00786830754995337,0.0724094428563119,0.0544764218512807));
#1536=CARTESIAN_POINT('',(0.00786830754995337,0.0724094428563119,0.0544764218512807));
#1537=CARTESIAN_POINT('',(0.0655683075499534,0.0435594428563119,0.0544764218512808));
#1538=CARTESIAN_POINT('',(0.0655683075499534,0.0435594428563119,0.0494764218512808));
#1539=CARTESIAN_POINT('',(0.0655683075499534,0.0147094428563119,0.0494764218512809));
#1540=CARTESIAN_POINT('',(0.0655683075499534,0.0147094428563119,0.0544764218512809));
#1541=CARTESIAN_POINT('',(0.0655683075499534,0.0147094428563119,0.0544764218512809));
#1542=CARTESIAN_POINT('',(0.0655683075499534,0.0435594428563119,0.0544764218512808));
#1543=CARTESIAN_POINT('',(0.0367183075499534,0.0147094428563119,0.0544764218512809));
#1544=CARTESIAN_POINT('',(0.0367183075499534,0.0147094428563119,0.0494764218512809));
#1545=CARTESIAN_POINT('',(0.00786830754995339,0.0147094428563119,0.0494764218512809));
#1546=CARTESIAN_POINT('',(0.00786830754995338,0.0147094428563119,0.0544764218512809));
#1547=CARTESIAN_POINT('',(0.00786830754995338,0.0147094428563119,0.0544764218512809));
#1548=CARTESIAN_POINT('',(0.0367183075499534,0.0147094428563119,0.0544764218512809));
#1549=CARTESIAN_POINT('',(-0.00649169245004662,0.0497381928563119,0.0544764218512808));
#1550=CARTESIAN_POINT('',(-0.00649169245004662,0.0497381928563119,0.0494764218512808));
#1551=CARTESIAN_POINT('',(0.00486830754995338,0.0547381928563119,0.0494764218512808));
#1552=CARTESIAN_POINT('',(-0.0178516924500466,0.0447381928563119,0.0494764218512808));
#1553=CARTESIAN_POINT('',(0.00486830754995337,0.0547381928563119,0.0544764218512808));
#1554=CARTESIAN_POINT('',(0.00486830754995337,0.0547381928563119,0.0544764218512808));
#1555=CARTESIAN_POINT('',(-0.00649169245004662,0.0497381928563119,0.0544764218512808));
#1556=CARTESIAN_POINT('',(-0.0178516924500466,0.0447381928563119,0.0544764218512808));
#1557=CARTESIAN_POINT('',(-0.0178516924500466,0.0447381928563119,0.0544764218512808));
#1558=CARTESIAN_POINT('',(0.00486830754995338,0.0447381928563119,0.0544764218512808));
#1559=CARTESIAN_POINT('',(0.00486830754995338,0.0447381928563119,0.0494764218512808));
#1560=CARTESIAN_POINT('',(0.00486830754995338,0.0347381928563119,0.0494764218512808));
#1561=CARTESIAN_POINT('',(0.00486830754995338,0.0347381928563119,0.0544764218512808));
#1562=CARTESIAN_POINT('',(0.00486830754995338,0.0347381928563119,0.0544764218512808));
#1563=CARTESIAN_POINT('',(0.00486830754995338,0.0447381928563119,0.0544764218512808));
#1564=CARTESIAN_POINT('',(-0.00649169245004662,0.0347381928563119,0.0544764218512808));
#1565=CARTESIAN_POINT('',(-0.00649169245004661,0.0347381928563119,0.0494764218512808));
#1566=CARTESIAN_POINT('',(0.00486830754995339,0.029738192856312,0.0494764218512808));
#1567=CARTESIAN_POINT('',(-0.0178516924500466,0.0397381928563119,0.0494764218512808));
#1568=CARTESIAN_POINT('',(0.00486830754995338,0.029738192856312,0.0544764218512808));
#1569=CARTESIAN_POINT('',(0.00486830754995338,0.029738192856312,0.0544764218512808));
#1570=CARTESIAN_POINT('',(-0.00649169245004662,0.0347381928563119,0.0544764218512808));
#1571=CARTESIAN_POINT('',(-0.0178516924500466,0.039738192856312,0.0544764218512808));
#1572=CARTESIAN_POINT('',(-0.0178516924500466,0.039738192856312,0.0544764218512808));
#1573=CARTESIAN_POINT('',(-0.00649169245004661,0.024738192856312,0.0544764218512808));
#1574=CARTESIAN_POINT('',(-0.00649169245004661,0.024738192856312,0.0494764218512808));
#1575=CARTESIAN_POINT('',(-0.0178516924500466,0.0197381928563119,0.0494764218512809));
#1576=CARTESIAN_POINT('',(-0.0178516924500466,0.019738192856312,0.0544764218512809));
#1577=CARTESIAN_POINT('',(-0.0178516924500466,0.019738192856312,0.0544764218512809));
#1578=CARTESIAN_POINT('',(-0.00649169245004661,0.024738192856312,0.0544764218512808));
#1579=CARTESIAN_POINT('',(-0.0150826924500466,0.0135194428563119,0.0544764218512809));
#1580=CARTESIAN_POINT('',(-0.0150826924500466,0.0135194428563119,0.0494764218512809));
#1581=CARTESIAN_POINT('',(-0.0178516924500466,0.0147381928563119,0.0494764218512809));
#1582=CARTESIAN_POINT('',(-0.0123136924500466,0.0123006928563119,0.0494764218512809));
#1583=CARTESIAN_POINT('',(-0.0178516924500466,0.0147381928563119,0.0544764218512809));
#1584=CARTESIAN_POINT('',(-0.0178516924500466,0.0147381928563119,0.0544764218512809));
#1585=CARTESIAN_POINT('',(-0.0150826924500466,0.0135194428563119,0.0544764218512809));
#1586=CARTESIAN_POINT('',(-0.0123136924500466,0.0123006928563119,0.0544764218512809));
#1587=CARTESIAN_POINT('',(-0.0123136924500466,0.0123006928563119,0.0544764218512809));
#1588=CARTESIAN_POINT('',(-0.00649169245004661,0.019738192856312,0.0544764218512809));
#1589=CARTESIAN_POINT('',(-0.00649169245004661,0.0197381928563119,0.0494764218512809));
#1590=CARTESIAN_POINT('',(0.00486830754995339,0.024738192856312,0.0494764218512809));
#1591=CARTESIAN_POINT('',(0.00486830754995338,0.024738192856312,0.0544764218512809));
#1592=CARTESIAN_POINT('',(0.00486830754995338,0.024738192856312,0.0544764218512809));
#1593=CARTESIAN_POINT('',(-0.00649169245004661,0.019738192856312,0.0544764218512809));
#1594=CARTESIAN_POINT('',(0.00486830754995338,0.018519442856312,0.0544764218512809));
#1595=CARTESIAN_POINT('',(0.00486830754995339,0.0185194428563119,0.0494764218512809));
#1596=CARTESIAN_POINT('',(0.00486830754995339,0.0123006928563119,0.0494764218512809));
#1597=CARTESIAN_POINT('',(0.00486830754995339,0.0123006928563119,0.0544764218512809));
#1598=CARTESIAN_POINT('',(0.00486830754995339,0.0123006928563119,0.0544764218512809));
#1599=CARTESIAN_POINT('',(0.00486830754995338,0.018519442856312,0.0544764218512809));
#1600=CARTESIAN_POINT('',(-0.0178516924500466,0.0597381928563119,0.0544764218512808));
#1601=CARTESIAN_POINT('',(-0.0178516924500466,0.0597381928563119,0.0494764218512808));
#1602=CARTESIAN_POINT('',(-0.0178516924500466,0.0697381928563119,0.0494764218512807));
#1603=CARTESIAN_POINT('',(-0.0178516924500466,0.0497381928563119,0.0494764218512808));
#1604=CARTESIAN_POINT('',(-0.0178516924500467,0.0697381928563119,0.0544764218512807));
#1605=CARTESIAN_POINT('',(-0.0178516924500467,0.0697381928563119,0.0544764218512807));
#1606=CARTESIAN_POINT('',(-0.0178516924500466,0.0597381928563119,0.0544764218512808));
#1607=CARTESIAN_POINT('',(-0.0178516924500466,0.0497381928563119,0.0544764218512808));
#1608=CARTESIAN_POINT('',(-0.0178516924500466,0.0497381928563119,0.0544764218512808));
#1609=CARTESIAN_POINT('',(-0.00649169245004663,0.0647381928563119,0.0544764218512808));
#1610=CARTESIAN_POINT('',(-0.00649169245004662,0.0647381928563119,0.0494764218512808));
#1611=CARTESIAN_POINT('',(0.00486830754995337,0.0597381928563119,0.0494764218512808));
#1612=CARTESIAN_POINT('',(0.00486830754995337,0.0597381928563119,0.0544764218512808));
#1613=CARTESIAN_POINT('',(0.00486830754995337,0.0597381928563119,0.0544764218512808));
#1614=CARTESIAN_POINT('',(-0.00649169245004663,0.0647381928563119,0.0544764218512808));
#1615=CARTESIAN_POINT('',(-0.00649169245004663,0.0747381928563119,0.0544764218512807));
#1616=CARTESIAN_POINT('',(-0.00649169245004662,0.0747381928563119,0.0494764218512807));
#1617=CARTESIAN_POINT('',(0.00486830754995337,0.0747381928563119,0.0494764218512807));
#1618=CARTESIAN_POINT('',(-0.0178516924500467,0.0747381928563119,0.0494764218512807));
#1619=CARTESIAN_POINT('',(0.00486830754995337,0.0747381928563119,0.0544764218512807));
#1620=CARTESIAN_POINT('',(0.00486830754995337,0.0747381928563119,0.0544764218512807));
#1621=CARTESIAN_POINT('',(-0.00649169245004663,0.0747381928563119,0.0544764218512807));
#1622=CARTESIAN_POINT('',(-0.0178516924500467,0.0747381928563119,0.0544764218512807));
#1623=CARTESIAN_POINT('',(-0.0178516924500467,0.0747381928563119,0.0544764218512807));
#1624=CARTESIAN_POINT('',(0.00486830754995337,0.0697381928563119,0.0544764218512807));
#1625=CARTESIAN_POINT('',(0.00486830754995337,0.0697381928563119,0.0494764218512808));
#1626=CARTESIAN_POINT('',(0.00486830754995336,0.0647381928563119,0.0494764218512808));
#1627=CARTESIAN_POINT('',(0.00486830754995336,0.0647381928563119,0.0544764218512808));
#1628=CARTESIAN_POINT('',(0.00486830754995336,0.0647381928563119,0.0544764218512808));
#1629=CARTESIAN_POINT('',(0.00486830754995337,0.0697381928563119,0.0544764218512807));
#1630=CARTESIAN_POINT('',(-0.0288516924500466,0.0423080023727492,0.0544764218512808));
#1631=CARTESIAN_POINT('',(-0.0288516924500466,-0.0011221881108124,0.0524764218512809));
#1632=CARTESIAN_POINT('',(-0.0288516924500466,0.0278312722115621,0.0524764218512808));
#1633=CARTESIAN_POINT('',(-0.0288516924500465,0.0567847325339367,0.0524764218512808));
#1634=CARTESIAN_POINT('',(-0.0288516924500465,0.0857381928563112,0.0524764218512807));
#1635=CARTESIAN_POINT('',(-0.0288516924500466,-0.00112218811081344,0.0524764218512817));
#1636=CARTESIAN_POINT('',(-0.0288516924500466,0.0857381928563112,0.0524764218512807));
#1637=CARTESIAN_POINT('',(-0.0288516924500465,0.0857381928563118,0.0524764218512815));
#1638=CARTESIAN_POINT('',(-0.0288516924500465,0.0857381928563118,0.0514764218512811));
#1639=CARTESIAN_POINT('',(-0.0288516924500465,0.0857381928563118,0.0504764218512807));
#1640=CARTESIAN_POINT('',(-0.0288516924500465,0.0857381928563118,0.0494764218512803));
#1641=CARTESIAN_POINT('',(-0.0288516924500466,0.0857381928563118,0.0494764218512807));
#1642=CARTESIAN_POINT('',(-0.0288516924500466,0.0423080023727492,0.0494764218512808));
#1643=CARTESIAN_POINT('',(-0.0288516924500466,-0.00112218811081344,0.0494764218512809));
#1644=CARTESIAN_POINT('',(-0.0288516924500466,-0.00112218811081344,0.0494764218512805));
#1645=CARTESIAN_POINT('',(-0.0288516924500466,-0.00112218811081344,0.0504764218512809));
#1646=CARTESIAN_POINT('',(-0.0288516924500466,-0.00112218811081344,0.0514764218512813));
#1647=CARTESIAN_POINT('',(-0.0288516924500466,-0.00112218811081344,0.0524764218512817));
#1648=CARTESIAN_POINT('',(0.0757279736628645,-0.00312218811081343,0.054476421851281));
#1649=CARTESIAN_POINT('',(0.0757279736628645,-0.00312218811081344,0.049476421851281));
#1650=CARTESIAN_POINT('',(-0.0268516924500466,-0.00312218811081344,0.0494764218512809));
#1651=CARTESIAN_POINT('',(0.0837795575499534,-0.00312218811081344,0.049476421851281));
#1652=CARTESIAN_POINT('',(0.0837795575499534,-0.00312218811081344,0.0494764218512806));
#1653=CARTESIAN_POINT('',(0.0837795575499534,-0.00312218811081344,0.050476421851281));
#1654=CARTESIAN_POINT('',(0.0837795575499534,-0.00312218811081344,0.0514764218512814));
#1655=CARTESIAN_POINT('',(0.0837795575499534,-0.00312218811081343,0.0524764218512818));
#1656=CARTESIAN_POINT('',(0.0837795575499547,-0.00312218811081343,0.0524764218512809));
#1657=CARTESIAN_POINT('',(0.0837795575499547,-0.00312218811081343,0.052476421851281));
#1658=CARTESIAN_POINT('',(0.0469024742166212,-0.00312218811081343,0.052476421851281));
#1659=CARTESIAN_POINT('',(0.0100253908832876,-0.00312218811081344,0.052476421851281));
#1660=CARTESIAN_POINT('',(-0.0268516924500459,-0.00312218811081344,0.052476421851281));
#1661=CARTESIAN_POINT('',(-0.0268516924500466,-0.00312218811081344,0.0524764218512817));
#1662=CARTESIAN_POINT('',(-0.0268516924500465,-0.00312218811081344,0.0524764218512818));
#1663=CARTESIAN_POINT('',(-0.0268516924500465,-0.00312218811081344,0.0514764218512814));
#1664=CARTESIAN_POINT('',(-0.0268516924500465,-0.00312218811081344,0.050476421851281));
#1665=CARTESIAN_POINT('',(-0.0268516924500465,-0.00312218811081344,0.0494764218512806));
#1666=CARTESIAN_POINT('',(0.0857795575499534,0.0423080023727492,0.0544764218512809));
#1667=CARTESIAN_POINT('',(0.0857795575499534,0.0423080023727491,0.0494764218512809));
#1668=CARTESIAN_POINT('',(0.0857795575499534,-0.00112218811081344,0.049476421851281));
#1669=CARTESIAN_POINT('',(0.0857795575499535,0.0857381928563118,0.0494764218512808));
#1670=CARTESIAN_POINT('',(0.0857795575499534,0.0857381928563118,0.0494764218512804));
#1671=CARTESIAN_POINT('',(0.0857795575499534,0.0857381928563118,0.0504764218512809));
#1672=CARTESIAN_POINT('',(0.0857795575499534,0.0857381928563118,0.0514764218512813));
#1673=CARTESIAN_POINT('',(0.0857795575499534,0.0857381928563118,0.0524764218512817));
#1674=CARTESIAN_POINT('',(0.0857795575499535,0.0857381928563102,0.0524764218512808));
#1675=CARTESIAN_POINT('',(0.0857795575499534,0.0857381928563102,0.0524764218512808));
#1676=CARTESIAN_POINT('',(0.0857795575499534,0.0567847325339353,0.0524764218512809));
#1677=CARTESIAN_POINT('',(0.0857795575499534,0.0278312722115604,0.0524764218512809));
#1678=CARTESIAN_POINT('',(0.0857795575499534,-0.0011221881108146,0.052476421851281));
#1679=CARTESIAN_POINT('',(0.0857795575499534,-0.00112218811081344,0.0524764218512818));
#1680=CARTESIAN_POINT('',(0.0857795575499534,-0.0011221881108134,0.0524764218512818));
#1681=CARTESIAN_POINT('',(0.0857795575499534,-0.0011221881108134,0.0514764218512814));
#1682=CARTESIAN_POINT('',(0.0857795575499534,-0.0011221881108134,0.050476421851281));
#1683=CARTESIAN_POINT('',(0.0857795575499534,-0.0011221881108134,0.0494764218512806));
#1684=CARTESIAN_POINT('',(-0.00649169245004662,0.039738192856312,0.0544764218512808));
#1685=CARTESIAN_POINT('',(-0.00649169245004662,0.0397381928563119,0.0494764218512808));
#1686=CARTESIAN_POINT('',(-0.00649169245004662,0.039738192856312,0.0544764218512808));
#1687=CARTESIAN_POINT('',(-0.0178516924500466,0.029738192856312,0.0544764218512808));
#1688=CARTESIAN_POINT('',(-0.0178516924500466,0.0297381928563119,0.0494764218512808));
#1689=CARTESIAN_POINT('',(-0.0178516924500466,0.029738192856312,0.0544764218512808));
#1690=CARTESIAN_POINT('',(-0.00372269245004662,0.0123006928563119,0.0544764218512809));
#1691=CARTESIAN_POINT('',(-0.00372269245004661,0.0123006928563119,0.0494764218512809));
#1692=CARTESIAN_POINT('',(-0.00372269245004662,0.0123006928563119,0.0544764218512809));
#1693=CARTESIAN_POINT('',(-0.00649169245004662,0.0547381928563119,0.0544764218512808));
#1694=CARTESIAN_POINT('',(-0.00649169245004662,0.0547381928563119,0.0494764218512808));
#1695=CARTESIAN_POINT('',(-0.00649169245004662,0.0547381928563119,0.0544764218512808));
#1696=CARTESIAN_POINT('',(-0.00649169245004664,0.0697381928563119,0.0544764218512807));
#1697=CARTESIAN_POINT('',(-0.00649169245004663,0.0697381928563119,0.0494764218512807));
#1698=CARTESIAN_POINT('',(-0.00649169245004664,0.0697381928563119,0.0544764218512807));
#1699=CARTESIAN_POINT('',(0.0817795575499534,0.00087781188918668,0.054476421851281));
#1700=CARTESIAN_POINT('',(0.0817795575499534,0.00087781188918668,0.054476421851281));
#1701=CARTESIAN_POINT('',(0.0817795575499534,-0.00072218811081332,0.054476421851281));
#1702=CARTESIAN_POINT('',(0.0817795575499534,0.000877811889186669,0.049476421851281));
#1703=CARTESIAN_POINT('',(0.0817795575499534,-0.000722188110813331,0.049476421851281));
#1704=CARTESIAN_POINT('',(0.0801795575499534,0.0837381928563119,0.0544764218512808));
#1705=CARTESIAN_POINT('',(0.0801795575499534,0.0837381928563119,0.0544764218512808));
#1706=CARTESIAN_POINT('',(0.0801795575499534,0.0821381928563119,0.0544764218512808));
#1707=CARTESIAN_POINT('',(0.0801795575499534,0.0837381928563119,0.0494764218512808));
#1708=CARTESIAN_POINT('',(0.0801795575499534,0.0821381928563119,0.0494764218512808));
#1709=CARTESIAN_POINT('',(-0.0248516924500466,0.0837381928563119,0.0544764218512807));
#1710=CARTESIAN_POINT('',(-0.0248516924500466,0.0837381928563119,0.0544764218512807));
#1711=CARTESIAN_POINT('',(-0.0248516924500466,0.0821381928563119,0.0544764218512807));
#1712=CARTESIAN_POINT('',(-0.0248516924500466,0.0837381928563119,0.0494764218512807));
#1713=CARTESIAN_POINT('',(-0.0248516924500466,0.0821381928563119,0.0494764218512807));
#1714=CARTESIAN_POINT('',(-0.0248516924500466,0.00087781188918668,0.0544764218512809));
#1715=CARTESIAN_POINT('',(-0.0248516924500466,0.00087781188918668,0.0544764218512809));
#1716=CARTESIAN_POINT('',(-0.0248516924500466,-0.00072218811081332,0.0544764218512809));
#1717=CARTESIAN_POINT('',(-0.0248516924500466,0.000877811889186669,0.0494764218512809));
#1718=CARTESIAN_POINT('',(-0.0248516924500466,-0.000722188110813331,0.0494764218512809));
#1719=CARTESIAN_POINT('',(0.0284639325499535,0.0877381928563118,0.0544764218512807));
#1720=CARTESIAN_POINT('',(-0.0268516924500471,0.0877381928563118,0.0524764218512807));
#1721=CARTESIAN_POINT('',(0.0100253908832858,0.0877381928563118,0.0524764218512807));
#1722=CARTESIAN_POINT('',(0.0469024742166187,0.0877381928563118,0.0524764218512807));
#1723=CARTESIAN_POINT('',(0.0837795575499516,0.0877381928563118,0.0524764218512807));
#1724=CARTESIAN_POINT('',(-0.0268516924500465,0.0877381928563118,0.0524764218512815));
#1725=CARTESIAN_POINT('',(0.0837795575499517,0.0877381928563118,0.0524764218512807));
#1726=CARTESIAN_POINT('',(0.0837795575499534,0.0877381928563118,0.0524764218512816));
#1727=CARTESIAN_POINT('',(0.0837795575499534,0.0877381928563118,0.0514764218512812));
#1728=CARTESIAN_POINT('',(0.0837795575499534,0.0877381928563118,0.0504764218512808));
#1729=CARTESIAN_POINT('',(0.0837795575499534,0.0877381928563118,0.0494764218512804));
#1730=CARTESIAN_POINT('',(0.0837795575499535,0.0877381928563118,0.0494764218512808));
#1731=CARTESIAN_POINT('',(0.0284639325499535,0.0877381928563118,0.0494764218512807));
#1732=CARTESIAN_POINT('',(-0.0268516924500465,0.0877381928563118,0.0494764218512807));
#1733=CARTESIAN_POINT('',(-0.0268516924500465,0.0877381928563118,0.0494764218512803));
#1734=CARTESIAN_POINT('',(-0.0268516924500465,0.0877381928563118,0.0504764218512807));
#1735=CARTESIAN_POINT('',(-0.0268516924500465,0.0877381928563118,0.0514764218512811));
#1736=CARTESIAN_POINT('',(-0.0268516924500465,0.0877381928563118,0.0524764218512815));
#1737=CARTESIAN_POINT('',(0.00786830754995338,0.0435594428563119,0.0544764218512808));
#1738=CARTESIAN_POINT('',(0.00786830754995338,0.0435594428563119,0.0494764218512808));
#1739=CARTESIAN_POINT('',(0.00786830754995338,0.0435594428563119,0.0544764218512808));
#1740=CARTESIAN_POINT('',(0.0284639325499534,0.0423080023727492,0.0544764218512808));
#1741=CARTESIAN_POINT('',(-0.00673660662896919,0.0779511928563119,0.0544764218512807));
#1742=CARTESIAN_POINT('',(-0.00728138511481901,0.0779511928563119,0.0544764218512807));
#1743=CARTESIAN_POINT('',(-0.00619182814311937,0.0779511928563119,0.0544764218512807));
#1744=CARTESIAN_POINT('',(-0.00754793308326071,0.0785673600456041,0.0544764218512807));
#1745=CARTESIAN_POINT('',(-0.0078144810517024,0.0791835272348962,0.0544764218512807));
#1746=CARTESIAN_POINT('',(-0.00878263185466126,0.0791835272348962,0.0544764218512807));
#1747=CARTESIAN_POINT('',(-0.00975078265762012,0.0791835272348962,0.0544764218512807));
#1748=CARTESIAN_POINT('',(-0.0100173306260618,0.0785673600456041,0.0544764218512807));
#1749=CARTESIAN_POINT('',(-0.0102838785945035,0.0779511928563119,0.0544764218512807));
#1750=CARTESIAN_POINT('',(-0.012017035494475,0.0779511928563119,0.0544764218512807));
#1751=CARTESIAN_POINT('',(-0.0137501923944464,0.0779511928563119,0.0544764218512807));
#1752=CARTESIAN_POINT('',(-0.0145022316138974,0.0796524853399376,0.0544764218512807));
#1753=CARTESIAN_POINT('',(-0.0152542708333485,0.0813537778235632,0.0544764218512807));
#1754=CARTESIAN_POINT('',(-0.0160063100527996,0.0796524853399376,0.0544764218512807));
#1755=CARTESIAN_POINT('',(-0.0167583492722508,0.0779511928563119,0.0544764218512807));
#1756=CARTESIAN_POINT('',(-0.0173050208611487,0.0779511928563119,0.0544764218512807));
#1757=CARTESIAN_POINT('',(-0.0178516924500467,0.0779511928563119,0.0544764218512807));
#1758=CARTESIAN_POINT('',(-0.0164348536313833,0.0811564209486183,0.0544764218512807));
#1759=CARTESIAN_POINT('',(-0.0155791579341885,0.083092209163189,0.0544764218512807));
#1760=CARTESIAN_POINT('',(-0.0152542708333484,0.083092209163189,0.0544764218512807));
#1761=CARTESIAN_POINT('',(-0.0149293837325085,0.083092209163189,0.0544764218512807));
#1762=CARTESIAN_POINT('',(-0.014014136442248,0.0810217010097505,0.0544764218512807));
#1763=CARTESIAN_POINT('',(-0.0130988891519875,0.0789511928563119,0.0544764218512807));
#1764=CARTESIAN_POINT('',(-0.0120198671935349,0.0789511928563119,0.0544764218512807));
#1765=CARTESIAN_POINT('',(-0.0109408452350823,0.0789511928563119,0.0544764218512807));
#1766=CARTESIAN_POINT('',(-0.0106742972666406,0.0795673600456041,0.0544764218512807));
#1767=CARTESIAN_POINT('',(-0.0104077492981989,0.0801835272348962,0.0544764218512807));
#1768=CARTESIAN_POINT('',(-0.00878263185466126,0.0801835272348962,0.0544764218512807));
#1769=CARTESIAN_POINT('',(-0.00715751441112366,0.0801835272348962,0.0544764218512807));
#1770=CARTESIAN_POINT('',(-0.00634291391073985,0.0783004511655048,0.0544764218512807));
#1771=CARTESIAN_POINT('',(0.0837795575499534,-0.00112218811081449,0.0544764218512809));
#1772=CARTESIAN_POINT('',(0.0837795575499534,0.0278312722115604,0.0544764218512809));
#1773=CARTESIAN_POINT('',(0.0837795575499534,0.0567847325339353,0.0544764218512808));
#1774=CARTESIAN_POINT('',(0.0837795575499534,0.0857381928563102,0.0544764218512807));
#1775=CARTESIAN_POINT('',(0.083779557549953,-0.00112218811081343,0.054476421851281));
#1776=CARTESIAN_POINT('',(0.0837795575499535,0.0857381928563102,0.0544764218512808));
#1777=CARTESIAN_POINT('',(0.0837795575499543,0.0857381928563118,0.0544764218512807));
#1778=CARTESIAN_POINT('',(0.0469024742166204,0.0857381928563118,0.0544764218512807));
#1779=CARTESIAN_POINT('',(0.0100253908832865,0.0857381928563118,0.0544764218512807));
#1780=CARTESIAN_POINT('',(-0.0268516924500474,0.0857381928563118,0.0544764218512807));
#1781=CARTESIAN_POINT('',(-0.0268516924500465,0.0857381928563155,0.0544764218512807));
#1782=CARTESIAN_POINT('',(-0.0268516924500466,0.0857381928563156,0.0544764218512807));
#1783=CARTESIAN_POINT('',(-0.0268516924500466,0.0567847325339396,0.0544764218512807));
#1784=CARTESIAN_POINT('',(-0.0268516924500466,0.0278312722115637,0.0544764218512808));
#1785=CARTESIAN_POINT('',(-0.0268516924500466,-0.00112218811081224,0.0544764218512809));
#1786=CARTESIAN_POINT('',(-0.0268516924500462,-0.00112218811081344,0.0544764218512809));
#1787=CARTESIAN_POINT('',(-0.0268516924500462,-0.00112218811081344,0.0544764218512809));
#1788=CARTESIAN_POINT('',(0.0100253908832869,-0.00112218811081343,0.0544764218512809));
#1789=CARTESIAN_POINT('',(0.0469024742166199,-0.00112218811081341,0.0544764218512809));
#1790=CARTESIAN_POINT('',(0.083779557549953,-0.0011221881108134,0.0544764218512809));
#1791=CARTESIAN_POINT('',(0.0284639325499535,0.0423080023727492,0.0494764218512808));
#1792=CARTESIAN_POINT('',(0.0837795575499534,0.0877381928563118,0.0494764218512807));
#1793=CARTESIAN_POINT('',(0.0851128908832868,0.0877381928563118,0.0494764218512807));
#1794=CARTESIAN_POINT('',(0.0857795575499534,0.0870715261896451,0.0494764218512807));
#1795=CARTESIAN_POINT('',(0.0857795575499535,0.0857381928563118,0.0494764218512807));
#1796=CARTESIAN_POINT('',(0.0857795575499535,-0.0011221881108134,0.0494764218512809));
#1797=CARTESIAN_POINT('',(0.0857795575499534,-0.00245552144414673,0.0494764218512809));
#1798=CARTESIAN_POINT('',(0.0851128908832868,-0.0031221881108134,0.0494764218512809));
#1799=CARTESIAN_POINT('',(0.0837795575499534,-0.0031221881108134,0.0494764218512809));
#1800=CARTESIAN_POINT('',(-0.0268516924500465,-0.0031221881108134,0.0494764218512809));
#1801=CARTESIAN_POINT('',(-0.0281850257833799,-0.0031221881108134,0.0494764218512809));
#1802=CARTESIAN_POINT('',(-0.0288516924500466,-0.00245552144414673,0.0494764218512809));
#1803=CARTESIAN_POINT('',(-0.0288516924500466,-0.0011221881108134,0.0494764218512809));
#1804=CARTESIAN_POINT('',(-0.0288516924500466,0.0857381928563118,0.0494764218512807));
#1805=CARTESIAN_POINT('',(-0.0288516924500466,0.0870715261896451,0.0494764218512807));
#1806=CARTESIAN_POINT('',(-0.0281850257833799,0.0877381928563118,0.0494764218512807));
#1807=CARTESIAN_POINT('',(-0.0268516924500465,0.0877381928563118,0.0494764218512807));
#1808=CARTESIAN_POINT('',(0.0850295575499534,0.0869881928563116,0.0537264218512809));
#1809=CARTESIAN_POINT('',(0.0849462242166201,0.0870298595229782,0.0537680885179476));
#1810=CARTESIAN_POINT('',(0.0848578097802189,0.0870666994828154,0.0538049284777847));
#1811=CARTESIAN_POINT('',(0.0846704548300368,0.0871293204825549,0.0538675494775242));
#1812=CARTESIAN_POINT('',(0.0845715143162558,0.0871551015224574,0.0538933305174265));
#1813=CARTESIAN_POINT('',(0.084258357851977,0.0872137480028488,0.0539519769978179));
#1814=CARTESIAN_POINT('',(0.0840295575499531,0.0872381928563117,0.0539764218512808));
#1815=CARTESIAN_POINT('',(0.0837795575499531,0.0872381928563118,0.0539764218512807));
#1816=CARTESIAN_POINT('',(0.0850712242166201,0.0870298595229783,0.0536430885179476));
#1817=CARTESIAN_POINT('',(0.0849756391629231,0.087100941135948,0.0536725034642506));
#1818=CARTESIAN_POINT('',(0.0848768576600338,0.0871573832622841,0.0537003013237142));
#1819=CARTESIAN_POINT('',(0.0846747427465979,0.0872447602230498,0.0537504539688101));
#1820=CARTESIAN_POINT('',(0.0845714234537487,0.0872756788117422,0.0537727925085098));
#1821=CARTESIAN_POINT('',(0.0842582807967069,0.087336622451031,0.0538291214555881));
#1822=CARTESIAN_POINT('',(0.0840295581911515,0.0873485124457619,0.0538661022618307));
#1823=CARTESIAN_POINT('',(0.083779557549953,0.0873338445662965,0.053880770141296));
#1824=CARTESIAN_POINT('',(0.0851080641764573,0.0870666994828154,0.0535546740815465));
#1825=CARTESIAN_POINT('',(0.0850034370223114,0.0871573832623594,0.0535737218010619));
#1826=CARTESIAN_POINT('',(0.0848965954241373,0.0872262261501352,0.0535934594272791));
#1827=CARTESIAN_POINT('',(0.0846827704399791,0.08732899852518,0.0536318245448423));
#1828=CARTESIAN_POINT('',(0.084575765807063,0.0873629813662217,0.0536504276672893));
#1829=CARTESIAN_POINT('',(0.0842595972507083,0.087426681481786,0.053702023843343));
#1830=CARTESIAN_POINT('',(0.0840304842831235,0.0874330232338913,0.0537455390325762));
#1831=CARTESIAN_POINT('',(0.083779557549953,0.0874153344022197,0.0537711995565821));
#1832=CARTESIAN_POINT('',(0.0851706851761968,0.087129320482555,0.0533673191313645));
#1833=CARTESIAN_POINT('',(0.0850535896671676,0.0872447602233661,0.0533716064868773));
#1834=CARTESIAN_POINT('',(0.0849349607808305,0.0873289983739122,0.0533796339535845));
#1835=CARTESIAN_POINT('',(0.0847033312005168,0.0874512221571885,0.0534001946348225));
#1836=CARTESIAN_POINT('',(0.0845902168553028,0.0874894561970796,0.0534126973882296));
#1837=CARTESIAN_POINT('',(0.0842645466172448,0.0875601174390708,0.0534539862251288));
#1838=CARTESIAN_POINT('',(0.0840334403634942,0.0875631121189064,0.0535006368343815));
#1839=CARTESIAN_POINT('',(0.0837795575499528,0.0875472681605596,0.053535007730697));
#1840=CARTESIAN_POINT('',(0.0851964662160992,0.0871551015224573,0.0532683786175836));
#1841=CARTESIAN_POINT('',(0.0850759282068974,0.087275678812028,0.0532682869535786));
#1842=CARTESIAN_POINT('',(0.0849535640048133,0.0873629810504974,0.0532726293439775));
#1843=CARTESIAN_POINT('',(0.0847158338069145,0.0874894558390376,0.0532870813588563));
#1844=CARTESIAN_POINT('',(0.0846002971201869,0.0875290022501477,0.0532971625529541));
#1845=CARTESIAN_POINT('',(0.0842681632840421,0.0876041544332479,0.0533327904299494));
#1846=CARTESIAN_POINT('',(0.0840354703518932,0.0876094211664791,0.0533760957227711));
#1847=CARTESIAN_POINT('',(0.0837795575499529,0.0875979306314025,0.0534086575464746));
#1848=CARTESIAN_POINT('',(0.0852551126964906,0.0872137480028488,0.0529552221533049));
#1849=CARTESIAN_POINT('',(0.0851322571540983,0.0873366224511938,0.052955143815638));
#1850=CARTESIAN_POINT('',(0.0850051604428988,0.0874266811750723,0.052956459354419));
#1851=CARTESIAN_POINT('',(0.0847571220839019,0.0875601180804407,0.0529614073334094));
#1852=CARTESIAN_POINT('',(0.0846359220480089,0.0876041565119674,0.0529650235276862));
#1853=CARTESIAN_POINT('',(0.0842825734212496,0.087696850843928,0.0529794324744121));
#1854=CARTESIAN_POINT('',(0.0840420956540501,0.0877134999001076,0.0529997556224243));
#1855=CARTESIAN_POINT('',(0.0837795575499529,0.087711782169963,0.0530191345682411));
#1856=CARTESIAN_POINT('',(0.0852795575499535,0.0872381928563118,0.0527264218512812));
#1857=CARTESIAN_POINT('',(0.0851692379605034,0.087348512445762,0.0527264212100827));
#1858=CARTESIAN_POINT('',(0.0850486757501095,0.0874330226614123,0.0527273461734344));
#1859=CARTESIAN_POINT('',(0.08480377216144,0.087563112364737,0.0527303002248082));
#1860=CARTESIAN_POINT('',(0.0846792251594057,0.0876094230649303,0.0527323293128303));
#1861=CARTESIAN_POINT('',(0.084302897060181,0.0877134980263349,0.0527389521372571));
#1862=CARTESIAN_POINT('',(0.0840472263047683,0.0877381928563118,0.0527440814340223));
#1863=CARTESIAN_POINT('',(0.083779557549953,0.0877381928563118,0.0527469364735485));
#1864=CARTESIAN_POINT('',(0.0852795575499535,0.0872381928563118,0.0524764218512812));
#1865=CARTESIAN_POINT('',(0.0851839058399687,0.0873338445662966,0.0524764218512812));
#1866=CARTESIAN_POINT('',(0.0850743363673879,0.0874153337123482,0.0524764218512812));
#1867=CARTESIAN_POINT('',(0.0848381435454854,0.0875472681643464,0.0524764218512811));
#1868=CARTESIAN_POINT('',(0.0847117877243016,0.0875979323372714,0.0524764218512811));
#1869=CARTESIAN_POINT('',(0.0843222773595275,0.0877117799124776,0.052476421851281));
#1870=CARTESIAN_POINT('',(0.0840500827176195,0.0877381928563118,0.0524764218512809));
#1871=CARTESIAN_POINT('',(0.0837795575499529,0.0877381928563118,0.052476421851281));
#1872=CARTESIAN_POINT('',(0.0850295575499534,0.0869881928563116,0.0537264218512809));
#1873=CARTESIAN_POINT('',(0.0850712242166201,0.0870298595229783,0.0536430885179476));
#1874=CARTESIAN_POINT('',(0.0851080641764573,0.0870666994828154,0.0535546740815465));
#1875=CARTESIAN_POINT('',(0.0851706851761968,0.087129320482555,0.0533673191313645));
#1876=CARTESIAN_POINT('',(0.0851964662160992,0.0871551015224573,0.0532683786175836));
#1877=CARTESIAN_POINT('',(0.0852551126964906,0.0872137480028488,0.0529552221533049));
#1878=CARTESIAN_POINT('',(0.0852795575499535,0.0872381928563118,0.0527264218512812));
#1879=CARTESIAN_POINT('',(0.0852795575499535,0.0872381928563118,0.0524764218512812));
#1880=CARTESIAN_POINT('',(0.0852795575499535,0.0872381928563118,0.0524764218512812));
#1881=CARTESIAN_POINT('',(0.0850295575499534,0.0869881928563116,0.0537264218512809));
#1882=CARTESIAN_POINT('',(0.0837795575499529,0.0877381928563118,0.052476421851281));
#1883=CARTESIAN_POINT('',(0.0844462242166199,0.0877381928563119,0.0524764218512811));
#1884=CARTESIAN_POINT('',(0.0849462242166201,0.0875715261896452,0.0524764218512811));
#1885=CARTESIAN_POINT('',(0.0852795575499535,0.0872381928563118,0.0524764218512812));
#1886=CARTESIAN_POINT('',(0.0837795575499531,0.0872381928563119,0.0539764218512808));
#1887=CARTESIAN_POINT('',(0.083779557549953,0.0875715261896452,0.0536430885179475));
#1888=CARTESIAN_POINT('',(0.083779557549953,0.0877381928563118,0.0531430885179476));
#1889=CARTESIAN_POINT('',(0.0837795575499529,0.0877381928563118,0.052476421851281));
#1890=CARTESIAN_POINT('',(0.0837795575499531,0.0872381928563118,0.0539764218512807));
#1891=CARTESIAN_POINT('',(0.0850295575499534,0.0869881928563116,0.0537264218512809));
#1892=CARTESIAN_POINT('',(0.0849462242166201,0.0870298595229782,0.0537680885179476));
#1893=CARTESIAN_POINT('',(0.0848578097802189,0.0870666994828154,0.0538049284777847));
#1894=CARTESIAN_POINT('',(0.0846704548300368,0.0871293204825549,0.0538675494775242));
#1895=CARTESIAN_POINT('',(0.0845715143162558,0.0871551015224574,0.0538933305174265));
#1896=CARTESIAN_POINT('',(0.084258357851977,0.0872137480028488,0.0539519769978179));
#1897=CARTESIAN_POINT('',(0.0840295575499531,0.0872381928563117,0.0539764218512808));
#1898=CARTESIAN_POINT('',(0.0837795575499531,0.0872381928563118,0.0539764218512807));
#1899=CARTESIAN_POINT('',(0.0850295575499534,0.0869881928563116,0.0537264218512809));
#1900=CARTESIAN_POINT('',(0.0850712242166201,0.0869048595229782,0.0537680885179476));
#1901=CARTESIAN_POINT('',(0.0851080641764572,0.086816445086577,0.0538049284777847));
#1902=CARTESIAN_POINT('',(0.0851706851761967,0.0866290901363948,0.0538675494775242));
#1903=CARTESIAN_POINT('',(0.0851964662160991,0.0865301496226138,0.0538933305174265));
#1904=CARTESIAN_POINT('',(0.0852551126964905,0.0862169931583349,0.0539519769978179));
#1905=CARTESIAN_POINT('',(0.0852795575499534,0.0859881928563109,0.0539764218512808));
#1906=CARTESIAN_POINT('',(0.0852795575499535,0.0857381928563108,0.0539764218512808));
#1907=CARTESIAN_POINT('',(0.0849462242166201,0.0870298595229782,0.0537680885179476));
#1908=CARTESIAN_POINT('',(0.084975639162923,0.0869342744692812,0.0538391701309172));
#1909=CARTESIAN_POINT('',(0.0850034370223866,0.0868354929663919,0.0538956122572533));
#1910=CARTESIAN_POINT('',(0.0850535896674825,0.0866333780529559,0.053982989218019));
#1911=CARTESIAN_POINT('',(0.0850759282071822,0.0865300587601067,0.0540139078067113));
#1912=CARTESIAN_POINT('',(0.0851322571542607,0.0862169161030648,0.0540748514460001));
#1913=CARTESIAN_POINT('',(0.0851692379605033,0.0859881934975094,0.0540867414407309));
#1914=CARTESIAN_POINT('',(0.0851839058399687,0.0857381928563108,0.0540720735612655));
#1915=CARTESIAN_POINT('',(0.0848578097802189,0.0870666994828154,0.0538049284777847));
#1916=CARTESIAN_POINT('',(0.0848768574997342,0.0869620723286695,0.0538956122573286));
#1917=CARTESIAN_POINT('',(0.0848965951259515,0.0868552307304953,0.0539644551451044));
#1918=CARTESIAN_POINT('',(0.0849349602435148,0.0866414057463371,0.0540672275201491));
#1919=CARTESIAN_POINT('',(0.0849535633659618,0.0865344011134209,0.0541012103611907));
#1920=CARTESIAN_POINT('',(0.0850051595420156,0.0862182325570662,0.054164910476755));
#1921=CARTESIAN_POINT('',(0.0850486747312489,0.0859891195894813,0.0541712522288603));
#1922=CARTESIAN_POINT('',(0.0850743352552548,0.0857381928563108,0.0541535633971886));
#1923=CARTESIAN_POINT('',(0.0846704548300368,0.0871293204825549,0.0538675494775242));
#1924=CARTESIAN_POINT('',(0.0846747421855496,0.0870122249735257,0.0539829892183352));
#1925=CARTESIAN_POINT('',(0.0846827696522568,0.0868935960871885,0.0540672273688813));
#1926=CARTESIAN_POINT('',(0.0847033303334948,0.0866619665068748,0.0541894511521575));
#1927=CARTESIAN_POINT('',(0.084715833086902,0.0865488521616608,0.0542276851920486));
#1928=CARTESIAN_POINT('',(0.0847571219238014,0.0862231819236028,0.0542983464340398));
#1929=CARTESIAN_POINT('',(0.0848037725330542,0.0859920756698522,0.0543013411138755));
#1930=CARTESIAN_POINT('',(0.0848381434293697,0.0857381928563109,0.0542854971555286));
#1931=CARTESIAN_POINT('',(0.0845715143162558,0.0871551015224574,0.0538933305174265));
#1932=CARTESIAN_POINT('',(0.0845714226522508,0.0870345635132556,0.0540139078069971));
#1933=CARTESIAN_POINT('',(0.0845757650426497,0.0869121993111714,0.0541012100454665));
#1934=CARTESIAN_POINT('',(0.0845902170575287,0.0866744691132725,0.0542276848340066));
#1935=CARTESIAN_POINT('',(0.0846002982516265,0.0865589324265449,0.0542672312451167));
#1936=CARTESIAN_POINT('',(0.084635926128622,0.0862267985904001,0.0543423834282169));
#1937=CARTESIAN_POINT('',(0.0846792314214437,0.0859941056582512,0.0543476501614481));
#1938=CARTESIAN_POINT('',(0.0847117932451473,0.0857381928563109,0.0543361596263714));
#1939=CARTESIAN_POINT('',(0.084258357851977,0.0872137480028488,0.0539519769978179));
#1940=CARTESIAN_POINT('',(0.0842582795143101,0.0870908924604565,0.0540748514461628));
#1941=CARTESIAN_POINT('',(0.0842595950530911,0.0869637957492569,0.0541649101700414));
#1942=CARTESIAN_POINT('',(0.0842645430320817,0.0867157573902601,0.0542983470754096));
#1943=CARTESIAN_POINT('',(0.0842681592263585,0.0865945573543671,0.0543423855069364));
#1944=CARTESIAN_POINT('',(0.0842825681730847,0.0862412087276077,0.054435079838897));
#1945=CARTESIAN_POINT('',(0.0843028913210969,0.0860007309604083,0.0544517288950767));
#1946=CARTESIAN_POINT('',(0.0843222702669138,0.0857381928563112,0.0544500111649319));
#1947=CARTESIAN_POINT('',(0.0840295575499531,0.0872381928563117,0.0539764218512808));
#1948=CARTESIAN_POINT('',(0.0840295569087547,0.0871278732668616,0.0540867414407309));
#1949=CARTESIAN_POINT('',(0.0840304818721065,0.0870073110564677,0.0541712516563814));
#1950=CARTESIAN_POINT('',(0.0840334359234805,0.0867624074677984,0.054301341359706));
#1951=CARTESIAN_POINT('',(0.0840354650115026,0.086637860465764,0.0543476520598993));
#1952=CARTESIAN_POINT('',(0.0840420878359296,0.0862615323665392,0.0544517270213039));
#1953=CARTESIAN_POINT('',(0.084047217132695,0.0860058616111266,0.0544764218512808));
#1954=CARTESIAN_POINT('',(0.0840500721722212,0.0857381928563113,0.0544764218512807));
#1955=CARTESIAN_POINT('',(0.0837795575499531,0.0872381928563118,0.0539764218512807));
#1956=CARTESIAN_POINT('',(0.0837795575499531,0.0871425411463271,0.0540720735612655));
#1957=CARTESIAN_POINT('',(0.0837795575499532,0.0870329716737462,0.0541535627073172));
#1958=CARTESIAN_POINT('',(0.0837795575499534,0.0867967788518438,0.0542854971593153));
#1959=CARTESIAN_POINT('',(0.0837795575499534,0.0866704230306599,0.0543361613322404));
#1960=CARTESIAN_POINT('',(0.0837795575499535,0.0862809126658859,0.0544500089074466));
#1961=CARTESIAN_POINT('',(0.0837795575499536,0.0860087180239779,0.0544764218512807));
#1962=CARTESIAN_POINT('',(0.0837795575499537,0.0857381928563113,0.0544764218512808));
#1963=CARTESIAN_POINT('',(0.0837795575499537,0.0857381928563113,0.0544764218512808));
#1964=CARTESIAN_POINT('',(0.0837795575499535,0.0864048595229783,0.0544764218512808));
#1965=CARTESIAN_POINT('',(0.0837795575499533,0.0869048595229784,0.0543097551846142));
#1966=CARTESIAN_POINT('',(0.0837795575499531,0.0872381928563119,0.0539764218512808));
#1967=CARTESIAN_POINT('',(0.0852795575499535,0.0857381928563108,0.0539764218512808));
#1968=CARTESIAN_POINT('',(0.0849462242166202,0.0857381928562859,0.0543097551846141));
#1969=CARTESIAN_POINT('',(0.0844462242166203,0.085738192856286,0.0544764218512807));
#1970=CARTESIAN_POINT('',(0.0837795575499537,0.0857381928563113,0.0544764218512807));
#1971=CARTESIAN_POINT('',(0.0852795575499534,0.0857381928563108,0.0539764218512808));
#1972=CARTESIAN_POINT('',(0.0850295575499534,0.0869881928563116,0.0537264218512809));
#1973=CARTESIAN_POINT('',(0.0850712242166201,0.0869048595229782,0.0537680885179476));
#1974=CARTESIAN_POINT('',(0.0851080641764572,0.086816445086577,0.0538049284777847));
#1975=CARTESIAN_POINT('',(0.0851706851761967,0.0866290901363948,0.0538675494775242));
#1976=CARTESIAN_POINT('',(0.0851964662160991,0.0865301496226138,0.0538933305174265));
#1977=CARTESIAN_POINT('',(0.0852551126964905,0.0862169931583349,0.0539519769978179));
#1978=CARTESIAN_POINT('',(0.0852795575499534,0.0859881928563109,0.0539764218512808));
#1979=CARTESIAN_POINT('',(0.0852795575499535,0.0857381928563108,0.0539764218512808));
#1980=CARTESIAN_POINT('',(0.0850295575499534,-0.0023721881108136,0.053726421851281));
#1981=CARTESIAN_POINT('',(0.0850712242166201,-0.00241385477748025,0.0536430885179477));
#1982=CARTESIAN_POINT('',(0.0851080641764572,-0.00245069473731736,0.0535546740815466));
#1983=CARTESIAN_POINT('',(0.0851706851761967,-0.00251331573705683,0.0533673191313646));
#1984=CARTESIAN_POINT('',(0.0851964662160991,-0.00253909677695918,0.0532683786175837));
#1985=CARTESIAN_POINT('',(0.0852551126964905,-0.00259774325735054,0.052955222153305));
#1986=CARTESIAN_POINT('',(0.0852795575499534,-0.00262218811081346,0.0527264218512813));
#1987=CARTESIAN_POINT('',(0.0852795575499534,-0.00262218811081344,0.0524764218512814));
#1988=CARTESIAN_POINT('',(0.0849462242166201,-0.00241385477748025,0.0537680885179477));
#1989=CARTESIAN_POINT('',(0.0849756391629231,-0.00248493639044987,0.0536725034642507));
#1990=CARTESIAN_POINT('',(0.0850034370223867,-0.00254137851678589,0.0535737219613615));
#1991=CARTESIAN_POINT('',(0.0850535896674826,-0.00262875547755162,0.0533716070479257));
#1992=CARTESIAN_POINT('',(0.0850759282071823,-0.00265967406624394,0.0532682877550765));
#1993=CARTESIAN_POINT('',(0.0851322571542607,-0.00272061770553273,0.052955145098035));
#1994=CARTESIAN_POINT('',(0.0851692379605033,-0.0027325077002636,0.0527264224924797));
#1995=CARTESIAN_POINT('',(0.0851839058399687,-0.00271783982079821,0.0524764218512814));
#1996=CARTESIAN_POINT('',(0.084857809780219,-0.00245069473731736,0.0538049284777848));
#1997=CARTESIAN_POINT('',(0.0848768574997344,-0.00254137851686126,0.053700301323639));
#1998=CARTESIAN_POINT('',(0.0848965951259516,-0.00261022140463698,0.0535934597254649));
#1999=CARTESIAN_POINT('',(0.0849349602435149,-0.00271299377968171,0.0533796347413069));
#2000=CARTESIAN_POINT('',(0.0849535633659619,-0.00274697662072333,0.0532726301083909));
#2001=CARTESIAN_POINT('',(0.0850051595420157,-0.00281067673628758,0.0529564615520364));
#2002=CARTESIAN_POINT('',(0.0850486747312489,-0.00281701848839295,0.0527273485844518));
#2003=CARTESIAN_POINT('',(0.0850743352552548,-0.00279932965672131,0.0524764218512814));
#2004=CARTESIAN_POINT('',(0.084670454830037,-0.00251331573705682,0.0538675494775242));
#2005=CARTESIAN_POINT('',(0.0846747421855498,-0.00262875547786781,0.0537504539684951));
#2006=CARTESIAN_POINT('',(0.084682769652257,-0.00271299362841388,0.0536318250821581));
#2007=CARTESIAN_POINT('',(0.084703330333495,-0.00283521741169008,0.0534001955018446));
#2008=CARTESIAN_POINT('',(0.0847158330869022,-0.00287345145158116,0.0532870811566307));
#2009=CARTESIAN_POINT('',(0.0847571219238015,-0.0029441126935724,0.0529614109185731));
#2010=CARTESIAN_POINT('',(0.0848037725330542,-0.00294710737340808,0.0527303046648226));
#2011=CARTESIAN_POINT('',(0.0848381434293697,-0.0029312634150613,0.0524764218512813));
#2012=CARTESIAN_POINT('',(0.0845715143162561,-0.00253909677695917,0.0538933305174266));
#2013=CARTESIAN_POINT('',(0.0845714226522511,-0.00265967406652975,0.0537727925082249));
#2014=CARTESIAN_POINT('',(0.0845757650426501,-0.00274697630499909,0.0536504283061409));
#2015=CARTESIAN_POINT('',(0.0845902170575289,-0.00287345109353922,0.0534126981082423));
#2016=CARTESIAN_POINT('',(0.0846002982516268,-0.00291299750464929,0.0532971614215147));
#2017=CARTESIAN_POINT('',(0.0846359261286222,-0.00298814968774956,0.0529650275853702));
#2018=CARTESIAN_POINT('',(0.0846792314214439,-0.00299341642098078,0.0527323346532215));
#2019=CARTESIAN_POINT('',(0.0847117932451473,-0.00298192588590413,0.0524764218512813));
#2020=CARTESIAN_POINT('',(0.0842583578519775,-0.00259774325735053,0.053951976997818));
#2021=CARTESIAN_POINT('',(0.0842582795143105,-0.00272061770569543,0.0538291214554258));
#2022=CARTESIAN_POINT('',(0.0842595950530916,-0.00281067642957392,0.0537020247442264));
#2023=CARTESIAN_POINT('',(0.084264543032082,-0.00294411333494222,0.0534539863852297));
#2024=CARTESIAN_POINT('',(0.0842681592263588,-0.002988151766469,0.0533327863493368));
#2025=CARTESIAN_POINT('',(0.084282568173085,-0.00308084609842964,0.0529794377225776));
#2026=CARTESIAN_POINT('',(0.0843028913210972,-0.00309749515460929,0.0527389599553784));
#2027=CARTESIAN_POINT('',(0.084322270266914,-0.00309577742446459,0.0524764218512812));
#2028=CARTESIAN_POINT('',(0.0840295575499537,-0.00262218811081344,0.053976421851281));
#2029=CARTESIAN_POINT('',(0.0840295569087553,-0.00273250770026359,0.0538661022618308));
#2030=CARTESIAN_POINT('',(0.084030481872107,-0.00281701791591398,0.0537455400514371));
#2031=CARTESIAN_POINT('',(0.0840334359234808,-0.00294710761923866,0.0535006364627678));
#2032=CARTESIAN_POINT('',(0.0840354650115029,-0.00299341831943194,0.0533760894607335));
#2033=CARTESIAN_POINT('',(0.0840420878359299,-0.00309749328083661,0.052999761361509));
#2034=CARTESIAN_POINT('',(0.0840472171326952,-0.00312218811081344,0.0527440906060966));
#2035=CARTESIAN_POINT('',(0.0840500721722214,-0.00312218811081343,0.0524764218512812));
#2036=CARTESIAN_POINT('',(0.0837795575499538,-0.00262218811081343,0.053976421851281));
#2037=CARTESIAN_POINT('',(0.0837795575499538,-0.00271783982079822,0.0538807701412962));
#2038=CARTESIAN_POINT('',(0.0837795575499539,-0.00279932896684982,0.0537712006687155));
#2039=CARTESIAN_POINT('',(0.0837795575499538,-0.00293126341884804,0.0535350078468131));
#2040=CARTESIAN_POINT('',(0.0837795575499538,-0.00298192759177306,0.0534086520256293));
#2041=CARTESIAN_POINT('',(0.0837795575499539,-0.0030957751669793,0.0530191416608556));
#2042=CARTESIAN_POINT('',(0.0837795575499537,-0.00312218811081343,0.0527469470189478));
#2043=CARTESIAN_POINT('',(0.0837795575499539,-0.00312218811081343,0.0524764218512812));
#2044=CARTESIAN_POINT('',(0.0850295575499534,-0.0023721881108136,0.053726421851281));
#2045=CARTESIAN_POINT('',(0.0849462242166201,-0.00241385477748025,0.0537680885179477));
#2046=CARTESIAN_POINT('',(0.084857809780219,-0.00245069473731736,0.0538049284777848));
#2047=CARTESIAN_POINT('',(0.084670454830037,-0.00251331573705682,0.0538675494775242));
#2048=CARTESIAN_POINT('',(0.0845715143162561,-0.00253909677695917,0.0538933305174266));
#2049=CARTESIAN_POINT('',(0.0842583578519775,-0.00259774325735053,0.053951976997818));
#2050=CARTESIAN_POINT('',(0.0840295575499537,-0.00262218811081344,0.053976421851281));
#2051=CARTESIAN_POINT('',(0.0837795575499538,-0.00262218811081343,0.053976421851281));
#2052=CARTESIAN_POINT('',(0.0837795575499538,-0.00262218811081343,0.053976421851281));
#2053=CARTESIAN_POINT('',(0.0850295575499534,-0.0023721881108136,0.053726421851281));
#2054=CARTESIAN_POINT('',(0.0837795575499539,-0.00312218811081344,0.0524764218512812));
#2055=CARTESIAN_POINT('',(0.0837795575499859,-0.00312218811081541,0.0531430885179488));
#2056=CARTESIAN_POINT('',(0.0837795575499858,-0.00295552144414925,0.0536430885179492));
#2057=CARTESIAN_POINT('',(0.0837795575499538,-0.00262218811081495,0.0539764218512825));
#2058=CARTESIAN_POINT('',(0.0852795575499534,-0.00262218811081341,0.0524764218512814));
#2059=CARTESIAN_POINT('',(0.0849462242166201,-0.00295552144414667,0.0524764218512813));
#2060=CARTESIAN_POINT('',(0.0844462242166203,-0.00312218811081335,0.0524764218512813));
#2061=CARTESIAN_POINT('',(0.0837795575499539,-0.00312218811081344,0.0524764218512812));
#2062=CARTESIAN_POINT('',(0.0852795575499534,-0.00262218811081343,0.0524764218512814));
#2063=CARTESIAN_POINT('',(0.0850295575499534,-0.0023721881108136,0.053726421851281));
#2064=CARTESIAN_POINT('',(0.0850712242166201,-0.00241385477748025,0.0536430885179477));
#2065=CARTESIAN_POINT('',(0.0851080641764572,-0.00245069473731736,0.0535546740815466));
#2066=CARTESIAN_POINT('',(0.0851706851761967,-0.00251331573705683,0.0533673191313646));
#2067=CARTESIAN_POINT('',(0.0851964662160991,-0.00253909677695918,0.0532683786175837));
#2068=CARTESIAN_POINT('',(0.0852551126964905,-0.00259774325735054,0.052955222153305));
#2069=CARTESIAN_POINT('',(0.0852795575499534,-0.00262218811081346,0.0527264218512813));
#2070=CARTESIAN_POINT('',(0.0852795575499534,-0.00262218811081344,0.0524764218512814));
#2071=CARTESIAN_POINT('',(0.0850295575499534,-0.0023721881108136,0.053726421851281));
#2072=CARTESIAN_POINT('',(0.0850712242166201,-0.00228885477748031,0.0537680885179477));
#2073=CARTESIAN_POINT('',(0.0851080641764572,-0.00220044034107921,0.0538049284777848));
#2074=CARTESIAN_POINT('',(0.0851706851761968,-0.00201308539089724,0.0538675494775243));
#2075=CARTESIAN_POINT('',(0.0851964662160991,-0.00191414487711635,0.0538933305174266));
#2076=CARTESIAN_POINT('',(0.0852551126964905,-0.00160098841283778,0.053951976997818));
#2077=CARTESIAN_POINT('',(0.0852795575499534,-0.00137218811081408,0.0539764218512809));
#2078=CARTESIAN_POINT('',(0.0852795575499534,-0.00112218811081419,0.0539764218512809));
#2079=CARTESIAN_POINT('',(0.0850712242166201,-0.00241385477748025,0.0536430885179477));
#2080=CARTESIAN_POINT('',(0.0851423058295898,-0.00231826972378329,0.0536725034642507));
#2081=CARTESIAN_POINT('',(0.0851987479559258,-0.00221948822089412,0.0537003013237142));
#2082=CARTESIAN_POINT('',(0.0852861249166916,-0.00201737330745836,0.0537504539688101));
#2083=CARTESIAN_POINT('',(0.0853170435053839,-0.00191405401460924,0.0537727925085099));
#2084=CARTESIAN_POINT('',(0.0853779871446727,-0.00160091135756771,0.0538291214555882));
#2085=CARTESIAN_POINT('',(0.0853898771394036,-0.00137218875201254,0.0538661022618307));
#2086=CARTESIAN_POINT('',(0.0853752092599383,-0.00112218811081419,0.0538807701412961));
#2087=CARTESIAN_POINT('',(0.0851080641764572,-0.00245069473731736,0.0535546740815466));
#2088=CARTESIAN_POINT('',(0.0851987479560011,-0.0023460675831716,0.0535737218010619));
#2089=CARTESIAN_POINT('',(0.0852675908437769,-0.00223922598499754,0.0535934594272792));
#2090=CARTESIAN_POINT('',(0.0853703632188216,-0.00202540100083962,0.0536318245448424));
#2091=CARTESIAN_POINT('',(0.0854043460598633,-0.00191839636792358,0.0536504276672895));
#2092=CARTESIAN_POINT('',(0.0854680461754276,-0.00160222781156917,0.0537020238433432));
#2093=CARTESIAN_POINT('',(0.0854743879275329,-0.00137311484398458,0.0537455390325765));
#2094=CARTESIAN_POINT('',(0.0854566990958613,-0.00112218811081423,0.0537711995565823));
#2095=CARTESIAN_POINT('',(0.0851706851761967,-0.00251331573705683,0.0533673191313646));
#2096=CARTESIAN_POINT('',(0.0852861249170077,-0.00239622022802772,0.0533716064868774));
#2097=CARTESIAN_POINT('',(0.0853703630675538,-0.00227759134169073,0.0533796339535846));
#2098=CARTESIAN_POINT('',(0.08549258685083,-0.00204596176137725,0.0534001946348226));
#2099=CARTESIAN_POINT('',(0.0855308208907211,-0.00193284741616335,0.0534126973882298));
#2100=CARTESIAN_POINT('',(0.0856014821327124,-0.00160717717810568,0.0534539862251291));
#2101=CARTESIAN_POINT('',(0.085604476812548,-0.00137607092435531,0.0535006368343818));
#2102=CARTESIAN_POINT('',(0.0855886328542013,-0.00112218811081403,0.0535350077306972));
#2103=CARTESIAN_POINT('',(0.0851964662160991,-0.00253909677695918,0.0532683786175837));
#2104=CARTESIAN_POINT('',(0.0853170435056697,-0.00241855876775751,0.0532682869535786));
#2105=CARTESIAN_POINT('',(0.0854043457441391,-0.00229619456567352,0.0532726293439776));
#2106=CARTESIAN_POINT('',(0.0855308205326792,-0.00205846436777491,0.0532870813588565));
#2107=CARTESIAN_POINT('',(0.0855703669437893,-0.00194292768104738,0.0532971625529543));
#2108=CARTESIAN_POINT('',(0.0856455191268896,-0.00161079384490293,0.0533327904299497));
#2109=CARTESIAN_POINT('',(0.0856507858601208,-0.00137810091275428,0.0533760957227714));
#2110=CARTESIAN_POINT('',(0.0856392953250442,-0.00112218811081407,0.0534086575464748));
#2111=CARTESIAN_POINT('',(0.0852551126964905,-0.00259774325735054,0.052955222153305));
#2112=CARTESIAN_POINT('',(0.0853779871448354,-0.00247488771495832,0.052955143815638));
#2113=CARTESIAN_POINT('',(0.0854680458687139,-0.00234779100375896,0.0529564593544191));
#2114=CARTESIAN_POINT('',(0.0856014827740822,-0.00209975264476225,0.0529614073334096));
#2115=CARTESIAN_POINT('',(0.085645521205609,-0.00197855260886941,0.0529650235276863));
#2116=CARTESIAN_POINT('',(0.0857382155375697,-0.00162520398211028,0.0529794324744123));
#2117=CARTESIAN_POINT('',(0.0857548645937493,-0.00138472621491111,0.0529997556224246));
#2118=CARTESIAN_POINT('',(0.0857531468636047,-0.00112218811081393,0.0530191345682413));
#2119=CARTESIAN_POINT('',(0.0852795575499534,-0.00262218811081346,0.0527264218512813));
#2120=CARTESIAN_POINT('',(0.0853898771394035,-0.00251186852136332,0.0527264212100828));
#2121=CARTESIAN_POINT('',(0.0854743873550539,-0.00239130631096967,0.0527273461734345));
#2122=CARTESIAN_POINT('',(0.0856044770583786,-0.00214640272230034,0.0527303002248083));
#2123=CARTESIAN_POINT('',(0.0856507877585719,-0.00202185572026616,0.0527323293128304));
#2124=CARTESIAN_POINT('',(0.0857548627199766,-0.00164552762104161,0.0527389521372572));
#2125=CARTESIAN_POINT('',(0.0857795575499535,-0.00138985686562923,0.0527440814340225));
#2126=CARTESIAN_POINT('',(0.0857795575499534,-0.00112218811081383,0.0527469364735487));
#2127=CARTESIAN_POINT('',(0.0852795575499534,-0.00262218811081344,0.0524764218512814));
#2128=CARTESIAN_POINT('',(0.0853752092599382,-0.00252653640082866,0.0524764218512814));
#2129=CARTESIAN_POINT('',(0.0854566984059898,-0.00241696692824801,0.0524764218512813));
#2130=CARTESIAN_POINT('',(0.085588632857988,-0.00218077410634566,0.0524764218512813));
#2131=CARTESIAN_POINT('',(0.0856392970309131,-0.00205441828516193,0.0524764218512813));
#2132=CARTESIAN_POINT('',(0.0857531446061193,-0.00166490792038814,0.0524764218512812));
#2133=CARTESIAN_POINT('',(0.0857795575499534,-0.00139271327848043,0.0524764218512812));
#2134=CARTESIAN_POINT('',(0.0857795575499535,-0.00112218811081383,0.0524764218512812));
#2135=CARTESIAN_POINT('',(0.0857795575499534,-0.00112218811081383,0.0524764218512812));
#2136=CARTESIAN_POINT('',(0.0857795575499534,-0.00178885477748028,0.0524764218512813));
#2137=CARTESIAN_POINT('',(0.0856128908832867,-0.00228885477748015,0.0524764218512813));
#2138=CARTESIAN_POINT('',(0.0852795575499534,-0.00262218811081341,0.0524764218512814));
#2139=CARTESIAN_POINT('',(0.0852795575499535,-0.00112218811081419,0.053976421851281));
#2140=CARTESIAN_POINT('',(0.0856128908832868,-0.00112218811083916,0.0536430885179477));
#2141=CARTESIAN_POINT('',(0.0857795575499534,-0.00112218811083903,0.0531430885179478));
#2142=CARTESIAN_POINT('',(0.0857795575499534,-0.00112218811081383,0.0524764218512812));
#2143=CARTESIAN_POINT('',(0.0852795575499534,-0.00112218811081419,0.0539764218512809));
#2144=CARTESIAN_POINT('',(0.0850295575499534,-0.0023721881108136,0.053726421851281));
#2145=CARTESIAN_POINT('',(0.0850712242166201,-0.00228885477748031,0.0537680885179477));
#2146=CARTESIAN_POINT('',(0.0851080641764572,-0.00220044034107921,0.0538049284777848));
#2147=CARTESIAN_POINT('',(0.0851706851761968,-0.00201308539089724,0.0538675494775243));
#2148=CARTESIAN_POINT('',(0.0851964662160991,-0.00191414487711635,0.0538933305174266));
#2149=CARTESIAN_POINT('',(0.0852551126964905,-0.00160098841283778,0.053951976997818));
#2150=CARTESIAN_POINT('',(0.0852795575499534,-0.00137218811081408,0.0539764218512809));
#2151=CARTESIAN_POINT('',(0.0852795575499534,-0.00112218811081419,0.0539764218512809));
#2152=CARTESIAN_POINT('',(-0.0281016924500466,0.086988192856312,0.0537264218512807));
#2153=CARTESIAN_POINT('',(-0.0281433591167132,0.0869048595229787,0.0537680885179474));
#2154=CARTESIAN_POINT('',(-0.0281801990765504,0.0868164450865777,0.0538049284777845));
#2155=CARTESIAN_POINT('',(-0.0282428200762899,0.0866290901363957,0.053867549477524));
#2156=CARTESIAN_POINT('',(-0.0282686011161922,0.0865301496226149,0.0538933305174264));
#2157=CARTESIAN_POINT('',(-0.0283272475965837,0.0862169931583363,0.0539519769978178));
#2158=CARTESIAN_POINT('',(-0.0283516924500465,0.0859881928563127,0.0539764218512807));
#2159=CARTESIAN_POINT('',(-0.0283516924500465,0.0857381928563128,0.0539764218512807));
#2160=CARTESIAN_POINT('',(-0.0281433591167132,0.0870298595229787,0.0536430885179474));
#2161=CARTESIAN_POINT('',(-0.0282144407296829,0.0869342744692818,0.0536725034642504));
#2162=CARTESIAN_POINT('',(-0.028270882856019,0.0868354929663926,0.053700301323714));
#2163=CARTESIAN_POINT('',(-0.0283582598167847,0.0866333780529568,0.0537504539688099));
#2164=CARTESIAN_POINT('',(-0.028389178405477,0.0865300587601077,0.0537727925085096));
#2165=CARTESIAN_POINT('',(-0.0284501220447659,0.0862169161030662,0.053829121455588));
#2166=CARTESIAN_POINT('',(-0.0284620120394967,0.085988193497511,0.0538661022618305));
#2167=CARTESIAN_POINT('',(-0.0284473441600314,0.0857381928563127,0.0538807701412959));
#2168=CARTESIAN_POINT('',(-0.0281801990765504,0.0870666994828158,0.0535546740815463));
#2169=CARTESIAN_POINT('',(-0.0282708828560943,0.0869620723286701,0.0535737218010617));
#2170=CARTESIAN_POINT('',(-0.02833972574387,0.086855230730496,0.053593459427279));
#2171=CARTESIAN_POINT('',(-0.0284424981189148,0.0866414057463381,0.0536318245448422));
#2172=CARTESIAN_POINT('',(-0.0284764809599564,0.086534401113422,0.0536504276672893));
#2173=CARTESIAN_POINT('',(-0.0285401810755207,0.0862182325570676,0.053702023843343));
#2174=CARTESIAN_POINT('',(-0.0285465228276261,0.0859891195894829,0.0537455390325762));
#2175=CARTESIAN_POINT('',(-0.0285288339959545,0.0857381928563125,0.053771199556582));
#2176=CARTESIAN_POINT('',(-0.0282428200762898,0.0871293204825553,0.0533673191313643));
#2177=CARTESIAN_POINT('',(-0.0283582598171008,0.0870122249735261,0.0533716064868771));
#2178=CARTESIAN_POINT('',(-0.0284424979676469,0.0868935960871892,0.0533796339535844));
#2179=CARTESIAN_POINT('',(-0.0285647217509232,0.0866619665068757,0.0534001946348224));
#2180=CARTESIAN_POINT('',(-0.0286029557908142,0.0865488521616618,0.0534126973882295));
#2181=CARTESIAN_POINT('',(-0.0286736170328054,0.0862231819236041,0.0534539862251289));
#2182=CARTESIAN_POINT('',(-0.0286766117126411,0.0859920756698537,0.0535006368343816));
#2183=CARTESIAN_POINT('',(-0.0286607677542943,0.0857381928563124,0.053535007730697));
#2184=CARTESIAN_POINT('',(-0.0282686011161922,0.0871551015224576,0.0532683786175834));
#2185=CARTESIAN_POINT('',(-0.0283891784057628,0.087034563513256,0.0532682869535784));
#2186=CARTESIAN_POINT('',(-0.0284764806442321,0.086912199311172,0.0532726293439774));
#2187=CARTESIAN_POINT('',(-0.0286029554327723,0.0866744691132733,0.0532870813588562));
#2188=CARTESIAN_POINT('',(-0.0286425018438824,0.0865589324265458,0.0532971625529541));
#2189=CARTESIAN_POINT('',(-0.0287176540269826,0.0862267985904012,0.0533327904299495));
#2190=CARTESIAN_POINT('',(-0.0287229207602139,0.0859941056582525,0.0533760957227711));
#2191=CARTESIAN_POINT('',(-0.0287114302251372,0.0857381928563123,0.0534086575464745));
#2192=CARTESIAN_POINT('',(-0.0283272475965836,0.087213748002849,0.0529552221533048));
#2193=CARTESIAN_POINT('',(-0.0284501220449285,0.0870908924604568,0.0529551438156378));
#2194=CARTESIAN_POINT('',(-0.028540180768807,0.0869637957492574,0.0529564593544189));
#2195=CARTESIAN_POINT('',(-0.0286736176741753,0.0867157573902606,0.0529614073334093));
#2196=CARTESIAN_POINT('',(-0.0287176561057021,0.0865945573543677,0.0529650235276861));
#2197=CARTESIAN_POINT('',(-0.0288103504376628,0.0862412087276084,0.0529794324744121));
#2198=CARTESIAN_POINT('',(-0.0288269994938424,0.0860007309604091,0.0529997556224243));
#2199=CARTESIAN_POINT('',(-0.0288252817636977,0.085738192856312,0.053019134568241));
#2200=CARTESIAN_POINT('',(-0.0283516924500465,0.0872381928563119,0.052726421851281));
#2201=CARTESIAN_POINT('',(-0.0284620120394966,0.0871278732668617,0.0527264212100826));
#2202=CARTESIAN_POINT('',(-0.0285465222551471,0.0870073110564681,0.0527273461734343));
#2203=CARTESIAN_POINT('',(-0.0286766119584718,0.0867624074677986,0.0527303002248081));
#2204=CARTESIAN_POINT('',(-0.028722922658665,0.0866378604657644,0.0527323293128302));
#2205=CARTESIAN_POINT('',(-0.0288269976200698,0.0862615323665396,0.052738952137257));
#2206=CARTESIAN_POINT('',(-0.0288516924500466,0.0860058616111271,0.0527440814340223));
#2207=CARTESIAN_POINT('',(-0.0288516924500466,0.0857381928563118,0.0527469364735485));
#2208=CARTESIAN_POINT('',(-0.0283516924500465,0.0872381928563118,0.0524764218512811));
#2209=CARTESIAN_POINT('',(-0.0284473441600313,0.0871425411463271,0.0524764218512811));
#2210=CARTESIAN_POINT('',(-0.0285288333060829,0.0870329716737464,0.0524764218512811));
#2211=CARTESIAN_POINT('',(-0.0286607677580812,0.0867967788518439,0.0524764218512811));
#2212=CARTESIAN_POINT('',(-0.0287114319310062,0.0866704230306601,0.0524764218512811));
#2213=CARTESIAN_POINT('',(-0.0288252795062124,0.0862809126658861,0.052476421851281));
#2214=CARTESIAN_POINT('',(-0.0288516924500466,0.0860087180239782,0.0524764218512809));
#2215=CARTESIAN_POINT('',(-0.0288516924500466,0.0857381928563116,0.0524764218512809));
#2216=CARTESIAN_POINT('',(-0.0281016924500466,0.086988192856312,0.0537264218512807));
#2217=CARTESIAN_POINT('',(-0.0281433591167132,0.0870298595229787,0.0536430885179474));
#2218=CARTESIAN_POINT('',(-0.0281801990765504,0.0870666994828158,0.0535546740815463));
#2219=CARTESIAN_POINT('',(-0.0282428200762898,0.0871293204825553,0.0533673191313643));
#2220=CARTESIAN_POINT('',(-0.0282686011161922,0.0871551015224576,0.0532683786175834));
#2221=CARTESIAN_POINT('',(-0.0283272475965836,0.087213748002849,0.0529552221533048));
#2222=CARTESIAN_POINT('',(-0.0283516924500465,0.0872381928563119,0.052726421851281));
#2223=CARTESIAN_POINT('',(-0.0283516924500465,0.0872381928563118,0.0524764218512811));
#2224=CARTESIAN_POINT('',(-0.0283516924500465,0.0872381928563118,0.0524764218512811));
#2225=CARTESIAN_POINT('',(-0.0281016924500466,0.086988192856312,0.0537264218512807));
#2226=CARTESIAN_POINT('',(-0.0288516924500466,0.0857381928563116,0.0524764218512809));
#2227=CARTESIAN_POINT('',(-0.0288516924500466,0.0864048595229783,0.052476421851281));
#2228=CARTESIAN_POINT('',(-0.0286850257833799,0.0869048595229784,0.052476421851281));
#2229=CARTESIAN_POINT('',(-0.0283516924500465,0.0872381928563117,0.0524764218512811));
#2230=CARTESIAN_POINT('',(-0.0283516924500465,0.0857381928563128,0.0539764218512807));
#2231=CARTESIAN_POINT('',(-0.0286850257833798,0.0857381928563124,0.0536430885179474));
#2232=CARTESIAN_POINT('',(-0.0288516924500465,0.085738192856312,0.0531430885179475));
#2233=CARTESIAN_POINT('',(-0.0288516924500466,0.0857381928563116,0.0524764218512809));
#2234=CARTESIAN_POINT('',(-0.0283516924500465,0.0857381928563128,0.0539764218512807));
#2235=CARTESIAN_POINT('',(-0.0281016924500466,0.086988192856312,0.0537264218512807));
#2236=CARTESIAN_POINT('',(-0.0281433591167132,0.0869048595229787,0.0537680885179474));
#2237=CARTESIAN_POINT('',(-0.0281801990765504,0.0868164450865777,0.0538049284777845));
#2238=CARTESIAN_POINT('',(-0.0282428200762898,0.0866290901363957,0.053867549477524));
#2239=CARTESIAN_POINT('',(-0.0282686011161922,0.0865301496226149,0.0538933305174264));
#2240=CARTESIAN_POINT('',(-0.0283272475965837,0.0862169931583363,0.0539519769978178));
#2241=CARTESIAN_POINT('',(-0.0283516924500465,0.0859881928563127,0.0539764218512807));
#2242=CARTESIAN_POINT('',(-0.0283516924500465,0.0857381928563128,0.0539764218512807));
#2243=CARTESIAN_POINT('',(-0.0281016924500466,0.086988192856312,0.0537264218512807));
#2244=CARTESIAN_POINT('',(-0.0280183591167133,0.0870298595229787,0.0537680885179474));
#2245=CARTESIAN_POINT('',(-0.0279299446803122,0.0870666994828158,0.0538049284777845));
#2246=CARTESIAN_POINT('',(-0.0277425897301301,0.0871293204825552,0.053867549477524));
#2247=CARTESIAN_POINT('',(-0.0276436492163492,0.0871551015224576,0.0538933305174263));
#2248=CARTESIAN_POINT('',(-0.0273304927520706,0.0872137480028489,0.0539519769978177));
#2249=CARTESIAN_POINT('',(-0.0271016924500469,0.0872381928563118,0.0539764218512807));
#2250=CARTESIAN_POINT('',(-0.0268516924500469,0.0872381928563118,0.0539764218512807));
#2251=CARTESIAN_POINT('',(-0.0281433591167132,0.0869048595229787,0.0537680885179474));
#2252=CARTESIAN_POINT('',(-0.0280477740630163,0.0869342744692818,0.053839170130917));
#2253=CARTESIAN_POINT('',(-0.0279489925601271,0.0869620723287453,0.0538956122572531));
#2254=CARTESIAN_POINT('',(-0.0277468776466913,0.0870122249738412,0.0539829892180188));
#2255=CARTESIAN_POINT('',(-0.0276435583538421,0.0870345635135408,0.0540139078067111));
#2256=CARTESIAN_POINT('',(-0.0273304156968006,0.0870908924606192,0.054074851446));
#2257=CARTESIAN_POINT('',(-0.0271016930912454,0.0871278732668617,0.0540867414407308));
#2258=CARTESIAN_POINT('',(-0.0268516924500469,0.087142541146327,0.0540720735612655));
#2259=CARTESIAN_POINT('',(-0.0281801990765504,0.0868164450865777,0.0538049284777845));
#2260=CARTESIAN_POINT('',(-0.0280755719224046,0.0868354928060931,0.0538956122573284));
#2261=CARTESIAN_POINT('',(-0.0279687303242305,0.0868552304323103,0.0539644551451042));
#2262=CARTESIAN_POINT('',(-0.0277549053400725,0.0868935955498735,0.0540672275201489));
#2263=CARTESIAN_POINT('',(-0.0276479007071564,0.0869121986723205,0.0541012103611905));
#2264=CARTESIAN_POINT('',(-0.027331732150802,0.0869637948483741,0.0541649104767549));
#2265=CARTESIAN_POINT('',(-0.0271026191832173,0.0870073100376073,0.0541712522288602));
#2266=CARTESIAN_POINT('',(-0.0268516924500469,0.0870329705616132,0.0541535633971886));
#2267=CARTESIAN_POINT('',(-0.0282428200762898,0.0866290901363957,0.053867549477524));
#2268=CARTESIAN_POINT('',(-0.0281257245672608,0.0866333774919086,0.053982989218335));
#2269=CARTESIAN_POINT('',(-0.0280070956809238,0.0866414049586158,0.0540672273688811));
#2270=CARTESIAN_POINT('',(-0.0277754661006103,0.0866619656398538,0.0541894511521573));
#2271=CARTESIAN_POINT('',(-0.0276623517553964,0.086674468393261,0.0542276851920484));
#2272=CARTESIAN_POINT('',(-0.0273366815173387,0.0867157572301603,0.0542983464340396));
#2273=CARTESIAN_POINT('',(-0.0271055752635882,0.086762407839413,0.0543013411138752));
#2274=CARTESIAN_POINT('',(-0.0268516924500469,0.0867967787357284,0.0542854971555285));
#2275=CARTESIAN_POINT('',(-0.0282686011161922,0.0865301496226149,0.0538933305174264));
#2276=CARTESIAN_POINT('',(-0.0281480631069905,0.0865300579586099,0.054013907806997));
#2277=CARTESIAN_POINT('',(-0.0280256989049066,0.0865344003490088,0.0541012100454663));
#2278=CARTESIAN_POINT('',(-0.0277879687070079,0.0865488523638877,0.0542276848340065));
#2279=CARTESIAN_POINT('',(-0.0276724320202804,0.0865589335579856,0.0542672312451165));
#2280=CARTESIAN_POINT('',(-0.0273402981841358,0.086594561434981,0.0543423834282168));
#2281=CARTESIAN_POINT('',(-0.0271076052519871,0.0866378667278026,0.054347650161448));
#2282=CARTESIAN_POINT('',(-0.0268516924500468,0.086670428551506,0.0543361596263714));
#2283=CARTESIAN_POINT('',(-0.0283272475965837,0.0862169931583363,0.0539519769978178));
#2284=CARTESIAN_POINT('',(-0.0282043920541914,0.0862169148206694,0.0540748514461627));
#2285=CARTESIAN_POINT('',(-0.028077295342992,0.0862182303594506,0.0541649101700412));
#2286=CARTESIAN_POINT('',(-0.0278292569839953,0.0862231783384411,0.0542983470754095));
#2287=CARTESIAN_POINT('',(-0.0277080569481024,0.086226794532718,0.0543423855069363));
#2288=CARTESIAN_POINT('',(-0.0273547083213433,0.086241203479444,0.0544350798388969));
#2289=CARTESIAN_POINT('',(-0.027114230554144,0.0862615266274562,0.0544517288950766));
#2290=CARTESIAN_POINT('',(-0.0268516924500469,0.086280905573273,0.0544500111649319));
#2291=CARTESIAN_POINT('',(-0.0283516924500465,0.0859881928563127,0.0539764218512807));
#2292=CARTESIAN_POINT('',(-0.0282413728605964,0.0859881922151143,0.0540867414407309));
#2293=CARTESIAN_POINT('',(-0.0281208106502028,0.0859891171784661,0.0541712516563812));
#2294=CARTESIAN_POINT('',(-0.0278759070615334,0.08599207122984,0.0543013413597059));
#2295=CARTESIAN_POINT('',(-0.0277513600594992,0.0859941003178622,0.0543476520598992));
#2296=CARTESIAN_POINT('',(-0.0273750319602746,0.086000723142289,0.0544517270213039));
#2297=CARTESIAN_POINT('',(-0.0271193612048621,0.0860058524390543,0.0544764218512807));
#2298=CARTESIAN_POINT('',(-0.0268516924500467,0.0860087074785806,0.0544764218512807));
#2299=CARTESIAN_POINT('',(-0.0283516924500465,0.0857381928563128,0.0539764218512807));
#2300=CARTESIAN_POINT('',(-0.0282560407400617,0.0857381928563129,0.0540720735612655));
#2301=CARTESIAN_POINT('',(-0.028146471267481,0.085738192856313,0.0541535627073171));
#2302=CARTESIAN_POINT('',(-0.0279102784455787,0.0857381928563131,0.0542854971593153));
#2303=CARTESIAN_POINT('',(-0.027783922624395,0.0857381928563131,0.0543361613322403));
#2304=CARTESIAN_POINT('',(-0.0273944122596211,0.085738192856313,0.0544500089074466));
#2305=CARTESIAN_POINT('',(-0.0271222176177134,0.0857381928563128,0.0544764218512807));
#2306=CARTESIAN_POINT('',(-0.0268516924500467,0.085738192856313,0.0544764218512807));
#2307=CARTESIAN_POINT('',(-0.0268516924500467,0.085738192856313,0.0544764218512807));
#2308=CARTESIAN_POINT('',(-0.0275183591167133,0.0857381928563129,0.0544764218512806));
#2309=CARTESIAN_POINT('',(-0.0280183591167132,0.0857381928563129,0.054309755184614));
#2310=CARTESIAN_POINT('',(-0.0283516924500465,0.0857381928563128,0.0539764218512807));
#2311=CARTESIAN_POINT('',(-0.026851692450047,0.0872381928563118,0.0539764218512807));
#2312=CARTESIAN_POINT('',(-0.0268516924500469,0.0869048595229786,0.0543097551846138));
#2313=CARTESIAN_POINT('',(-0.0268516924500468,0.086404859522979,0.0544764218512804));
#2314=CARTESIAN_POINT('',(-0.0268516924500467,0.085738192856313,0.0544764218512806));
#2315=CARTESIAN_POINT('',(-0.0268516924500469,0.0872381928563118,0.0539764218512807));
#2316=CARTESIAN_POINT('',(-0.0281016924500466,0.086988192856312,0.0537264218512807));
#2317=CARTESIAN_POINT('',(-0.0280183591167133,0.0870298595229787,0.0537680885179474));
#2318=CARTESIAN_POINT('',(-0.0279299446803122,0.0870666994828158,0.0538049284777845));
#2319=CARTESIAN_POINT('',(-0.0277425897301301,0.0871293204825552,0.053867549477524));
#2320=CARTESIAN_POINT('',(-0.0276436492163492,0.0871551015224576,0.0538933305174263));
#2321=CARTESIAN_POINT('',(-0.0273304927520706,0.0872137480028489,0.0539519769978177));
#2322=CARTESIAN_POINT('',(-0.0271016924500469,0.0872381928563118,0.0539764218512807));
#2323=CARTESIAN_POINT('',(-0.0268516924500469,0.0872381928563118,0.0539764218512807));
#2324=CARTESIAN_POINT('',(-0.0281016924500465,-0.00237218811081319,0.053726421851281));
#2325=CARTESIAN_POINT('',(-0.0281433591167132,-0.00241385477747989,0.0536430885179477));
#2326=CARTESIAN_POINT('',(-0.0281801990765503,-0.00245069473731705,0.0535546740815466));
#2327=CARTESIAN_POINT('',(-0.0282428200762898,-0.0025133157370566,0.0533673191313646));
#2328=CARTESIAN_POINT('',(-0.0282686011161922,-0.00253909677695899,0.0532683786175837));
#2329=CARTESIAN_POINT('',(-0.0283272475965837,-0.00259774325735046,0.052955222153305));
#2330=CARTESIAN_POINT('',(-0.0283516924500466,-0.00262218811081342,0.0527264218512813));
#2331=CARTESIAN_POINT('',(-0.0283516924500466,-0.00262218811081344,0.0524764218512813));
#2332=CARTESIAN_POINT('',(-0.0281433591167132,-0.00228885477747982,0.0537680885179477));
#2333=CARTESIAN_POINT('',(-0.0282144407296829,-0.00231826972378284,0.0536725034642507));
#2334=CARTESIAN_POINT('',(-0.028270882856019,-0.00234606758324646,0.0535737219613615));
#2335=CARTESIAN_POINT('',(-0.0283582598167848,-0.00239622022834242,0.0533716070479257));
#2336=CARTESIAN_POINT('',(-0.0283891784054771,-0.00241855876804216,0.0532682877550766));
#2337=CARTESIAN_POINT('',(-0.0284501220447659,-0.00247488771512066,0.052955145098035));
#2338=CARTESIAN_POINT('',(-0.0284620120394968,-0.00251186852136324,0.0527264224924797));
#2339=CARTESIAN_POINT('',(-0.0284473441600314,-0.00252653640082863,0.0524764218512813));
#2340=CARTESIAN_POINT('',(-0.0281801990765503,-0.00220044034107864,0.0538049284777848));
#2341=CARTESIAN_POINT('',(-0.0282708828560943,-0.00221948806059404,0.053700301323639));
#2342=CARTESIAN_POINT('',(-0.02833972574387,-0.00223922568681133,0.0535934597254649));
#2343=CARTESIAN_POINT('',(-0.0284424981189149,-0.00227759080437463,0.0533796347413069));
#2344=CARTESIAN_POINT('',(-0.0284764809599565,-0.00229619392682169,0.0532726301083909));
#2345=CARTESIAN_POINT('',(-0.0285401810755208,-0.00234779010287551,0.0529564615520364));
#2346=CARTESIAN_POINT('',(-0.0285465228276261,-0.00239130529210883,0.0527273485844517));
#2347=CARTESIAN_POINT('',(-0.0285288339959545,-0.00241696581611474,0.0524764218512813));
#2348=CARTESIAN_POINT('',(-0.0282428200762898,-0.00201308539089649,0.0538675494775243));
#2349=CARTESIAN_POINT('',(-0.0283582598171009,-0.00201737274640933,0.0537504539684951));
#2350=CARTESIAN_POINT('',(-0.028442497967647,-0.00202540021311656,0.0536318250821581));
#2351=CARTESIAN_POINT('',(-0.0285647217509233,-0.00204596089435464,0.0534001955018446));
#2352=CARTESIAN_POINT('',(-0.0286029557908143,-0.00205846364776182,0.0532870811566307));
#2353=CARTESIAN_POINT('',(-0.0286736170328055,-0.00209975248466126,0.052961410918573));
#2354=CARTESIAN_POINT('',(-0.0286766117126412,-0.00214640309391413,0.0527303046648226));
#2355=CARTESIAN_POINT('',(-0.0286607677542944,-0.00218077399022958,0.0524764218512812));
#2356=CARTESIAN_POINT('',(-0.0282686011161922,-0.00191414487711551,0.0538933305174266));
#2357=CARTESIAN_POINT('',(-0.0283891784057628,-0.00191405321311054,0.0537727925082249));
#2358=CARTESIAN_POINT('',(-0.0284764806442322,-0.00191839560350949,0.0536504283061409));
#2359=CARTESIAN_POINT('',(-0.0286029554327724,-0.00193284761838841,0.0534126981082423));
#2360=CARTESIAN_POINT('',(-0.0286425018438825,-0.00194292881248627,0.0532971614215147));
#2361=CARTESIAN_POINT('',(-0.0287176540269827,-0.00197855668948179,0.0529650275853702));
#2362=CARTESIAN_POINT('',(-0.0287229207602139,-0.00202186198230354,0.0527323346532215));
#2363=CARTESIAN_POINT('',(-0.0287114302251373,-0.00205442380600704,0.0524764218512812));
#2364=CARTESIAN_POINT('',(-0.0283272475965837,-0.00160098841283667,0.053951976997818));
#2365=CARTESIAN_POINT('',(-0.0284501220449286,-0.00160091007516971,0.0538291214554257));
#2366=CARTESIAN_POINT('',(-0.0285401807688071,-0.00160222561395075,0.0537020247442264));
#2367=CARTESIAN_POINT('',(-0.0286736176741754,-0.00160717359294127,0.0534539863852296));
#2368=CARTESIAN_POINT('',(-0.0287176561057022,-0.0016107897872181,0.0533327863493367));
#2369=CARTESIAN_POINT('',(-0.0288103504376628,-0.00162519873394426,0.0529794377225776));
#2370=CARTESIAN_POINT('',(-0.0288269994938425,-0.0016455218819566,0.0527389599553784));
#2371=CARTESIAN_POINT('',(-0.0288252817636977,-0.00166490082777337,0.0524764218512812));
#2372=CARTESIAN_POINT('',(-0.0283516924500466,-0.00137218811081279,0.0539764218512809));
#2373=CARTESIAN_POINT('',(-0.0284620120394967,-0.00137218746961436,0.0538661022618307));
#2374=CARTESIAN_POINT('',(-0.0285465222551472,-0.00137311243296603,0.053745540051437));
#2375=CARTESIAN_POINT('',(-0.0286766119584718,-0.00137606648433989,0.0535006364627677));
#2376=CARTESIAN_POINT('',(-0.0287229226586651,-0.00137809557236205,0.0533760894607335));
#2377=CARTESIAN_POINT('',(-0.0288269976200698,-0.00138471839678903,0.052999761361509));
#2378=CARTESIAN_POINT('',(-0.0288516924500466,-0.00138984769355442,0.0527440906060965));
#2379=CARTESIAN_POINT('',(-0.0288516924500466,-0.00139270273308064,0.0524764218512811));
#2380=CARTESIAN_POINT('',(-0.0283516924500466,-0.00112218811081271,0.0539764218512809));
#2381=CARTESIAN_POINT('',(-0.0284473441600314,-0.00112218811081277,0.0538807701412961));
#2382=CARTESIAN_POINT('',(-0.028528833306083,-0.00112218811081274,0.0537712006687154));
#2383=CARTESIAN_POINT('',(-0.0286607677580812,-0.00112218811081281,0.0535350078468131));
#2384=CARTESIAN_POINT('',(-0.0287114319310063,-0.00112218811081287,0.0534086520256292));
#2385=CARTESIAN_POINT('',(-0.0288252795062124,-0.001122188110813,0.0530191416608555));
#2386=CARTESIAN_POINT('',(-0.0288516924500466,-0.00112218811081303,0.0527469470189477));
#2387=CARTESIAN_POINT('',(-0.0288516924500466,-0.0011221881108131,0.0524764218512811));
#2388=CARTESIAN_POINT('',(-0.0281016924500465,-0.00237218811081319,0.053726421851281));
#2389=CARTESIAN_POINT('',(-0.0281433591167132,-0.00228885477747982,0.0537680885179477));
#2390=CARTESIAN_POINT('',(-0.0281801990765503,-0.00220044034107864,0.0538049284777848));
#2391=CARTESIAN_POINT('',(-0.0282428200762898,-0.00201308539089649,0.0538675494775243));
#2392=CARTESIAN_POINT('',(-0.0282686011161922,-0.00191414487711551,0.0538933305174266));
#2393=CARTESIAN_POINT('',(-0.0283272475965837,-0.00160098841283667,0.053951976997818));
#2394=CARTESIAN_POINT('',(-0.0283516924500466,-0.00137218811081279,0.0539764218512809));
#2395=CARTESIAN_POINT('',(-0.0283516924500466,-0.00112218811081271,0.0539764218512809));
#2396=CARTESIAN_POINT('',(-0.0283516924500466,-0.00112218811081271,0.0539764218512809));
#2397=CARTESIAN_POINT('',(-0.0281016924500465,-0.00237218811081319,0.053726421851281));
#2398=CARTESIAN_POINT('',(-0.0288516924500466,-0.0011221881108131,0.0524764218512811));
#2399=CARTESIAN_POINT('',(-0.0288516924500465,-0.00112218811081295,0.0531430885179477));
#2400=CARTESIAN_POINT('',(-0.0286850257833799,-0.00112218811081282,0.0536430885179476));
#2401=CARTESIAN_POINT('',(-0.0283516924500466,-0.00112218811081271,0.0539764218512809));
#2402=CARTESIAN_POINT('',(-0.0283516924500466,-0.00262218811081344,0.0524764218512813));
#2403=CARTESIAN_POINT('',(-0.02868502578338,-0.00228885477748005,0.0524764218512812));
#2404=CARTESIAN_POINT('',(-0.0288516924500467,-0.00178885477747993,0.0524764218512812));
#2405=CARTESIAN_POINT('',(-0.0288516924500466,-0.0011221881108131,0.0524764218512811));
#2406=CARTESIAN_POINT('',(-0.0283516924500466,-0.00262218811081344,0.0524764218512813));
#2407=CARTESIAN_POINT('',(-0.0281016924500465,-0.00237218811081319,0.053726421851281));
#2408=CARTESIAN_POINT('',(-0.0281433591167132,-0.00241385477747989,0.0536430885179477));
#2409=CARTESIAN_POINT('',(-0.0281801990765503,-0.00245069473731705,0.0535546740815466));
#2410=CARTESIAN_POINT('',(-0.0282428200762898,-0.0025133157370566,0.0533673191313646));
#2411=CARTESIAN_POINT('',(-0.0282686011161922,-0.00253909677695899,0.0532683786175837));
#2412=CARTESIAN_POINT('',(-0.0283272475965837,-0.00259774325735046,0.052955222153305));
#2413=CARTESIAN_POINT('',(-0.0283516924500466,-0.00262218811081342,0.0527264218512813));
#2414=CARTESIAN_POINT('',(-0.0283516924500466,-0.00262218811081344,0.0524764218512813));
#2415=CARTESIAN_POINT('',(-0.0281016924500465,-0.00237218811081319,0.053726421851281));
#2416=CARTESIAN_POINT('',(-0.0280183591167132,-0.00241385477747987,0.0537680885179477));
#2417=CARTESIAN_POINT('',(-0.027929944680312,-0.00245069473731701,0.0538049284777848));
#2418=CARTESIAN_POINT('',(-0.0277425897301299,-0.00251331573705654,0.0538675494775243));
#2419=CARTESIAN_POINT('',(-0.0276436492163489,-0.00253909677695892,0.0538933305174266));
#2420=CARTESIAN_POINT('',(-0.0273304927520702,-0.00259774325735038,0.053951976997818));
#2421=CARTESIAN_POINT('',(-0.0271016924500463,-0.00262218811081337,0.0539764218512809));
#2422=CARTESIAN_POINT('',(-0.0268516924500462,-0.00262218811081343,0.0539764218512809));
#2423=CARTESIAN_POINT('',(-0.0281433591167132,-0.00241385477747989,0.0536430885179477));
#2424=CARTESIAN_POINT('',(-0.0280477740630162,-0.00248493639044957,0.0536725034642507));
#2425=CARTESIAN_POINT('',(-0.0279489925601269,-0.00254137851678563,0.0537003013237143));
#2426=CARTESIAN_POINT('',(-0.0277468776466911,-0.00262875547755144,0.0537504539688102));
#2427=CARTESIAN_POINT('',(-0.0276435583538419,-0.00265967406624378,0.0537727925085099));
#2428=CARTESIAN_POINT('',(-0.0273304156968001,-0.00272061770553265,0.0538291214555882));
#2429=CARTESIAN_POINT('',(-0.0271016930912448,-0.00273250770026353,0.0538661022618308));
#2430=CARTESIAN_POINT('',(-0.0268516924500462,-0.00271783982079821,0.0538807701412961));
#2431=CARTESIAN_POINT('',(-0.0281801990765503,-0.00245069473731705,0.0535546740815466));
#2432=CARTESIAN_POINT('',(-0.0280755719224045,-0.00254137851686102,0.053573721801062));
#2433=CARTESIAN_POINT('',(-0.0279687303242304,-0.00261022140463679,0.0535934594272792));
#2434=CARTESIAN_POINT('',(-0.0277549053400723,-0.00271299377968159,0.0536318245448424));
#2435=CARTESIAN_POINT('',(-0.0276479007071561,-0.00274697662072323,0.0536504276672895));
#2436=CARTESIAN_POINT('',(-0.0273317321508015,-0.00281067673628753,0.0537020238433432));
#2437=CARTESIAN_POINT('',(-0.0271026191832167,-0.00281701848839289,0.0537455390325764));
#2438=CARTESIAN_POINT('',(-0.0268516924500462,-0.0027993296567213,0.0537711995565823));
#2439=CARTESIAN_POINT('',(-0.0282428200762898,-0.0025133157370566,0.0533673191313646));
#2440=CARTESIAN_POINT('',(-0.0281257245672607,-0.00262875547786767,0.0533716064868774));
#2441=CARTESIAN_POINT('',(-0.0280070956809236,-0.00271299362841379,0.0533796339535846));
#2442=CARTESIAN_POINT('',(-0.02777546610061,-0.00283521741169004,0.0534001946348226));
#2443=CARTESIAN_POINT('',(-0.027662351755396,-0.00287345145158114,0.0534126973882297));
#2444=CARTESIAN_POINT('',(-0.0273366815173382,-0.00294411269357237,0.053453986225129));
#2445=CARTESIAN_POINT('',(-0.0271055752635877,-0.00294710737340803,0.0535006368343817));
#2446=CARTESIAN_POINT('',(-0.0268516924500463,-0.00293126341506127,0.0535350077306972));
#2447=CARTESIAN_POINT('',(-0.0282686011161922,-0.00253909677695899,0.0532683786175837));
#2448=CARTESIAN_POINT('',(-0.0281480631069905,-0.00265967406652965,0.0532682869535787));
#2449=CARTESIAN_POINT('',(-0.0280256989049064,-0.00274697630499904,0.0532726293439776));
#2450=CARTESIAN_POINT('',(-0.0277879687070077,-0.0028734510935392,0.0532870813588565));
#2451=CARTESIAN_POINT('',(-0.0276724320202801,-0.00291299750464928,0.0532971625529543));
#2452=CARTESIAN_POINT('',(-0.0273402981841354,-0.00298814968774954,0.0533327904299496));
#2453=CARTESIAN_POINT('',(-0.0271076052519867,-0.00299341642098072,0.0533760957227713));
#2454=CARTESIAN_POINT('',(-0.0268516924500463,-0.00298192588590411,0.0534086575464748));
#2455=CARTESIAN_POINT('',(-0.0283272475965837,-0.00259774325735046,0.052955222153305));
#2456=CARTESIAN_POINT('',(-0.0282043920541913,-0.00272061770569542,0.052955143815638));
#2457=CARTESIAN_POINT('',(-0.0280772953429919,-0.00281067642957393,0.0529564593544191));
#2458=CARTESIAN_POINT('',(-0.0278292569839951,-0.00294411333494224,0.0529614073334096));
#2459=CARTESIAN_POINT('',(-0.0277080569481022,-0.00298815176646902,0.0529650235276863));
#2460=CARTESIAN_POINT('',(-0.0273547083213427,-0.00308084609842965,0.0529794324744123));
#2461=CARTESIAN_POINT('',(-0.0271142305541434,-0.00309749515460928,0.0529997556224245));
#2462=CARTESIAN_POINT('',(-0.0268516924500462,-0.00309577742446461,0.0530191345682413));
#2463=CARTESIAN_POINT('',(-0.0283516924500466,-0.00262218811081342,0.0527264218512813));
#2464=CARTESIAN_POINT('',(-0.0282413728605964,-0.00273250770026361,0.0527264212100828));
#2465=CARTESIAN_POINT('',(-0.0281208106502027,-0.002817017915914,0.0527273461734345));
#2466=CARTESIAN_POINT('',(-0.0278759070615333,-0.00294710761923867,0.0527303002248083));
#2467=CARTESIAN_POINT('',(-0.027751360059499,-0.00299341831943193,0.0527323293128304));
#2468=CARTESIAN_POINT('',(-0.0273750319602743,-0.00309749328083662,0.0527389521372572));
#2469=CARTESIAN_POINT('',(-0.0271193612048618,-0.00312218811081343,0.0527440814340225));
#2470=CARTESIAN_POINT('',(-0.0268516924500464,-0.00312218811081344,0.0527469364735487));
#2471=CARTESIAN_POINT('',(-0.0283516924500466,-0.00262218811081344,0.0524764218512813));
#2472=CARTESIAN_POINT('',(-0.0282560407400617,-0.00271783982079825,0.0524764218512813));
#2473=CARTESIAN_POINT('',(-0.028146471267481,-0.00279932896684984,0.0524764218512813));
#2474=CARTESIAN_POINT('',(-0.0279102784455786,-0.00293126341884804,0.0524764218512813));
#2475=CARTESIAN_POINT('',(-0.0277839226243948,-0.00298192759177307,0.0524764218512812));
#2476=CARTESIAN_POINT('',(-0.0273944122596208,-0.00309577516697931,0.0524764218512812));
#2477=CARTESIAN_POINT('',(-0.027122217617713,-0.00312218811081344,0.0524764218512811));
#2478=CARTESIAN_POINT('',(-0.0268516924500464,-0.00312218811081344,0.0524764218512811));
#2479=CARTESIAN_POINT('',(-0.0268516924500464,-0.00312218811081344,0.0524764218512811));
#2480=CARTESIAN_POINT('',(-0.0275183591167132,-0.00312218811081347,0.0524764218512812));
#2481=CARTESIAN_POINT('',(-0.0280183591167132,-0.00295552144414681,0.0524764218512813));
#2482=CARTESIAN_POINT('',(-0.0283516924500466,-0.00262218811081344,0.0524764218512813));
#2483=CARTESIAN_POINT('',(-0.0268516924500462,-0.00262218811081491,0.0539764218512824));
#2484=CARTESIAN_POINT('',(-0.0268516924500143,-0.00295552144414922,0.0536430885179491));
#2485=CARTESIAN_POINT('',(-0.0268516924500144,-0.0031221881108154,0.0531430885179487));
#2486=CARTESIAN_POINT('',(-0.0268516924500464,-0.00312218811081344,0.0524764218512811));
#2487=CARTESIAN_POINT('',(-0.0268516924500463,-0.00262218811081342,0.0539764218512809));
#2488=CARTESIAN_POINT('',(-0.0281016924500465,-0.00237218811081319,0.053726421851281));
#2489=CARTESIAN_POINT('',(-0.0280183591167132,-0.00241385477747987,0.0537680885179477));
#2490=CARTESIAN_POINT('',(-0.027929944680312,-0.00245069473731701,0.0538049284777848));
#2491=CARTESIAN_POINT('',(-0.0277425897301299,-0.00251331573705654,0.0538675494775243));
#2492=CARTESIAN_POINT('',(-0.0276436492163489,-0.00253909677695892,0.0538933305174266));
#2493=CARTESIAN_POINT('',(-0.0273304927520702,-0.00259774325735038,0.053951976997818));
#2494=CARTESIAN_POINT('',(-0.0271016924500463,-0.00262218811081337,0.0539764218512809));
#2495=CARTESIAN_POINT('',(-0.0268516924500462,-0.00262218811081343,0.0539764218512809));
#2496=CARTESIAN_POINT('',(-0.0288516924500466,-0.0011221881108131,0.0494764218512805));
#2497=CARTESIAN_POINT('',(-0.0288516924500466,-0.0011221881108131,0.0524764218512818));
#2498=CARTESIAN_POINT('',(-0.0288516924500467,-0.00245552144414673,0.0494764218512805));
#2499=CARTESIAN_POINT('',(-0.0288516924500467,-0.00245552144414673,0.0524764218512818));
#2500=CARTESIAN_POINT('',(-0.02818502578338,-0.00312218811081351,0.0494764218512806));
#2501=CARTESIAN_POINT('',(-0.02818502578338,-0.00312218811081351,0.0524764218512819));
#2502=CARTESIAN_POINT('',(-0.0268516924500464,-0.00312218811081344,0.0494764218512806));
#2503=CARTESIAN_POINT('',(-0.0268516924500464,-0.00312218811081344,0.0524764218512818));
#2504=CARTESIAN_POINT('',(-0.0288516924500466,-0.0011221881108131,0.0524764218512809));
#2505=CARTESIAN_POINT('',(-0.0288516924500466,0.0857381928563155,0.0524764218512807));
#2506=CARTESIAN_POINT('',(-0.0288516924500466,-0.00112218811081304,0.0538097551846143));
#2507=CARTESIAN_POINT('',(-0.0288516924500466,0.0857381928563156,0.053809755184614));
#2508=CARTESIAN_POINT('',(-0.0281850257833799,-0.00112218811081304,0.0544764218512809));
#2509=CARTESIAN_POINT('',(-0.0281850257833799,0.0857381928563156,0.0544764218512807));
#2510=CARTESIAN_POINT('',(-0.0268516924500465,-0.0011221881108131,0.0544764218512809));
#2511=CARTESIAN_POINT('',(-0.0268516924500465,0.0857381928563155,0.0544764218512807));
#2512=CARTESIAN_POINT('',(-0.0283516924500466,-0.00112218811081271,0.0539764218512809));
#2513=CARTESIAN_POINT('',(-0.0280183591167132,-0.00112218811081281,0.0543097551846142));
#2514=CARTESIAN_POINT('',(-0.0275183591167132,-0.00112218811081292,0.0544764218512809));
#2515=CARTESIAN_POINT('',(-0.0268516924500465,-0.00112218811081305,0.0544764218512809));
#2516=CARTESIAN_POINT('',(-0.0288516924500466,0.0857381928563116,0.0524764218512815));
#2517=CARTESIAN_POINT('',(-0.0288516924500466,0.0857381928563116,0.0494764218512803));
#2518=CARTESIAN_POINT('',(-0.0288516924500466,0.0870715261896449,0.0524764218512815));
#2519=CARTESIAN_POINT('',(-0.0288516924500466,0.0870715261896449,0.0494764218512803));
#2520=CARTESIAN_POINT('',(-0.0281850257833799,0.0877381928563117,0.0524764218512815));
#2521=CARTESIAN_POINT('',(-0.0281850257833799,0.0877381928563117,0.0494764218512803));
#2522=CARTESIAN_POINT('',(-0.0268516924500465,0.0877381928563118,0.0524764218512815));
#2523=CARTESIAN_POINT('',(-0.0268516924500465,0.0877381928563118,0.0494764218512803));
#2524=CARTESIAN_POINT('',(-0.0283516924500465,0.0872381928563117,0.0524764218512811));
#2525=CARTESIAN_POINT('',(-0.0280183591167132,0.087571526189645,0.052476421851281));
#2526=CARTESIAN_POINT('',(-0.0275183591167133,0.0877381928563117,0.052476421851281));
#2527=CARTESIAN_POINT('',(-0.0268516924500467,0.0877381928563118,0.0524764218512809));
#2528=CARTESIAN_POINT('',(-0.0281016924500465,-0.00237218811081319,0.053726421851281));
#2529=CARTESIAN_POINT('',(-0.0281433591167132,-0.00228885477747982,0.0537680885179477));
#2530=CARTESIAN_POINT('',(-0.0281801990765503,-0.00220044034107864,0.0538049284777848));
#2531=CARTESIAN_POINT('',(-0.0282428200762898,-0.00201308539089649,0.0538675494775243));
#2532=CARTESIAN_POINT('',(-0.0282686011161922,-0.00191414487711551,0.0538933305174266));
#2533=CARTESIAN_POINT('',(-0.0283272475965837,-0.00160098841283667,0.053951976997818));
#2534=CARTESIAN_POINT('',(-0.0283516924500466,-0.00137218811081279,0.0539764218512809));
#2535=CARTESIAN_POINT('',(-0.0283516924500466,-0.00112218811081271,0.0539764218512809));
#2536=CARTESIAN_POINT('',(-0.0280183591167132,-0.00241385477747987,0.0537680885179477));
#2537=CARTESIAN_POINT('',(-0.0280477740630162,-0.0023182697237828,0.0538391701309173));
#2538=CARTESIAN_POINT('',(-0.0280755719224797,-0.00221948822089354,0.0538956122572533));
#2539=CARTESIAN_POINT('',(-0.0281257245675757,-0.00201737330745758,0.0539829892180191));
#2540=CARTESIAN_POINT('',(-0.0281480631072754,-0.00191405401460837,0.0540139078067114));
#2541=CARTESIAN_POINT('',(-0.0282043920543538,-0.00160091135756658,0.0540748514460002));
#2542=CARTESIAN_POINT('',(-0.0282413728605964,-0.00137218875201122,0.0540867414407311));
#2543=CARTESIAN_POINT('',(-0.0282560407400618,-0.00112218811081265,0.0540720735612657));
#2544=CARTESIAN_POINT('',(-0.027929944680312,-0.00245069473731701,0.0538049284777848));
#2545=CARTESIAN_POINT('',(-0.0279489923998274,-0.00234606758317113,0.0538956122573287));
#2546=CARTESIAN_POINT('',(-0.0279687300260446,-0.00223922598499697,0.0539644551451044));
#2547=CARTESIAN_POINT('',(-0.0280070951436079,-0.00202540100083886,0.0540672275201492));
#2548=CARTESIAN_POINT('',(-0.028025698266055,-0.00191839636792272,0.0541012103611908));
#2549=CARTESIAN_POINT('',(-0.0280772944421087,-0.00160222781156807,0.054164910476755));
#2550=CARTESIAN_POINT('',(-0.028120809631342,-0.00137311484398329,0.0541712522288605));
#2551=CARTESIAN_POINT('',(-0.0281464701553479,-0.00112218811081272,0.0541535633971888));
#2552=CARTESIAN_POINT('',(-0.0277425897301299,-0.00251331573705654,0.0538675494775243));
#2553=CARTESIAN_POINT('',(-0.0277468770856427,-0.00239622022802731,0.0539829892183353));
#2554=CARTESIAN_POINT('',(-0.02775490455235,-0.00227759134169022,0.0540672273688813));
#2555=CARTESIAN_POINT('',(-0.027775465233588,-0.00204596176137658,0.0541894511521576));
#2556=CARTESIAN_POINT('',(-0.0277879679869951,-0.0019328474161626,0.0542276851920486));
#2557=CARTESIAN_POINT('',(-0.0278292568238945,-0.00160717717810477,0.0542983464340398));
#2558=CARTESIAN_POINT('',(-0.0278759074331474,-0.00137607092435426,0.0543013411138755));
#2559=CARTESIAN_POINT('',(-0.0279102783294628,-0.00112218811081279,0.0542854971555287));
#2560=CARTESIAN_POINT('',(-0.0276436492163489,-0.00253909677695892,0.0538933305174266));
#2561=CARTESIAN_POINT('',(-0.0276435575523439,-0.00241855876775715,0.0540139078069972));
#2562=CARTESIAN_POINT('',(-0.0276478999427429,-0.00229619456567304,0.0541012100454666));
#2563=CARTESIAN_POINT('',(-0.0276623519576218,-0.00205846436777429,0.0542276848340067));
#2564=CARTESIAN_POINT('',(-0.0276724331517196,-0.00194292768104666,0.0542672312451168));
#2565=CARTESIAN_POINT('',(-0.0277080610287151,-0.00161079384490203,0.054342383428217));
#2566=CARTESIAN_POINT('',(-0.0277513663215368,-0.00137810091275323,0.0543476501614482));
#2567=CARTESIAN_POINT('',(-0.0277839281452403,-0.00112218811081287,0.0543361596263716));
#2568=CARTESIAN_POINT('',(-0.0273304927520702,-0.00259774325735038,0.053951976997818));
#2569=CARTESIAN_POINT('',(-0.0273304144144032,-0.0024748877149581,0.0540748514461629));
#2570=CARTESIAN_POINT('',(-0.0273317299531842,-0.00234779100375862,0.0541649101700414));
#2571=CARTESIAN_POINT('',(-0.0273366779321747,-0.00209975264476176,0.0542983470754097));
#2572=CARTESIAN_POINT('',(-0.0273402941264515,-0.00197855260886881,0.0543423855069365));
#2573=CARTESIAN_POINT('',(-0.0273547030731777,-0.00162520398210947,0.0544350798388971));
#2574=CARTESIAN_POINT('',(-0.02737502622119,-0.00138472621491013,0.0544517288950768));
#2575=CARTESIAN_POINT('',(-0.0273944051670067,-0.0011221881108129,0.0544500111649321));
#2576=CARTESIAN_POINT('',(-0.0271016924500463,-0.00262218811081337,0.0539764218512809));
#2577=CARTESIAN_POINT('',(-0.0271016918088479,-0.0025118685213632,0.0540867414407311));
#2578=CARTESIAN_POINT('',(-0.0271026167721996,-0.00239130631096946,0.0541712516563815));
#2579=CARTESIAN_POINT('',(-0.0271055708235734,-0.00214640272230002,0.0543013413597062));
#2580=CARTESIAN_POINT('',(-0.0271075999115956,-0.00202185572026572,0.0543476520598994));
#2581=CARTESIAN_POINT('',(-0.0271142227360225,-0.00164552762104098,0.0544517270213041));
#2582=CARTESIAN_POINT('',(-0.0271193520327878,-0.00138985686562842,0.0544764218512809));
#2583=CARTESIAN_POINT('',(-0.027122207072314,-0.00112218811081305,0.0544764218512809));
#2584=CARTESIAN_POINT('',(-0.0268516924500462,-0.00262218811081343,0.0539764218512809));
#2585=CARTESIAN_POINT('',(-0.0268516924500462,-0.00252653640082865,0.0540720735612657));
#2586=CARTESIAN_POINT('',(-0.0268516924500463,-0.00241696692824791,0.0541535627073173));
#2587=CARTESIAN_POINT('',(-0.0268516924500463,-0.00218077410634546,0.0542854971593155));
#2588=CARTESIAN_POINT('',(-0.0268516924500463,-0.0020544182851616,0.0543361613322405));
#2589=CARTESIAN_POINT('',(-0.0268516924500465,-0.00166490792038756,0.0544500089074468));
#2590=CARTESIAN_POINT('',(-0.0268516924500465,-0.00139271327847964,0.0544764218512809));
#2591=CARTESIAN_POINT('',(-0.0268516924500465,-0.00112218811081305,0.0544764218512809));
#2592=CARTESIAN_POINT('',(-0.0268516924500465,-0.00112218811081305,0.0544764218512808));
#2593=CARTESIAN_POINT('',(-0.0268516924500144,-0.00178885477748089,0.0544764218512809));
#2594=CARTESIAN_POINT('',(-0.0268516924500143,-0.00228885477748151,0.0543097551846147));
#2595=CARTESIAN_POINT('',(-0.0268516924500462,-0.00262218811081491,0.0539764218512824));
#2596=CARTESIAN_POINT('',(-0.0281016924500466,0.086988192856312,0.0537264218512807));
#2597=CARTESIAN_POINT('',(-0.0281433591167132,0.0870298595229787,0.0536430885179474));
#2598=CARTESIAN_POINT('',(-0.0281801990765504,0.0870666994828158,0.0535546740815463));
#2599=CARTESIAN_POINT('',(-0.0282428200762898,0.0871293204825553,0.0533673191313643));
#2600=CARTESIAN_POINT('',(-0.0282686011161922,0.0871551015224576,0.0532683786175834));
#2601=CARTESIAN_POINT('',(-0.0283272475965836,0.087213748002849,0.0529552221533048));
#2602=CARTESIAN_POINT('',(-0.0283516924500465,0.0872381928563119,0.052726421851281));
#2603=CARTESIAN_POINT('',(-0.0283516924500465,0.0872381928563118,0.0524764218512811));
#2604=CARTESIAN_POINT('',(-0.0280183591167133,0.0870298595229787,0.0537680885179474));
#2605=CARTESIAN_POINT('',(-0.0280477740630162,0.0871009411359483,0.0536725034642504));
#2606=CARTESIAN_POINT('',(-0.0280755719224799,0.0871573832622843,0.0535737219613612));
#2607=CARTESIAN_POINT('',(-0.0281257245675758,0.08724476022305,0.0533716070479254));
#2608=CARTESIAN_POINT('',(-0.0281480631072754,0.0872756788117423,0.0532682877550763));
#2609=CARTESIAN_POINT('',(-0.0282043920543539,0.0873366224510312,0.0529551450980347));
#2610=CARTESIAN_POINT('',(-0.0282413728605965,0.087348512445762,0.0527264224924795));
#2611=CARTESIAN_POINT('',(-0.0282560407400618,0.0873338445662966,0.0524764218512811));
#2612=CARTESIAN_POINT('',(-0.0279299446803122,0.0870666994828158,0.0538049284777845));
#2613=CARTESIAN_POINT('',(-0.0279489923998275,0.0871573832623597,0.0537003013236387));
#2614=CARTESIAN_POINT('',(-0.0279687300260448,0.0872262261501354,0.0535934597254646));
#2615=CARTESIAN_POINT('',(-0.028007095143608,0.0873289985251801,0.0533796347413066));
#2616=CARTESIAN_POINT('',(-0.028025698266055,0.0873629813662217,0.0532726301083906));
#2617=CARTESIAN_POINT('',(-0.0280772944421088,0.087426681481786,0.0529564615520361));
#2618=CARTESIAN_POINT('',(-0.028120809631342,0.0874330232338914,0.0527273485844515));
#2619=CARTESIAN_POINT('',(-0.0281464701553479,0.0874153344022197,0.0524764218512811));
#2620=CARTESIAN_POINT('',(-0.0277425897301301,0.0871293204825552,0.053867549477524));
#2621=CARTESIAN_POINT('',(-0.027746877085643,0.0872447602233662,0.0537504539684948));
#2622=CARTESIAN_POINT('',(-0.0277549045523501,0.0873289983739123,0.0536318250821578));
#2623=CARTESIAN_POINT('',(-0.0277754652335881,0.0874512221571885,0.0534001955018443));
#2624=CARTESIAN_POINT('',(-0.0277879679869953,0.0874894561970795,0.0532870811566304));
#2625=CARTESIAN_POINT('',(-0.0278292568238946,0.0875601174390708,0.0529614109185728));
#2626=CARTESIAN_POINT('',(-0.0278759074331474,0.0875631121189064,0.0527303046648223));
#2627=CARTESIAN_POINT('',(-0.0279102783294628,0.0875472681605597,0.052476421851281));
#2628=CARTESIAN_POINT('',(-0.0276436492163492,0.0871551015224576,0.0538933305174263));
#2629=CARTESIAN_POINT('',(-0.0276435575523442,0.0872756788120281,0.0537727925082246));
#2630=CARTESIAN_POINT('',(-0.0276478999427432,0.0873629810504975,0.0536504283061406));
#2631=CARTESIAN_POINT('',(-0.027662351957622,0.0874894558390376,0.053412698108242));
#2632=CARTESIAN_POINT('',(-0.0276724331517199,0.0875290022501477,0.0532971614215144));
#2633=CARTESIAN_POINT('',(-0.0277080610287152,0.0876041544332479,0.05296502758537));
#2634=CARTESIAN_POINT('',(-0.0277513663215369,0.0876094211664792,0.0527323346532212));
#2635=CARTESIAN_POINT('',(-0.0277839281452403,0.0875979306314025,0.052476421851281));
#2636=CARTESIAN_POINT('',(-0.0273304927520706,0.087213748002849,0.0539519769978177));
#2637=CARTESIAN_POINT('',(-0.0273304144144036,0.0873366224511938,0.0538291214554255));
#2638=CARTESIAN_POINT('',(-0.0273317299531847,0.0874266811750723,0.0537020247442261));
#2639=CARTESIAN_POINT('',(-0.0273366779321751,0.0875601180804405,0.0534539863852294));
#2640=CARTESIAN_POINT('',(-0.0273402941264519,0.0876041565119674,0.0533327863493365));
#2641=CARTESIAN_POINT('',(-0.0273547030731779,0.087696850843928,0.0529794377225774));
#2642=CARTESIAN_POINT('',(-0.0273750262211902,0.0877134999001077,0.0527389599553781));
#2643=CARTESIAN_POINT('',(-0.0273944051670069,0.087711782169963,0.052476421851281));
#2644=CARTESIAN_POINT('',(-0.0271016924500469,0.0872381928563118,0.0539764218512807));
#2645=CARTESIAN_POINT('',(-0.0271016918088484,0.087348512445762,0.0538661022618305));
#2646=CARTESIAN_POINT('',(-0.0271026167722001,0.0874330226614124,0.0537455400514369));
#2647=CARTESIAN_POINT('',(-0.0271055708235739,0.087563112364737,0.0535006364627676));
#2648=CARTESIAN_POINT('',(-0.0271075999115961,0.0876094230649303,0.0533760894607333));
#2649=CARTESIAN_POINT('',(-0.0271142227360227,0.087713498026335,0.0529997613615088));
#2650=CARTESIAN_POINT('',(-0.0271193520327882,0.0877381928563118,0.0527440906060963));
#2651=CARTESIAN_POINT('',(-0.0271222070723143,0.0877381928563118,0.0524764218512809));
#2652=CARTESIAN_POINT('',(-0.0268516924500469,0.0872381928563118,0.0539764218512807));
#2653=CARTESIAN_POINT('',(-0.0268516924500469,0.0873338445662966,0.0538807701412959));
#2654=CARTESIAN_POINT('',(-0.0268516924500469,0.0874153337123482,0.0537712006687152));
#2655=CARTESIAN_POINT('',(-0.0268516924500469,0.0875472681643464,0.0535350078468129));
#2656=CARTESIAN_POINT('',(-0.0268516924500469,0.0875979323372714,0.0534086520256291));
#2657=CARTESIAN_POINT('',(-0.0268516924500467,0.0877117799124777,0.0530191416608553));
#2658=CARTESIAN_POINT('',(-0.0268516924500467,0.0877381928563118,0.0527469470189475));
#2659=CARTESIAN_POINT('',(-0.0268516924500467,0.0877381928563118,0.0524764218512809));
#2660=CARTESIAN_POINT('',(-0.0268516924500467,0.0877381928563118,0.0524764218512809));
#2661=CARTESIAN_POINT('',(-0.0268516924500468,0.0877381928563118,0.0531430885179475));
#2662=CARTESIAN_POINT('',(-0.0268516924500469,0.0875715261896451,0.0536430885179474));
#2663=CARTESIAN_POINT('',(-0.026851692450047,0.0872381928563118,0.0539764218512807));
#2664=CARTESIAN_POINT('',(0.0857795575499534,-0.00112218811081339,0.0524764218512818));
#2665=CARTESIAN_POINT('',(0.0857795575499534,-0.0011221881108134,0.0494764218512806));
#2666=CARTESIAN_POINT('',(0.0857795575499535,-0.00245552144414674,0.0524764218512818));
#2667=CARTESIAN_POINT('',(0.0857795575499535,-0.00245552144414675,0.0494764218512806));
#2668=CARTESIAN_POINT('',(0.0851128908832866,-0.00312218811081342,0.0524764218512818));
#2669=CARTESIAN_POINT('',(0.0851128908832866,-0.00312218811081343,0.0494764218512806));
#2670=CARTESIAN_POINT('',(0.0837795575499534,-0.00312218811081344,0.0524764218512818));
#2671=CARTESIAN_POINT('',(0.0837795575499534,-0.00312218811081344,0.0494764218512806));
#2672=CARTESIAN_POINT('',(0.0837795575499547,-0.00312218811081344,0.052476421851281));
#2673=CARTESIAN_POINT('',(-0.0268516924501422,-0.00312218811081344,0.0524764218512808));
#2674=CARTESIAN_POINT('',(0.0837795575500827,-0.00312218811081745,0.0538097551846145));
#2675=CARTESIAN_POINT('',(-0.0268516924500143,-0.00312218811081745,0.0538097551846144));
#2676=CARTESIAN_POINT('',(0.0837795575500827,-0.00245552144415065,0.0544764218512811));
#2677=CARTESIAN_POINT('',(-0.0268516924500142,-0.00245552144415065,0.0544764218512809));
#2678=CARTESIAN_POINT('',(0.0837795575499547,-0.00112218811081305,0.054476421851281));
#2679=CARTESIAN_POINT('',(-0.0268516924501423,-0.00112218811081305,0.0544764218512808));
#2680=CARTESIAN_POINT('',(0.0837795575499538,-0.00262218811081495,0.0539764218512825));
#2681=CARTESIAN_POINT('',(0.0837795575499856,-0.00228885477748167,0.0543097551846148));
#2682=CARTESIAN_POINT('',(0.0837795575499855,-0.00178885477748129,0.0544764218512809));
#2683=CARTESIAN_POINT('',(0.0837795575499533,-0.0011221881108138,0.054476421851281));
#2684=CARTESIAN_POINT('',(-0.0268516924500474,0.0877381928563118,0.0524764218512806));
#2685=CARTESIAN_POINT('',(0.0837795575499543,0.0877381928563118,0.0524764218512807));
#2686=CARTESIAN_POINT('',(-0.0268516924500474,0.0877381928563119,0.0538097551846141));
#2687=CARTESIAN_POINT('',(0.0837795575499543,0.0877381928563119,0.0538097551846143));
#2688=CARTESIAN_POINT('',(-0.0268516924500473,0.087071526189645,0.0544764218512808));
#2689=CARTESIAN_POINT('',(0.0837795575499544,0.087071526189645,0.0544764218512809));
#2690=CARTESIAN_POINT('',(-0.0268516924500474,0.0857381928563113,0.0544764218512806));
#2691=CARTESIAN_POINT('',(0.0837795575499543,0.0857381928563113,0.0544764218512808));
#2692=CARTESIAN_POINT('',(0.0857795575499535,0.0857381928563113,0.0494764218512804));
#2693=CARTESIAN_POINT('',(0.0857795575499535,0.0857381928563113,0.0524764218512817));
#2694=CARTESIAN_POINT('',(0.0857795575499536,0.0870715261896452,0.0494764218512804));
#2695=CARTESIAN_POINT('',(0.0857795575499536,0.0870715261896452,0.0524764218512817));
#2696=CARTESIAN_POINT('',(0.0851128908832868,0.087738192856312,0.0494764218512804));
#2697=CARTESIAN_POINT('',(0.0851128908832868,0.087738192856312,0.0524764218512817));
#2698=CARTESIAN_POINT('',(0.0837795575499529,0.0877381928563118,0.0494764218512804));
#2699=CARTESIAN_POINT('',(0.0837795575499529,0.0877381928563118,0.0524764218512817));
#2700=CARTESIAN_POINT('',(0.0852795575499535,0.0872381928563118,0.0524764218512812));
#2701=CARTESIAN_POINT('',(0.0856128908832869,0.0869048595229784,0.0524764218512811));
#2702=CARTESIAN_POINT('',(0.0857795575499535,0.0864048595229782,0.0524764218512811));
#2703=CARTESIAN_POINT('',(0.0857795575499535,0.0857381928563113,0.052476421851281));
#2704=CARTESIAN_POINT('',(0.0850295575499534,-0.0023721881108136,0.053726421851281));
#2705=CARTESIAN_POINT('',(0.0849462242166201,-0.00241385477748025,0.0537680885179477));
#2706=CARTESIAN_POINT('',(0.084857809780219,-0.00245069473731736,0.0538049284777848));
#2707=CARTESIAN_POINT('',(0.084670454830037,-0.00251331573705682,0.0538675494775242));
#2708=CARTESIAN_POINT('',(0.0845715143162561,-0.00253909677695917,0.0538933305174266));
#2709=CARTESIAN_POINT('',(0.0842583578519775,-0.00259774325735053,0.053951976997818));
#2710=CARTESIAN_POINT('',(0.0840295575499537,-0.00262218811081344,0.053976421851281));
#2711=CARTESIAN_POINT('',(0.0837795575499538,-0.00262218811081343,0.053976421851281));
#2712=CARTESIAN_POINT('',(0.0850712242166201,-0.00228885477748031,0.0537680885179477));
#2713=CARTESIAN_POINT('',(0.0849756391629231,-0.00231826972378329,0.0538391701309173));
#2714=CARTESIAN_POINT('',(0.0848768576600339,-0.00234606758324685,0.0538956122572533));
#2715=CARTESIAN_POINT('',(0.0846747427465981,-0.00239622022834273,0.0539829892180191));
#2716=CARTESIAN_POINT('',(0.084571423453749,-0.00241855876804242,0.0540139078067114));
#2717=CARTESIAN_POINT('',(0.0842582807967074,-0.00247488771512079,0.0540748514460002));
#2718=CARTESIAN_POINT('',(0.0840295581911521,-0.00251186852136329,0.0540867414407311));
#2719=CARTESIAN_POINT('',(0.0837795575499537,-0.00252653640082864,0.0540720735612658));
#2720=CARTESIAN_POINT('',(0.0851080641764573,-0.00220044034107921,0.0538049284777848));
#2721=CARTESIAN_POINT('',(0.0850034370223114,-0.00221948806059458,0.0538956122573287));
#2722=CARTESIAN_POINT('',(0.0848965954241373,-0.00223922568681183,0.0539644551451044));
#2723=CARTESIAN_POINT('',(0.0846827704399794,-0.00227759080437503,0.0540672275201492));
#2724=CARTESIAN_POINT('',(0.0845757658070633,-0.00229619392682204,0.0541012103611908));
#2725=CARTESIAN_POINT('',(0.0842595972507089,-0.00234779010287573,0.0541649104767551));
#2726=CARTESIAN_POINT('',(0.0840304842831242,-0.00239130529210894,0.0541712522288604));
#2727=CARTESIAN_POINT('',(0.0837795575499538,-0.00241696581611477,0.0541535633971889));
#2728=CARTESIAN_POINT('',(0.0851706851761968,-0.00201308539089724,0.0538675494775243));
#2729=CARTESIAN_POINT('',(0.0850535896671676,-0.00201737274641005,0.0539829892183353));
#2730=CARTESIAN_POINT('',(0.0849349607808305,-0.00202540021311726,0.0540672273688813));
#2731=CARTESIAN_POINT('',(0.084703331200517,-0.00204596089435525,0.0541894511521575));
#2732=CARTESIAN_POINT('',(0.0845902168553031,-0.00205846364776236,0.0542276851920486));
#2733=CARTESIAN_POINT('',(0.0842645466172453,-0.00209975248466163,0.0542983464340399));
#2734=CARTESIAN_POINT('',(0.0840334403634948,-0.00214640309391437,0.0543013411138756));
#2735=CARTESIAN_POINT('',(0.0837795575499535,-0.00218077399022974,0.0542854971555288));
#2736=CARTESIAN_POINT('',(0.0851964662160991,-0.00191414487711635,0.0538933305174266));
#2737=CARTESIAN_POINT('',(0.0850759282068974,-0.00191405321311134,0.0540139078069972));
#2738=CARTESIAN_POINT('',(0.0849535640048134,-0.00191839560351029,0.0541012100454665));
#2739=CARTESIAN_POINT('',(0.0847158338069147,-0.00193284761838912,0.0542276848340067));
#2740=CARTESIAN_POINT('',(0.0846002971201871,-0.00194292881248692,0.0542672312451168));
#2741=CARTESIAN_POINT('',(0.0842681632840426,-0.00197855668948226,0.054342383428217));
#2742=CARTESIAN_POINT('',(0.0840354703518939,-0.00202186198230389,0.0543476501614482));
#2743=CARTESIAN_POINT('',(0.0837795575499536,-0.00205442380600729,0.0543361596263716));
#2744=CARTESIAN_POINT('',(0.0852551126964905,-0.00160098841283778,0.053951976997818));
#2745=CARTESIAN_POINT('',(0.0851322571540982,-0.00160091007517079,0.0540748514461629));
#2746=CARTESIAN_POINT('',(0.0850051604428989,-0.00160222561395183,0.0541649101700413));
#2747=CARTESIAN_POINT('',(0.084757122083902,-0.00160717359294226,0.0542983470754097));
#2748=CARTESIAN_POINT('',(0.0846359220480092,-0.00161078978721902,0.0543423855069365));
#2749=CARTESIAN_POINT('',(0.0842825734212499,-0.00162519873394498,0.0544350798388971));
#2750=CARTESIAN_POINT('',(0.0840420956540505,-0.00164552188195721,0.0544517288950768));
#2751=CARTESIAN_POINT('',(0.0837795575499533,-0.0016649008277739,0.0544500111649321));
#2752=CARTESIAN_POINT('',(0.0852795575499534,-0.00137218811081408,0.0539764218512809));
#2753=CARTESIAN_POINT('',(0.0851692379605032,-0.00137218746961562,0.0540867414407311));
#2754=CARTESIAN_POINT('',(0.0850486757501097,-0.00137311243296731,0.0541712516563814));
#2755=CARTESIAN_POINT('',(0.0848037721614401,-0.00137606648434108,0.0543013413597062));
#2756=CARTESIAN_POINT('',(0.084679225159406,-0.00137809557236313,0.0543476520598994));
#2757=CARTESIAN_POINT('',(0.0843028970601813,-0.0013847183967899,0.0544517270213041));
#2758=CARTESIAN_POINT('',(0.0840472263047688,-0.00138984769355518,0.054476421851281));
#2759=CARTESIAN_POINT('',(0.0837795575499534,-0.00139270273308133,0.054476421851281));
#2760=CARTESIAN_POINT('',(0.0852795575499534,-0.00112218811081419,0.0539764218512809));
#2761=CARTESIAN_POINT('',(0.0851839058399686,-0.00112218811081419,0.0540720735612658));
#2762=CARTESIAN_POINT('',(0.085074336367388,-0.00112218811081415,0.0541535627073173));
#2763=CARTESIAN_POINT('',(0.0848381435454854,-0.00112218811081408,0.0542854971593156));
#2764=CARTESIAN_POINT('',(0.0847117877243017,-0.00112218811081403,0.0543361613322406));
#2765=CARTESIAN_POINT('',(0.0843222773595278,-0.00112218811081389,0.0544500089074468));
#2766=CARTESIAN_POINT('',(0.08405008271762,-0.0011221881108138,0.054476421851281));
#2767=CARTESIAN_POINT('',(0.0837795575499533,-0.0011221881108138,0.054476421851281));
#2768=CARTESIAN_POINT('',(0.0837795575499533,-0.00112218811081379,0.054476421851281));
#2769=CARTESIAN_POINT('',(0.0844462242166201,-0.00112218811083902,0.054476421851281));
#2770=CARTESIAN_POINT('',(0.0849462242166202,-0.00112218811083915,0.0543097551846144));
#2771=CARTESIAN_POINT('',(0.0852795575499535,-0.00112218811081419,0.053976421851281));
#2772=CARTESIAN_POINT('',(0.0850295575499534,0.0869881928563116,0.0537264218512809));
#2773=CARTESIAN_POINT('',(0.0850712242166201,0.0870298595229783,0.0536430885179476));
#2774=CARTESIAN_POINT('',(0.0851080641764573,0.0870666994828154,0.0535546740815465));
#2775=CARTESIAN_POINT('',(0.0851706851761968,0.087129320482555,0.0533673191313645));
#2776=CARTESIAN_POINT('',(0.0851964662160992,0.0871551015224573,0.0532683786175836));
#2777=CARTESIAN_POINT('',(0.0852551126964906,0.0872137480028488,0.0529552221533049));
#2778=CARTESIAN_POINT('',(0.0852795575499535,0.0872381928563118,0.0527264218512812));
#2779=CARTESIAN_POINT('',(0.0852795575499535,0.0872381928563118,0.0524764218512812));
#2780=CARTESIAN_POINT('',(0.0850712242166201,0.0869048595229782,0.0537680885179476));
#2781=CARTESIAN_POINT('',(0.0851423058295897,0.0869342744692812,0.0536725034642506));
#2782=CARTESIAN_POINT('',(0.0851987479559258,0.0869620723287448,0.0535737219613614));
#2783=CARTESIAN_POINT('',(0.0852861249166916,0.0870122249738408,0.0533716070479256));
#2784=CARTESIAN_POINT('',(0.085317043505384,0.0870345635135405,0.0532682877550765));
#2785=CARTESIAN_POINT('',(0.0853779871446729,0.087090892460619,0.0529551450980349));
#2786=CARTESIAN_POINT('',(0.0853898771394037,0.0871278732668616,0.0527264224924796));
#2787=CARTESIAN_POINT('',(0.0853752092599383,0.087142541146327,0.0524764218512812));
#2788=CARTESIAN_POINT('',(0.0851080641764572,0.086816445086577,0.0538049284777847));
#2789=CARTESIAN_POINT('',(0.0851987479560011,0.0868354928060924,0.0537003013236389));
#2790=CARTESIAN_POINT('',(0.085267590843777,0.0868552304323096,0.0535934597254648));
#2791=CARTESIAN_POINT('',(0.0853703632188218,0.0868935955498729,0.0533796347413068));
#2792=CARTESIAN_POINT('',(0.0854043460598634,0.08691219867232,0.0532726301083908));
#2793=CARTESIAN_POINT('',(0.0854680461754277,0.0869637948483738,0.0529564615520363));
#2794=CARTESIAN_POINT('',(0.085474387927533,0.0870073100376071,0.0527273485844516));
#2795=CARTESIAN_POINT('',(0.0854566990958614,0.087032970561613,0.0524764218512812));
#2796=CARTESIAN_POINT('',(0.0851706851761967,0.0866290901363948,0.0538675494775242));
#2797=CARTESIAN_POINT('',(0.0852861249170078,0.0866333774919076,0.053750453968495));
#2798=CARTESIAN_POINT('',(0.0853703630675539,0.0866414049586149,0.053631825082158));
#2799=CARTESIAN_POINT('',(0.0854925868508301,0.0866619656398529,0.0534001955018445));
#2800=CARTESIAN_POINT('',(0.0855308208907213,0.0866744683932601,0.0532870811566306));
#2801=CARTESIAN_POINT('',(0.0856014821327125,0.0867157572301595,0.0529614109185729));
#2802=CARTESIAN_POINT('',(0.0856044768125481,0.0867624078394124,0.0527303046648225));
#2803=CARTESIAN_POINT('',(0.0855886328542012,0.0867967787357279,0.0524764218512812));
#2804=CARTESIAN_POINT('',(0.0851964662160991,0.0865301496226138,0.0538933305174265));
#2805=CARTESIAN_POINT('',(0.0853170435056697,0.0865300579586088,0.0537727925082248));
#2806=CARTESIAN_POINT('',(0.0854043457441391,0.0865344003490077,0.0536504283061408));
#2807=CARTESIAN_POINT('',(0.0855308205326793,0.0865488523638867,0.0534126981082421));
#2808=CARTESIAN_POINT('',(0.0855703669437894,0.0865589335579845,0.0532971614215146));
#2809=CARTESIAN_POINT('',(0.0856455191268896,0.0865945614349801,0.0529650275853701));
#2810=CARTESIAN_POINT('',(0.0856507858601208,0.0866378667278018,0.0527323346532214));
#2811=CARTESIAN_POINT('',(0.0856392953250441,0.0866704285515053,0.0524764218512811));
#2812=CARTESIAN_POINT('',(0.0852551126964905,0.0862169931583349,0.0539519769978179));
#2813=CARTESIAN_POINT('',(0.0853779871448354,0.0862169148206678,0.0538291214554257));
#2814=CARTESIAN_POINT('',(0.0854680458687139,0.0862182303594489,0.0537020247442262));
#2815=CARTESIAN_POINT('',(0.0856014827740823,0.0862231783384395,0.0534539863852295));
#2816=CARTESIAN_POINT('',(0.0856455212056091,0.0862267945327164,0.0533327863493366));
#2817=CARTESIAN_POINT('',(0.0857382155375697,0.0862412034794425,0.0529794377225774));
#2818=CARTESIAN_POINT('',(0.0857548645937493,0.0862615266274548,0.0527389599553782));
#2819=CARTESIAN_POINT('',(0.0857531468636046,0.0862809055732715,0.052476421851281));
#2820=CARTESIAN_POINT('',(0.0852795575499534,0.0859881928563109,0.0539764218512808));
#2821=CARTESIAN_POINT('',(0.0853898771394036,0.0859881922151124,0.0538661022618307));
#2822=CARTESIAN_POINT('',(0.085474387355054,0.0859891171784642,0.0537455400514369));
#2823=CARTESIAN_POINT('',(0.0856044770583787,0.0859920712298381,0.0535006364627676));
#2824=CARTESIAN_POINT('',(0.085650787758572,0.0859941003178603,0.0533760894607334));
#2825=CARTESIAN_POINT('',(0.0857548627199767,0.0860007231422872,0.0529997613615088));
#2826=CARTESIAN_POINT('',(0.0857795575499535,0.0860058524390527,0.0527440906060964));
#2827=CARTESIAN_POINT('',(0.0857795575499535,0.0860087074785788,0.052476421851281));
#2828=CARTESIAN_POINT('',(0.0852795575499535,0.0857381928563108,0.0539764218512808));
#2829=CARTESIAN_POINT('',(0.0853752092599382,0.0857381928563107,0.053880770141296));
#2830=CARTESIAN_POINT('',(0.0854566984059898,0.0857381928563107,0.0537712006687153));
#2831=CARTESIAN_POINT('',(0.085588632857988,0.0857381928563109,0.0535350078468129));
#2832=CARTESIAN_POINT('',(0.0856392970309131,0.085738192856311,0.0534086520256292));
#2833=CARTESIAN_POINT('',(0.0857531446061194,0.0857381928563112,0.0530191416608553));
#2834=CARTESIAN_POINT('',(0.0857795575499535,0.0857381928563113,0.0527469470189476));
#2835=CARTESIAN_POINT('',(0.0857795575499535,0.0857381928563113,0.052476421851281));
#2836=CARTESIAN_POINT('',(0.0857795575499534,0.0857381928563113,0.052476421851281));
#2837=CARTESIAN_POINT('',(0.0857795575499534,0.0857381928562861,0.0531430885179476));
#2838=CARTESIAN_POINT('',(0.0856128908832868,0.0857381928562859,0.0536430885179475));
#2839=CARTESIAN_POINT('',(0.0852795575499535,0.0857381928563108,0.0539764218512808));
#2840=CARTESIAN_POINT('',(0.0857795575499534,0.0857381928563861,0.0524764218512807));
#2841=CARTESIAN_POINT('',(0.0857795575499534,-0.00112218811081459,0.052476421851281));
#2842=CARTESIAN_POINT('',(0.0857795575499535,0.0857381928562857,0.0538097551846143));
#2843=CARTESIAN_POINT('',(0.0857795575499535,-0.00112218811091494,0.0538097551846145));
#2844=CARTESIAN_POINT('',(0.0851128908832869,0.0857381928562857,0.0544764218512808));
#2845=CARTESIAN_POINT('',(0.0851128908832869,-0.00112218811091494,0.0544764218512811));
#2846=CARTESIAN_POINT('',(0.0837795575499533,0.0857381928563861,0.0544764218512807));
#2847=CARTESIAN_POINT('',(0.0837795575499533,-0.0011221881108146,0.054476421851281));
#2848=CARTESIAN_POINT('',(-0.00673660662896919,0.0779511928563119,0.0534764218512807));
#2849=CARTESIAN_POINT('',(-0.00619182814311937,0.0779511928563119,0.0534764218512807));
#2850=CARTESIAN_POINT('',(-0.00619182814311937,0.0779511928563119,0.0534764218512807));
#2851=CARTESIAN_POINT('',(-0.00673660662896919,0.0779511928563119,0.0534764218512807));
#2852=CARTESIAN_POINT('',(-0.00728138511481901,0.0779511928563119,0.0534764218512807));
#2853=CARTESIAN_POINT('',(-0.00728138511481901,0.0779511928563119,0.0534764218512807));
#2854=CARTESIAN_POINT('',(-0.00634291391073985,0.0783004511655048,0.0534764218512807));
#2855=CARTESIAN_POINT('',(-0.00715751441112365,0.0801835272348962,0.0534764218512807));
#2856=CARTESIAN_POINT('',(-0.00715751441112365,0.0801835272348962,0.0534764218512807));
#2857=CARTESIAN_POINT('',(-0.00634291391073985,0.0783004511655048,0.0534764218512807));
#2858=CARTESIAN_POINT('',(-0.00878263185466126,0.0801835272348962,0.0534764218512807));
#2859=CARTESIAN_POINT('',(-0.0104077492981989,0.0801835272348962,0.0534764218512807));
#2860=CARTESIAN_POINT('',(-0.0104077492981989,0.0801835272348962,0.0534764218512807));
#2861=CARTESIAN_POINT('',(-0.00878263185466126,0.0801835272348962,0.0534764218512807));
#2862=CARTESIAN_POINT('',(-0.0106742972666406,0.0795673600456041,0.0534764218512807));
#2863=CARTESIAN_POINT('',(-0.0109408452350823,0.0789511928563119,0.0534764218512807));
#2864=CARTESIAN_POINT('',(-0.0109408452350823,0.0789511928563119,0.0534764218512807));
#2865=CARTESIAN_POINT('',(-0.0106742972666406,0.0795673600456041,0.0534764218512807));
#2866=CARTESIAN_POINT('',(-0.0120198671935349,0.0789511928563119,0.0534764218512807));
#2867=CARTESIAN_POINT('',(-0.0130988891519875,0.0789511928563119,0.0534764218512807));
#2868=CARTESIAN_POINT('',(-0.0130988891519875,0.0789511928563119,0.0534764218512807));
#2869=CARTESIAN_POINT('',(-0.0120198671935349,0.0789511928563119,0.0534764218512807));
#2870=CARTESIAN_POINT('',(-0.014014136442248,0.0810217010097505,0.0534764218512807));
#2871=CARTESIAN_POINT('',(-0.0149293837325085,0.083092209163189,0.0534764218512807));
#2872=CARTESIAN_POINT('',(-0.0149293837325085,0.083092209163189,0.0534764218512807));
#2873=CARTESIAN_POINT('',(-0.014014136442248,0.0810217010097505,0.0534764218512807));
#2874=CARTESIAN_POINT('',(-0.0152542708333484,0.083092209163189,0.0534764218512807));
#2875=CARTESIAN_POINT('',(-0.0155791579341885,0.083092209163189,0.0534764218512807));
#2876=CARTESIAN_POINT('',(-0.0155791579341885,0.083092209163189,0.0534764218512807));
#2877=CARTESIAN_POINT('',(-0.0152542708333484,0.083092209163189,0.0534764218512807));
#2878=CARTESIAN_POINT('',(-0.0164348536313833,0.0811564209486183,0.0534764218512807));
#2879=CARTESIAN_POINT('',(-0.0178516924500467,0.0779511928563119,0.0534764218512807));
#2880=CARTESIAN_POINT('',(-0.0178516924500467,0.0779511928563119,0.0534764218512807));
#2881=CARTESIAN_POINT('',(-0.0164348536313833,0.0811564209486183,0.0534764218512807));
#2882=CARTESIAN_POINT('',(-0.0173050208611487,0.0779511928563119,0.0534764218512807));
#2883=CARTESIAN_POINT('',(-0.0167583492722508,0.0779511928563119,0.0534764218512807));
#2884=CARTESIAN_POINT('',(-0.0167583492722508,0.0779511928563119,0.0534764218512807));
#2885=CARTESIAN_POINT('',(-0.0173050208611487,0.0779511928563119,0.0534764218512807));
#2886=CARTESIAN_POINT('',(-0.0160063100527996,0.0796524853399376,0.0534764218512807));
#2887=CARTESIAN_POINT('',(-0.0152542708333485,0.0813537778235632,0.0534764218512807));
#2888=CARTESIAN_POINT('',(-0.0152542708333485,0.0813537778235632,0.0534764218512807));
#2889=CARTESIAN_POINT('',(-0.0160063100527996,0.0796524853399376,0.0534764218512807));
#2890=CARTESIAN_POINT('',(-0.0145022316138974,0.0796524853399376,0.0534764218512807));
#2891=CARTESIAN_POINT('',(-0.0137501923944464,0.0779511928563119,0.0534764218512807));
#2892=CARTESIAN_POINT('',(-0.0137501923944464,0.0779511928563119,0.0534764218512807));
#2893=CARTESIAN_POINT('',(-0.0145022316138974,0.0796524853399376,0.0534764218512807));
#2894=CARTESIAN_POINT('',(-0.012017035494475,0.0779511928563119,0.0534764218512807));
#2895=CARTESIAN_POINT('',(-0.0102838785945035,0.0779511928563119,0.0534764218512807));
#2896=CARTESIAN_POINT('',(-0.0102838785945035,0.0779511928563119,0.0534764218512807));
#2897=CARTESIAN_POINT('',(-0.012017035494475,0.0779511928563119,0.0534764218512807));
#2898=CARTESIAN_POINT('',(-0.0100173306260618,0.0785673600456041,0.0534764218512807));
#2899=CARTESIAN_POINT('',(-0.00975078265762012,0.0791835272348962,0.0534764218512807));
#2900=CARTESIAN_POINT('',(-0.00975078265762012,0.0791835272348962,0.0534764218512807));
#2901=CARTESIAN_POINT('',(-0.0100173306260618,0.0785673600456041,0.0534764218512807));
#2902=CARTESIAN_POINT('',(-0.00878263185466126,0.0791835272348962,0.0534764218512807));
#2903=CARTESIAN_POINT('',(-0.00781448105170241,0.0791835272348962,0.0534764218512807));
#2904=CARTESIAN_POINT('',(-0.00781448105170241,0.0791835272348962,0.0534764218512807));
#2905=CARTESIAN_POINT('',(-0.00878263185466126,0.0791835272348962,0.0534764218512807));
#2906=CARTESIAN_POINT('',(-0.0075479330832607,0.0785673600456041,0.0534764218512807));
#2907=CARTESIAN_POINT('',(-0.0075479330832607,0.0785673600456041,0.0534764218512807));
#2908=CARTESIAN_POINT('',(0.0284639325499535,0.0423080023727505,0.0534764218512808));
#2909=MECHANICAL_DESIGN_GEOMETRIC_PRESENTATION_REPRESENTATION('',(#1242),
#2910);
#2910=(
GEOMETRIC_REPRESENTATION_CONTEXT(3)
GLOBAL_UNCERTAINTY_ASSIGNED_CONTEXT((#2911))
GLOBAL_UNIT_ASSIGNED_CONTEXT((#2914,#2913,#2912))
REPRESENTATION_CONTEXT('Part 2','TOP_LEVEL_ASSEMBLY_PART')
);
#2911=UNCERTAINTY_MEASURE_WITH_UNIT(LENGTH_MEASURE(2.E-5),#2914,
'DISTANCE_ACCURACY_VALUE','Maximum Tolerance applied to model');
#2912=(
NAMED_UNIT(*)
SI_UNIT($,.STERADIAN.)
SOLID_ANGLE_UNIT()
);
#2913=(
NAMED_UNIT(*)
PLANE_ANGLE_UNIT()
SI_UNIT($,.RADIAN.)
);
#2914=(
LENGTH_UNIT()
NAMED_UNIT(*)
SI_UNIT($,.METRE.)
);
#2915=PRODUCT_DEFINITION_SHAPE('','',#2916);
#2916=PRODUCT_DEFINITION('','',#2918,#2917);
#2917=PRODUCT_DEFINITION_CONTEXT('',#2924,'design');
#2918=PRODUCT_DEFINITION_FORMATION_WITH_SPECIFIED_SOURCE('','',#2920,
 .NOT_KNOWN.);
#2919=PRODUCT_RELATED_PRODUCT_CATEGORY('','',(#2920));
#2920=PRODUCT('Part 2','Part 2','Part 2',(#2922));
#2921=PRODUCT_CATEGORY('','');
#2922=PRODUCT_CONTEXT('',#2924,'mechanical');
#2923=APPLICATION_PROTOCOL_DEFINITION('international standard',
'ap242_managed_model_based_3d_engineering',2020,#2924);
#2924=APPLICATION_CONTEXT('managed model based 3d engineering');
ENDSEC;
END-ISO-10303-21;
